lab,age_group,method,nae,d_z,n,d_z_var,mean_age,prop_monolingual,modal_lang1,mean_lang1_exposure,prop_preterm,prop_curr_earinfection,prop_hearing_vision,prop_cognitive_developmental,prop_nae,num_trials,participant_design,presentation,response_mode,setting,speaker,speaker_experience,speaker_fam,speaker_female,speech_type
babylabbrookes,3-6 mo,singlescreen,FALSE,0.6740790358229655,20,0.10567978183170024,138.88888888888889,1,english,100,NA,0,0,0,0,16,within_two,tape recording,eye-tracking,laboratory,unfamiliar mother,1,0,1,naturalistic
babylabshimane,3-6 mo,eyetracking,FALSE,-0.08307920348072037,13,0.15397888757790368,145.87755102040816,1,japanese,99.85714285714286,NA,0,0,0,0,16,within_two,tape recording,eye-tracking,laboratory,unfamiliar mother,1,0,1,naturalistic
bchdosu,3-6 mo,singlescreen,TRUE,0.4497696870752735,20,0.10252865964264737,141.27480916030535,1,english,99.42748091603053,NA,0,0.11450381679389313,0,1,16,within_two,tape recording,eye-tracking,laboratory,unfamiliar mother,1,0,1,naturalistic
bllumanitoba,3-6 mo,hpp,TRUE,0.43669308120755473,12,0.17063960098280306,165.1046511627907,1,english,96.77906976744185,NA,0,0,0,1,16,within_two,tape recording,behavior,laboratory,unfamiliar mother,1,0,1,naturalistic
cdcceu,3-6 mo,eyetracking,FALSE,-0.24731413465240495,11,0.1832082791181561,144.34545454545454,1,hungarian,99.78181818181818,0,0,0.01818181818181818,0,0,16,within_two,tape recording,eye-tracking,laboratory,unfamiliar mother,1,0,1,naturalistic
cogdevlabbyu,3-6 mo,eyetracking,TRUE,-0.20918516557389244,18,0.11171886713189134,134.14705882352942,1,english,99.23529411764706,0.3235294117647059,0,0,0.029411764705882353,1,16,within_two,tape recording,eye-tracking,laboratory,unfamiliar mother,1,0,1,naturalistic
escompicbsleipzig,3-6 mo,eyetracking,FALSE,0.14265281736141971,13,0.1542374966596375,155.04109589041096,1,german,99.02739726027397,NA,0,0,0,0,16,within_two,tape recording,eye-tracking,laboratory,unfamiliar mother,1,0,1,naturalistic
ethosrennes,3-6 mo,eyetracking,FALSE,-0.21846551507941125,43,0.046789111519063446,143.14285714285714,1,french,99.03174603174604,NA,0,0,0,0,16,within_two,tape recording,eye-tracking,laboratory,unfamiliar mother,1,0,1,naturalistic
infantcogubc,3-6 mo,singlescreen,TRUE,0.28603924172198786,27,0.07483165229448972,136.76923076923077,1,english,97.79289940828403,NA,0,0,0,1,16,within_two,tape recording,eye-tracking,laboratory,unfamiliar mother,1,0,1,naturalistic
langlabucla,3-6 mo,hpp,TRUE,0.41430203349893263,28,0.07296112656215491,153.5270935960591,1,english,99.14778325123153,NA,0,0,0,1,16,within_two,tape recording,behavior,laboratory,unfamiliar mother,1,0,1,naturalistic
ldlottawa,3-6 mo,singlescreen,TRUE,0.3925069790410549,11,0.18531958474081672,141.19230769230768,1,english,99.61538461538461,NA,0,0,0,1,16,within_two,tape recording,eye-tracking,laboratory,unfamiliar mother,1,0,1,naturalistic
socialcogumiami,3-6 mo,eyetracking,TRUE,-0.28437012832864705,18,0.1122342551373007,135.77586206896552,1,english,97.06896551724138,NA,0,0,0,1,16,within_two,tape recording,eye-tracking,laboratory,unfamiliar mother,1,0,1,naturalistic
unlvmusiclab,3-6 mo,singlescreen,TRUE,0.8120149228839431,20,0.10824210293732771,138.10852713178295,1,english,99.76744186046511,NA,0,0,0,1,16,within_two,tape recording,eye-tracking,laboratory,unfamiliar mother,1,0,1,naturalistic
wsigoettingen,3-6 mo,singlescreen,FALSE,-0.3841716342015899,12,0.16974141342760665,147.4777777777778,1,german,99.92222222222222,NA,0,0,0,0,16,within_two,tape recording,eye-tracking,laboratory,unfamiliar mother,1,0,1,naturalistic
babylabprinceton,3-6 mo,hpp,NA,NA,NA,NA,151.34285714285716,1,english,100,0.3142857142857143,0,0,0,1,16,within_two,tape recording,behavior,laboratory,unfamiliar mother,1,0,1,naturalistic
babylabvuw,3-6 mo,singlescreen,NA,NA,NA,NA,107,1,english,90,NA,0,0,0,0,16,within_two,tape recording,eye-tracking,laboratory,unfamiliar mother,1,0,1,naturalistic
cfnuofn,3-6 mo,eyetracking,NA,NA,NA,NA,178,1,english,100,1,0,0,0,0,16,within_two,tape recording,eye-tracking,laboratory,unfamiliar mother,1,0,1,naturalistic
dcnlabtennessee,3-6 mo,eyetracking,NA,NA,NA,NA,167.69230769230768,1,english,100,NA,0,0,0,1,16,within_two,tape recording,eye-tracking,laboratory,unfamiliar mother,1,0,1,naturalistic
jmucdl,3-6 mo,eyetracking,NA,NA,NA,NA,110,1,english,90,NA,0,0,0,1,16,within_two,tape recording,eye-tracking,laboratory,unfamiliar mother,1,0,1,naturalistic
labunam,3-6 mo,eyetracking,NA,NA,NA,NA,96,1,spanish,100,NA,0,0,0,0,16,within_two,tape recording,eye-tracking,laboratory,unfamiliar mother,1,0,1,naturalistic
minddevlabbicocca,3-6 mo,singlescreen,NA,NA,NA,NA,138.42105263157896,1,italian,100,NA,0,0,0,0,16,within_two,tape recording,eye-tracking,laboratory,unfamiliar mother,1,0,1,naturalistic
babylabbrookes,12-15 mo,NA,NA,NA,NA,NA,NA,NA,NA,NA,NA,NA,NA,NA,NA,16,within_two,tape recording,eye-tracking,laboratory,unfamiliar mother,1,0,1,naturalistic
babylabbrookes,6-9 mo,NA,NA,NA,NA,NA,NA,NA,NA,NA,NA,NA,NA,NA,NA,16,within_two,tape recording,eye-tracking,laboratory,unfamiliar mother,1,0,1,naturalistic
babylabbrookes,9-12 mo,NA,NA,NA,NA,NA,NA,NA,NA,NA,NA,NA,NA,NA,NA,16,within_two,tape recording,eye-tracking,laboratory,unfamiliar mother,1,0,1,naturalistic
babylabkingswood,12-15 mo,NA,NA,NA,NA,NA,NA,NA,NA,NA,NA,NA,NA,NA,NA,16,within_two,tape recording,behavior,laboratory,unfamiliar mother,1,0,1,naturalistic
babylabkingswood,6-9 mo,NA,NA,NA,NA,NA,NA,NA,NA,NA,NA,NA,NA,NA,NA,16,within_two,tape recording,behavior,laboratory,unfamiliar mother,1,0,1,naturalistic
babylabkingswood,9-12 mo,NA,NA,NA,NA,NA,NA,NA,NA,NA,NA,NA,NA,NA,NA,16,within_two,tape recording,behavior,laboratory,unfamiliar mother,1,0,1,naturalistic
babylabkonstanz,6-9 mo,NA,NA,NA,NA,NA,NA,NA,NA,NA,NA,NA,NA,NA,NA,16,within_two,tape recording,behavior,laboratory,unfamiliar mother,1,0,1,naturalistic
babylablangessex,12-15 mo,NA,NA,NA,NA,NA,NA,NA,NA,NA,NA,NA,NA,NA,NA,16,within_two,tape recording,eye-tracking,laboratory,unfamiliar mother,1,0,1,naturalistic
babylablangessex,6-9 mo,NA,NA,NA,NA,NA,NA,NA,NA,NA,NA,NA,NA,NA,NA,16,within_two,tape recording,eye-tracking,laboratory,unfamiliar mother,1,0,1,naturalistic
babylablangessex,9-12 mo,NA,NA,NA,NA,NA,NA,NA,NA,NA,NA,NA,NA,NA,NA,16,within_two,tape recording,eye-tracking,laboratory,unfamiliar mother,1,0,1,naturalistic
babylableiden,9-12 mo,NA,NA,NA,NA,NA,NA,NA,NA,NA,NA,NA,NA,NA,NA,16,within_two,tape recording,behavior,laboratory,unfamiliar mother,1,0,1,naturalistic
babylablmu,12-15 mo,NA,NA,NA,NA,NA,NA,NA,NA,NA,NA,NA,NA,NA,NA,16,within_two,tape recording,eye-tracking,laboratory,unfamiliar mother,1,0,1,naturalistic
babylablmu,6-9 mo,NA,NA,NA,NA,NA,NA,NA,NA,NA,NA,NA,NA,NA,NA,16,within_two,tape recording,eye-tracking,laboratory,unfamiliar mother,1,0,1,naturalistic
babylablmu,9-12 mo,NA,NA,NA,NA,NA,NA,NA,NA,NA,NA,NA,NA,NA,NA,16,within_two,tape recording,eye-tracking,laboratory,unfamiliar mother,1,0,1,naturalistic
babylabnijmegen,6-9 mo,NA,NA,NA,NA,NA,NA,NA,NA,NA,NA,NA,NA,NA,NA,16,within_two,tape recording,behavior,laboratory,unfamiliar mother,1,0,1,naturalistic
babylabnijmegen,9-12 mo,NA,NA,NA,NA,NA,NA,NA,NA,NA,NA,NA,NA,NA,NA,16,within_two,tape recording,behavior,laboratory,unfamiliar mother,1,0,1,naturalistic
babylabparisdescartes1,12-15 mo,NA,NA,NA,NA,NA,NA,NA,NA,NA,NA,NA,NA,NA,NA,16,within_two,tape recording,behavior,laboratory,unfamiliar mother,1,0,1,naturalistic
babylabplymouth,12-15 mo,NA,NA,NA,NA,NA,NA,NA,NA,NA,NA,NA,NA,NA,NA,16,within_two,tape recording,behavior,laboratory,unfamiliar mother,1,0,1,naturalistic
babylabplymouth,9-12 mo,NA,NA,NA,NA,NA,NA,NA,NA,NA,NA,NA,NA,NA,NA,16,within_two,tape recording,behavior,laboratory,unfamiliar mother,1,0,1,naturalistic
babylabpotsdam,6-9 mo,NA,NA,NA,NA,NA,NA,NA,NA,NA,NA,NA,NA,NA,NA,16,within_two,tape recording,eye-tracking,laboratory,unfamiliar mother,1,0,1,naturalistic
babylabpotsdam,9-12 mo,NA,NA,NA,NA,NA,NA,NA,NA,NA,NA,NA,NA,NA,NA,16,within_two,tape recording,behavior,laboratory,unfamiliar mother,1,0,1,naturalistic
babylabpotsdam,9-12 mo,NA,NA,NA,NA,NA,NA,NA,NA,NA,NA,NA,NA,NA,NA,16,within_two,tape recording,eye-tracking,laboratory,unfamiliar mother,1,0,1,naturalistic
babylabprinceton,12-15 mo,NA,NA,NA,NA,NA,NA,NA,NA,NA,NA,NA,NA,NA,NA,16,within_two,tape recording,behavior,laboratory,unfamiliar mother,1,0,1,naturalistic
babylabprinceton,6-9 mo,NA,NA,NA,NA,NA,NA,NA,NA,NA,NA,NA,NA,NA,NA,16,within_two,tape recording,behavior,laboratory,unfamiliar mother,1,0,1,naturalistic
babylabshimane,6-9 mo,NA,NA,NA,NA,NA,NA,NA,NA,NA,NA,NA,NA,NA,NA,16,within_two,tape recording,eye-tracking,laboratory,unfamiliar mother,1,0,1,naturalistic
babylabshimane,9-12 mo,NA,NA,NA,NA,NA,NA,NA,NA,NA,NA,NA,NA,NA,NA,16,within_two,tape recording,eye-tracking,laboratory,unfamiliar mother,1,0,1,naturalistic
babylabuclajohnson,12-15 mo,NA,NA,NA,NA,NA,NA,NA,NA,NA,NA,NA,NA,NA,NA,16,within_two,tape recording,eye-tracking,laboratory,unfamiliar mother,1,0,1,naturalistic
babylabumassb,12-15 mo,NA,NA,NA,NA,NA,NA,NA,NA,NA,NA,NA,NA,NA,NA,16,within_two,tape recording,eye-tracking,laboratory,unfamiliar mother,1,0,1,naturalistic
babylabumassb,6-9 mo,NA,NA,NA,NA,NA,NA,NA,NA,NA,NA,NA,NA,NA,NA,16,within_two,tape recording,eye-tracking,laboratory,unfamiliar mother,1,0,1,naturalistic
babylabumassb,9-12 mo,NA,NA,NA,NA,NA,NA,NA,NA,NA,NA,NA,NA,NA,NA,16,within_two,tape recording,eye-tracking,laboratory,unfamiliar mother,1,0,1,naturalistic
babylabutrecht,6-9 mo,NA,NA,NA,NA,NA,NA,NA,NA,NA,NA,NA,NA,NA,NA,16,within_two,tape recording,behavior,laboratory,unfamiliar mother,1,0,1,naturalistic
babylabutrecht,9-12 mo,NA,NA,NA,NA,NA,NA,NA,NA,NA,NA,NA,NA,NA,NA,16,within_two,tape recording,behavior,laboratory,unfamiliar mother,1,0,1,naturalistic
babylabvuw,6-9 mo,NA,NA,NA,NA,NA,NA,NA,NA,NA,NA,NA,NA,NA,NA,16,within_two,tape recording,eye-tracking,laboratory,unfamiliar mother,1,0,1,naturalistic
babylabvuw,9-12 mo,NA,NA,NA,NA,NA,NA,NA,NA,NA,NA,NA,NA,NA,NA,16,within_two,tape recording,eye-tracking,laboratory,unfamiliar mother,1,0,1,naturalistic
babylabyork,6-9 mo,NA,NA,NA,NA,NA,NA,NA,NA,NA,NA,NA,NA,NA,NA,16,within_two,tape recording,eye-tracking,laboratory,unfamiliar mother,1,0,1,naturalistic
babylabyork,9-12 mo,NA,NA,NA,NA,NA,NA,NA,NA,NA,NA,NA,NA,NA,NA,16,within_two,tape recording,eye-tracking,laboratory,unfamiliar mother,1,0,1,naturalistic
babylingoslo,6-9 mo,NA,NA,NA,NA,NA,NA,NA,NA,NA,NA,NA,NA,NA,NA,16,within_two,tape recording,eye-tracking,laboratory,unfamiliar mother,1,0,1,naturalistic
baldwinlabuoregon,9-12 mo,NA,NA,NA,NA,NA,NA,NA,NA,NA,NA,NA,NA,NA,NA,16,within_two,tape recording,eye-tracking,laboratory,unfamiliar mother,1,0,1,naturalistic
bchdosu,12-15 mo,NA,NA,NA,NA,NA,NA,NA,NA,NA,NA,NA,NA,NA,NA,16,within_two,tape recording,eye-tracking,laboratory,unfamiliar mother,1,0,1,naturalistic
bchdosu,6-9 mo,NA,NA,NA,NA,NA,NA,NA,NA,NA,NA,NA,NA,NA,NA,16,within_two,tape recording,eye-tracking,laboratory,unfamiliar mother,1,0,1,naturalistic
bchdosu,9-12 mo,NA,NA,NA,NA,NA,NA,NA,NA,NA,NA,NA,NA,NA,NA,16,within_two,tape recording,eye-tracking,laboratory,unfamiliar mother,1,0,1,naturalistic
bcrlunlv,12-15 mo,NA,NA,NA,NA,NA,NA,NA,NA,NA,NA,NA,NA,NA,NA,16,within_two,tape recording,eye-tracking,laboratory,unfamiliar mother,1,0,1,naturalistic
bllumanitoba,12-15 mo,NA,NA,NA,NA,NA,NA,NA,NA,NA,NA,NA,NA,NA,NA,16,within_two,tape recording,behavior,laboratory,unfamiliar mother,1,0,1,naturalistic
bllumanitoba,6-9 mo,NA,NA,NA,NA,NA,NA,NA,NA,NA,NA,NA,NA,NA,NA,16,within_two,tape recording,behavior,laboratory,unfamiliar mother,1,0,1,naturalistic
bllumanitoba,9-12 mo,NA,NA,NA,NA,NA,NA,NA,NA,NA,NA,NA,NA,NA,NA,16,within_two,tape recording,behavior,laboratory,unfamiliar mother,1,0,1,naturalistic
bounbcl,12-15 mo,NA,NA,NA,NA,NA,NA,NA,NA,NA,NA,NA,NA,NA,NA,16,within_two,tape recording,eye-tracking,laboratory,unfamiliar mother,1,0,1,naturalistic
callab,12-15 mo,NA,NA,NA,NA,NA,NA,NA,NA,NA,NA,NA,NA,NA,NA,16,within_two,tape recording,eye-tracking,laboratory,unfamiliar mother,1,0,1,naturalistic
callab,9-12 mo,NA,NA,NA,NA,NA,NA,NA,NA,NA,NA,NA,NA,NA,NA,16,within_two,tape recording,eye-tracking,laboratory,unfamiliar mother,1,0,1,naturalistic
cdcceu,12-15 mo,NA,NA,NA,NA,NA,NA,NA,NA,NA,NA,NA,NA,NA,NA,16,within_two,tape recording,eye-tracking,laboratory,unfamiliar mother,1,0,1,naturalistic
cdcceu,6-9 mo,NA,NA,NA,NA,NA,NA,NA,NA,NA,NA,NA,NA,NA,NA,16,within_two,tape recording,eye-tracking,laboratory,unfamiliar mother,1,0,1,naturalistic
cfnuofn,12-15 mo,NA,NA,NA,NA,NA,NA,NA,NA,NA,NA,NA,NA,NA,NA,16,within_two,tape recording,eye-tracking,laboratory,unfamiliar mother,1,0,1,naturalistic
cfnuofn,6-9 mo,NA,NA,NA,NA,NA,NA,NA,NA,NA,NA,NA,NA,NA,NA,16,within_two,tape recording,eye-tracking,laboratory,unfamiliar mother,1,0,1,naturalistic
childlabmanchester,12-15 mo,NA,NA,NA,NA,NA,NA,NA,NA,NA,NA,NA,NA,NA,NA,16,within_two,tape recording,eye-tracking,laboratory,unfamiliar mother,1,0,1,naturalistic
childlabmanchester,3-6 mo,NA,NA,NA,NA,NA,NA,NA,NA,NA,NA,NA,NA,NA,NA,16,within_two,tape recording,eye-tracking,laboratory,unfamiliar mother,1,0,1,naturalistic
childlabmanchester,6-9 mo,NA,NA,NA,NA,NA,NA,NA,NA,NA,NA,NA,NA,NA,NA,16,within_two,tape recording,eye-tracking,laboratory,unfamiliar mother,1,0,1,naturalistic
childlabmanchester,9-12 mo,NA,NA,NA,NA,NA,NA,NA,NA,NA,NA,NA,NA,NA,NA,16,within_two,tape recording,eye-tracking,laboratory,unfamiliar mother,1,0,1,naturalistic
chosunbaby,12-15 mo,NA,NA,NA,NA,NA,NA,NA,NA,NA,NA,NA,NA,NA,NA,16,within_two,tape recording,behavior,laboratory,unfamiliar mother,1,0,1,naturalistic
chosunbaby,6-9 mo,NA,NA,NA,NA,NA,NA,NA,NA,NA,NA,NA,NA,NA,NA,16,within_two,tape recording,behavior,laboratory,unfamiliar mother,1,0,1,naturalistic
chosunbaby,9-12 mo,NA,NA,NA,NA,NA,NA,NA,NA,NA,NA,NA,NA,NA,NA,16,within_two,tape recording,behavior,laboratory,unfamiliar mother,1,0,1,naturalistic
cogdevlabbyu,6-9 mo,NA,NA,NA,NA,NA,NA,NA,NA,NA,NA,NA,NA,NA,NA,16,within_two,tape recording,eye-tracking,laboratory,unfamiliar mother,1,0,1,naturalistic
dcnlabtennessee,12-15 mo,NA,NA,NA,NA,NA,NA,NA,NA,NA,NA,NA,NA,NA,NA,16,within_two,tape recording,eye-tracking,laboratory,unfamiliar mother,1,0,1,naturalistic
dcnlabtennessee,6-9 mo,NA,NA,NA,NA,NA,NA,NA,NA,NA,NA,NA,NA,NA,NA,16,within_two,tape recording,eye-tracking,laboratory,unfamiliar mother,1,0,1,naturalistic
earlysocogfm,12-15 mo,NA,NA,NA,NA,NA,NA,NA,NA,NA,NA,NA,NA,NA,NA,16,within_two,tape recording,eye-tracking,laboratory,unfamiliar mother,1,0,1,naturalistic
earlysocogfm,6-9 mo,NA,NA,NA,NA,NA,NA,NA,NA,NA,NA,NA,NA,NA,NA,16,within_two,tape recording,eye-tracking,laboratory,unfamiliar mother,1,0,1,naturalistic
earlysocogfm,9-12 mo,NA,NA,NA,NA,NA,NA,NA,NA,NA,NA,NA,NA,NA,NA,16,within_two,tape recording,eye-tracking,laboratory,unfamiliar mother,1,0,1,naturalistic
escompicbsleipzig,6-9 mo,NA,NA,NA,NA,NA,NA,NA,NA,NA,NA,NA,NA,NA,NA,16,within_two,tape recording,eye-tracking,laboratory,unfamiliar mother,1,0,1,naturalistic
ethosrennes,6-9 mo,NA,NA,NA,NA,NA,NA,NA,NA,NA,NA,NA,NA,NA,NA,16,within_two,tape recording,eye-tracking,laboratory,unfamiliar mother,1,0,1,naturalistic
icclbc,3-6 mo,NA,NA,NA,NA,NA,NA,NA,NA,NA,NA,NA,NA,NA,NA,16,within_two,tape recording,eye-tracking,laboratory,unfamiliar mother,1,0,1,naturalistic
icclbc,6-9 mo,NA,NA,NA,NA,NA,NA,NA,NA,NA,NA,NA,NA,NA,NA,16,within_two,tape recording,eye-tracking,laboratory,unfamiliar mother,1,0,1,naturalistic
infantcoglablouisville,9-12 mo,NA,NA,NA,NA,NA,NA,NA,NA,NA,NA,NA,NA,NA,NA,16,within_two,tape recording,eye-tracking,laboratory,unfamiliar mother,1,0,1,naturalistic
infantcogubc,6-9 mo,NA,NA,NA,NA,NA,NA,NA,NA,NA,NA,NA,NA,NA,NA,16,within_two,tape recording,eye-tracking,laboratory,unfamiliar mother,1,0,1,naturalistic
infantlanglabutk,12-15 mo,NA,NA,NA,NA,NA,NA,NA,NA,NA,NA,NA,NA,NA,NA,16,within_two,tape recording,behavior,laboratory,unfamiliar mother,1,0,1,naturalistic
infantlanglabutk,6-9 mo,NA,NA,NA,NA,NA,NA,NA,NA,NA,NA,NA,NA,NA,NA,16,within_two,tape recording,behavior,laboratory,unfamiliar mother,1,0,1,naturalistic
infantllmadison,12-15 mo,NA,NA,NA,NA,NA,NA,NA,NA,NA,NA,NA,NA,NA,NA,16,within_two,tape recording,behavior,laboratory,unfamiliar mother,1,0,1,naturalistic
infantllmadison,6-9 mo,NA,NA,NA,NA,NA,NA,NA,NA,NA,NA,NA,NA,NA,NA,16,within_two,tape recording,behavior,laboratory,unfamiliar mother,1,0,1,naturalistic
infantllmadison,9-12 mo,NA,NA,NA,NA,NA,NA,NA,NA,NA,NA,NA,NA,NA,NA,16,within_two,tape recording,behavior,laboratory,unfamiliar mother,1,0,1,naturalistic
infantstudiesubc,6-9 mo,NA,NA,NA,NA,NA,NA,NA,NA,NA,NA,NA,NA,NA,NA,16,within_two,tape recording,behavior,laboratory,unfamiliar mother,1,0,1,naturalistic
irlconcordia,12-15 mo,NA,NA,NA,NA,NA,NA,NA,NA,NA,NA,NA,NA,NA,NA,16,within_two,tape recording,eye-tracking,laboratory,unfamiliar mother,1,0,1,naturalistic
irlconcordia,6-9 mo,NA,NA,NA,NA,NA,NA,NA,NA,NA,NA,NA,NA,NA,NA,16,within_two,tape recording,eye-tracking,laboratory,unfamiliar mother,1,0,1,naturalistic
irlconcordia,9-12 mo,NA,NA,NA,NA,NA,NA,NA,NA,NA,NA,NA,NA,NA,NA,16,within_two,tape recording,eye-tracking,laboratory,unfamiliar mother,1,0,1,naturalistic
islnotredame,12-15 mo,NA,NA,NA,NA,NA,NA,NA,NA,NA,NA,NA,NA,NA,NA,16,within_two,tape recording,behavior,laboratory,unfamiliar mother,1,0,1,naturalistic
isplabmcgill,12-15 mo,NA,NA,NA,NA,NA,NA,NA,NA,NA,NA,NA,NA,NA,NA,16,within_two,tape recording,behavior,laboratory,unfamiliar mother,1,0,1,naturalistic
jmucdl,12-15 mo,NA,NA,NA,NA,NA,NA,NA,NA,NA,NA,NA,NA,NA,NA,16,within_two,tape recording,eye-tracking,laboratory,unfamiliar mother,1,0,1,naturalistic
jmucdl,6-9 mo,NA,NA,NA,NA,NA,NA,NA,NA,NA,NA,NA,NA,NA,NA,16,within_two,tape recording,eye-tracking,laboratory,unfamiliar mother,1,0,1,naturalistic
jmucdl,9-12 mo,NA,NA,NA,NA,NA,NA,NA,NA,NA,NA,NA,NA,NA,NA,16,within_two,tape recording,eye-tracking,laboratory,unfamiliar mother,1,0,1,naturalistic
kokuhamburg,12-15 mo,NA,NA,NA,NA,NA,NA,NA,NA,NA,NA,NA,NA,NA,NA,16,within_two,tape recording,eye-tracking,laboratory,unfamiliar mother,1,0,1,naturalistic
kokuhamburg,6-9 mo,NA,NA,NA,NA,NA,NA,NA,NA,NA,NA,NA,NA,NA,NA,16,within_two,tape recording,eye-tracking,laboratory,unfamiliar mother,1,0,1,naturalistic
kyotobabylab,12-15 mo,NA,NA,NA,NA,NA,NA,NA,NA,NA,NA,NA,NA,NA,NA,16,within_two,tape recording,eye-tracking,laboratory,unfamiliar mother,1,0,1,naturalistic
kyotobabylab,6-9 mo,NA,NA,NA,NA,NA,NA,NA,NA,NA,NA,NA,NA,NA,NA,16,within_two,tape recording,eye-tracking,laboratory,unfamiliar mother,1,0,1,naturalistic
kyotobabylab,9-12 mo,NA,NA,NA,NA,NA,NA,NA,NA,NA,NA,NA,NA,NA,NA,16,within_two,tape recording,eye-tracking,laboratory,unfamiliar mother,1,0,1,naturalistic
labunam,12-15 mo,NA,NA,NA,NA,NA,NA,NA,NA,NA,NA,NA,NA,NA,NA,16,within_two,tape recording,eye-tracking,laboratory,unfamiliar mother,1,0,1,naturalistic
labunam,6-9 mo,NA,NA,NA,NA,NA,NA,NA,NA,NA,NA,NA,NA,NA,NA,16,within_two,tape recording,eye-tracking,laboratory,unfamiliar mother,1,0,1,naturalistic
labunam,9-12 mo,NA,NA,NA,NA,NA,NA,NA,NA,NA,NA,NA,NA,NA,NA,16,within_two,tape recording,eye-tracking,laboratory,unfamiliar mother,1,0,1,naturalistic
lancaster,12-15 mo,NA,NA,NA,NA,NA,NA,NA,NA,NA,NA,NA,NA,NA,NA,16,within_two,tape recording,eye-tracking,laboratory,unfamiliar mother,1,0,1,naturalistic
lancaster,6-9 mo,NA,NA,NA,NA,NA,NA,NA,NA,NA,NA,NA,NA,NA,NA,16,within_two,tape recording,eye-tracking,laboratory,unfamiliar mother,1,0,1,naturalistic
langlabucla,12-15 mo,NA,NA,NA,NA,NA,NA,NA,NA,NA,NA,NA,NA,NA,NA,16,within_two,tape recording,behavior,laboratory,unfamiliar mother,1,0,1,naturalistic
langlabucla,6-9 mo,NA,NA,NA,NA,NA,NA,NA,NA,NA,NA,NA,NA,NA,NA,16,within_two,tape recording,behavior,laboratory,unfamiliar mother,1,0,1,naturalistic
langlabucla,9-12 mo,NA,NA,NA,NA,NA,NA,NA,NA,NA,NA,NA,NA,NA,NA,16,within_two,tape recording,behavior,laboratory,unfamiliar mother,1,0,1,naturalistic
lcdfsu,12-15 mo,NA,NA,NA,NA,NA,NA,NA,NA,NA,NA,NA,NA,NA,NA,16,within_two,tape recording,eye-tracking,laboratory,unfamiliar mother,1,0,1,naturalistic
lcdfsu,9-12 mo,NA,NA,NA,NA,NA,NA,NA,NA,NA,NA,NA,NA,NA,NA,16,within_two,tape recording,eye-tracking,laboratory,unfamiliar mother,1,0,1,naturalistic
lcduleeds,12-15 mo,NA,NA,NA,NA,NA,NA,NA,NA,NA,NA,NA,NA,NA,NA,16,within_two,tape recording,eye-tracking,laboratory,unfamiliar mother,1,0,1,naturalistic
ldlottawa,12-15 mo,NA,NA,NA,NA,NA,NA,NA,NA,NA,NA,NA,NA,NA,NA,16,within_two,tape recording,eye-tracking,laboratory,unfamiliar mother,1,0,1,naturalistic
ldlottawa,6-9 mo,NA,NA,NA,NA,NA,NA,NA,NA,NA,NA,NA,NA,NA,NA,16,within_two,tape recording,eye-tracking,laboratory,unfamiliar mother,1,0,1,naturalistic
ldlottawa,9-12 mo,NA,NA,NA,NA,NA,NA,NA,NA,NA,NA,NA,NA,NA,NA,16,within_two,tape recording,eye-tracking,laboratory,unfamiliar mother,1,0,1,naturalistic
lllliv,12-15 mo,NA,NA,NA,NA,NA,NA,NA,NA,NA,NA,NA,NA,NA,NA,16,within_two,tape recording,eye-tracking,laboratory,unfamiliar mother,1,0,1,naturalistic
lllliv,6-9 mo,NA,NA,NA,NA,NA,NA,NA,NA,NA,NA,NA,NA,NA,NA,16,within_two,tape recording,eye-tracking,laboratory,unfamiliar mother,1,0,1,naturalistic
lllliv,9-12 mo,NA,NA,NA,NA,NA,NA,NA,NA,NA,NA,NA,NA,NA,NA,16,within_two,tape recording,eye-tracking,laboratory,unfamiliar mother,1,0,1,naturalistic
lppparisdescartes2,6-9 mo,NA,NA,NA,NA,NA,NA,NA,NA,NA,NA,NA,NA,NA,NA,16,within_two,tape recording,behavior,laboratory,unfamiliar mother,1,0,1,naturalistic
lscppsl,12-15 mo,NA,NA,NA,NA,NA,NA,NA,NA,NA,NA,NA,NA,NA,NA,16,within_two,tape recording,eye-tracking,laboratory,unfamiliar mother,1,0,1,naturalistic
madlabucsd,6-9 mo,NA,NA,NA,NA,NA,NA,NA,NA,NA,NA,NA,NA,NA,NA,16,within_two,tape recording,eye-tracking,laboratory,unfamiliar mother,1,0,1,naturalistic
minddevlabbicocca,6-9 mo,NA,NA,NA,NA,NA,NA,NA,NA,NA,NA,NA,NA,NA,NA,16,within_two,tape recording,eye-tracking,laboratory,unfamiliar mother,1,0,1,naturalistic
musdevutm,6-9 mo,NA,NA,NA,NA,NA,NA,NA,NA,NA,NA,NA,NA,NA,NA,16,within_two,tape recording,behavior,laboratory,unfamiliar mother,1,0,1,naturalistic
musdevutm,9-12 mo,NA,NA,NA,NA,NA,NA,NA,NA,NA,NA,NA,NA,NA,NA,16,within_two,tape recording,behavior,laboratory,unfamiliar mother,1,0,1,naturalistic
nusinfantlanguagecentre,12-15 mo,NA,NA,NA,NA,NA,NA,NA,NA,NA,NA,NA,NA,NA,NA,16,within_two,tape recording,eye-tracking,laboratory,unfamiliar mother,1,0,1,naturalistic
nusinfantlanguagecentre,6-9 mo,NA,NA,NA,NA,NA,NA,NA,NA,NA,NA,NA,NA,NA,NA,16,within_two,tape recording,eye-tracking,laboratory,unfamiliar mother,1,0,1,naturalistic
nusinfantlanguagecentre,6-9 mo,NA,NA,NA,NA,NA,NA,NA,NA,NA,NA,NA,NA,NA,NA,16,within_two,tape recording,eye-tracking,laboratory,unfamiliar mother,1,0,1,naturalistic
pocdnorthwestern,12-15 mo,NA,NA,NA,NA,NA,NA,NA,NA,NA,NA,NA,NA,NA,NA,16,within_two,tape recording,eye-tracking,laboratory,unfamiliar mother,1,0,1,naturalistic
purdueinfantspeech,12-15 mo,NA,NA,NA,NA,NA,NA,NA,NA,NA,NA,NA,NA,NA,NA,16,within_two,tape recording,behavior,laboratory,unfamiliar mother,1,0,1,naturalistic
purdueinfantspeech,6-9 mo,NA,NA,NA,NA,NA,NA,NA,NA,NA,NA,NA,NA,NA,NA,16,within_two,tape recording,behavior,laboratory,unfamiliar mother,1,0,1,naturalistic
purdueinfantspeech,9-12 mo,NA,NA,NA,NA,NA,NA,NA,NA,NA,NA,NA,NA,NA,NA,16,within_two,tape recording,behavior,laboratory,unfamiliar mother,1,0,1,naturalistic
trainorlab,6-9 mo,NA,NA,NA,NA,NA,NA,NA,NA,NA,NA,NA,NA,NA,NA,16,within_two,tape recording,behavior,laboratory,unfamiliar mother,1,0,1,naturalistic
udssaarland,12-15 mo,NA,NA,NA,NA,NA,NA,NA,NA,NA,NA,NA,NA,NA,NA,16,within_two,tape recording,eye-tracking,laboratory,unfamiliar mother,1,0,1,naturalistic
udssaarland,6-9 mo,NA,NA,NA,NA,NA,NA,NA,NA,NA,NA,NA,NA,NA,NA,16,within_two,tape recording,eye-tracking,laboratory,unfamiliar mother,1,0,1,naturalistic
udssaarland,9-12 mo,NA,NA,NA,NA,NA,NA,NA,NA,NA,NA,NA,NA,NA,NA,16,within_two,tape recording,eye-tracking,laboratory,unfamiliar mother,1,0,1,naturalistic
weescienceedinburgh,6-9 mo,NA,NA,NA,NA,NA,NA,NA,NA,NA,NA,NA,NA,NA,NA,16,within_two,tape recording,eye-tracking,laboratory,unfamiliar mother,1,0,1,naturalistic
weltentdeckerzurich,12-15 mo,NA,NA,NA,NA,NA,NA,NA,NA,NA,NA,NA,NA,NA,NA,16,within_two,tape recording,eye-tracking,laboratory,unfamiliar mother,1,0,1,naturalistic
wsigoettingen,12-15 mo,NA,NA,NA,NA,NA,NA,NA,NA,NA,NA,NA,NA,NA,NA,16,within_two,tape recording,eye-tracking,laboratory,unfamiliar mother,1,0,1,naturalistic
wsigoettingen,6-9 mo,NA,NA,NA,NA,NA,NA,NA,NA,NA,NA,NA,NA,NA,NA,16,within_two,tape recording,eye-tracking,laboratory,unfamiliar mother,1,0,1,naturalistic
wsigoettingen,9-12 mo,NA,NA,NA,NA,NA,NA,NA,NA,NA,NA,NA,NA,NA,NA,16,within_two,tape recording,eye-tracking,laboratory,unfamiliar mother,1,0,1,naturalistic
