study_type,study_id,expt_num,short_cite,mean_age,age_group,n,d_calc,d_var_calc,native_lang,prop_nae,infant_type,main_question_ids_preference,same_infant,method,dependent_measure,presentation,response_mode,effect_significance_reported,num_trials,participant_design,setting,speaker,speaker_experience,speaker_fam,speaker_female,speech_type,exposure_phase,test_lang,original_ma,group_name_1,group_name_2,t,n_1,n_2,mean_age_1,mean_age_2,x_1,x_2,sd_1,sd_2,r,corr,gender_1,prop_female,unique_infants
MB,babylabbrookes,NA,ManyBabies Consortium (2020),414.21875,12-15 mo,16,0.26802580999683756,0.1261224661691322,english,0,typical,yes,1,singlescreen,looking_time,tape recording,eye-tracking,NA,16,within_two,laboratory,unfamiliar mother,1,0,1,naturalistic,test_only,nonnative,NA,NA,NA,NA,NA,NA,NA,NA,NA,NA,NA,NA,NA,NA,NA,NA,TRUE
MB,babylabbrookes,NA,ManyBabies Consortium (2020),138.3913043478261,3-6 mo,20,0.6740790358229655,0.10567978183170024,english,0,typical,yes,2,singlescreen,looking_time,tape recording,eye-tracking,NA,16,within_two,laboratory,unfamiliar mother,1,0,1,naturalistic,test_only,nonnative,NA,NA,NA,NA,NA,NA,NA,NA,NA,NA,NA,NA,NA,NA,NA,NA,TRUE
MB,babylabbrookes,NA,ManyBabies Consortium (2020),230.4390243902439,6-9 mo,15,0.5748995814085146,0.13884182547839474,english,0,typical,yes,3,singlescreen,looking_time,tape recording,eye-tracking,NA,16,within_two,laboratory,unfamiliar mother,1,0,1,naturalistic,test_only,nonnative,NA,NA,NA,NA,NA,NA,NA,NA,NA,NA,NA,NA,NA,NA,NA,NA,TRUE
MB,babylabkingswood,NA,ManyBabies Consortium (2020),408.6689189189189,12-15 mo,15,0.42675047815008843,0.13636859951002214,english,0,typical,yes,1,hpp,looking_time,tape recording,behavior,NA,16,within_two,laboratory,unfamiliar mother,1,0,1,naturalistic,test_only,nonnative,NA,NA,NA,NA,NA,NA,NA,NA,NA,NA,NA,NA,NA,NA,NA,NA,TRUE
MB,babylabkingswood,NA,ManyBabies Consortium (2020),220.70992366412213,6-9 mo,15,0.34997861057262625,0.13537475046430578,english,0,typical,yes,2,hpp,looking_time,tape recording,behavior,NA,16,within_two,laboratory,unfamiliar mother,1,0,1,naturalistic,test_only,nonnative,NA,NA,NA,NA,NA,NA,NA,NA,NA,NA,NA,NA,NA,NA,NA,NA,TRUE
MB,babylabkonstanz,NA,ManyBabies Consortium (2020),234.71818181818182,6-9 mo,15,0.8414381363175815,0.14513363562082673,german,0,typical,yes,1,hpp,looking_time,tape recording,behavior,NA,16,within_two,laboratory,unfamiliar mother,1,0,1,naturalistic,test_only,nonnative,NA,NA,NA,NA,NA,NA,NA,NA,NA,NA,NA,NA,NA,NA,NA,NA,TRUE
MB,babylablangessex,NA,ManyBabies Consortium (2020),222.01769911504425,6-9 mo,14,0.6249728700373334,0.14983198371933396,english,0,typical,yes,1,eyetracking,looking_time,tape recording,eye-tracking,NA,16,within_two,laboratory,unfamiliar mother,1,0,1,naturalistic,test_only,nonnative,NA,NA,NA,NA,NA,NA,NA,NA,NA,NA,NA,NA,NA,NA,NA,NA,TRUE
MB,babylableiden,NA,ManyBabies Consortium (2020),320.288,9-12 mo,15,1.121666737320017,0.15430227116016887,dutch,0,typical,yes,1,hpp,looking_time,tape recording,behavior,NA,16,within_two,laboratory,unfamiliar mother,1,0,1,naturalistic,test_only,nonnative,NA,NA,NA,NA,NA,NA,NA,NA,NA,NA,NA,NA,NA,NA,NA,NA,TRUE
MB,babylablmu,NA,ManyBabies Consortium (2020),413.45454545454544,12-15 mo,30,0.5846241588067811,0.06951487839217113,german,0,typical,yes,1,eyetracking,looking_time,tape recording,eye-tracking,NA,16,within_two,laboratory,unfamiliar mother,1,0,1,naturalistic,test_only,nonnative,NA,NA,NA,NA,NA,NA,NA,NA,NA,NA,NA,NA,NA,NA,NA,NA,TRUE
MB,babylablmu,NA,ManyBabies Consortium (2020),324.1210191082803,9-12 mo,31,0.5654433094630757,0.06709456561464965,german,0,typical,yes,2,eyetracking,looking_time,tape recording,eye-tracking,NA,16,within_two,laboratory,unfamiliar mother,1,0,1,naturalistic,test_only,nonnative,NA,NA,NA,NA,NA,NA,NA,NA,NA,NA,NA,NA,NA,NA,NA,NA,TRUE
MB,babylabnijmegen,NA,ManyBabies Consortium (2020),235.1504424778761,6-9 mo,27,0.4879403110302646,0.07627857173266954,dutch,0,typical,yes,1,hpp,looking_time,tape recording,behavior,NA,16,within_two,laboratory,unfamiliar mother,1,0,1,naturalistic,test_only,nonnative,NA,NA,NA,NA,NA,NA,NA,NA,NA,NA,NA,NA,NA,NA,NA,NA,TRUE
MB,babylabnijmegen,NA,ManyBabies Consortium (2020),329.90291262135923,9-12 mo,22,-0.024661725073511144,0.09091600228049547,dutch,0,typical,yes,2,hpp,looking_time,tape recording,behavior,NA,16,within_two,laboratory,unfamiliar mother,1,0,1,naturalistic,test_only,nonnative,NA,NA,NA,NA,NA,NA,NA,NA,NA,NA,NA,NA,NA,NA,NA,NA,TRUE
MB,babylabparisdescartes1,NA,ManyBabies Consortium (2020),403.8074074074074,12-15 mo,16,0.5408548544438901,0.12957068708711753,french,0,typical,yes,1,hpp,looking_time,tape recording,behavior,NA,16,within_two,laboratory,unfamiliar mother,1,0,1,naturalistic,test_only,nonnative,NA,NA,NA,NA,NA,NA,NA,NA,NA,NA,NA,NA,NA,NA,NA,NA,TRUE
MB,babylabplymouth,NA,ManyBabies Consortium (2020),319.9779735682819,9-12 mo,27,0.6363593503321556,0.07782364095143669,english,0,typical,yes,1,hpp,looking_time,tape recording,behavior,NA,16,within_two,laboratory,unfamiliar mother,1,0,1,naturalistic,test_only,nonnative,NA,NA,NA,NA,NA,NA,NA,NA,NA,NA,NA,NA,NA,NA,NA,NA,TRUE
MB,babylabpotsdam,NA,ManyBabies Consortium (2020),308.14805194805194,9-12 mo,45,0.5668763837056687,0.04622971574668454,german,0,typical,yes,1,hpp,looking_time,tape recording,behavior,NA,16,within_two,laboratory,unfamiliar mother,1,0,1,naturalistic,test_only,nonnative,NA,NA,NA,NA,NA,NA,NA,NA,NA,NA,NA,NA,NA,NA,NA,NA,TRUE
MB,babylabpotsdam,NA,ManyBabies Consortium (2020),308.14805194805194,9-12 mo,45,0.5668763837056687,0.04622971574668454,german,0,typical,yes,2,hpp,looking_time,tape recording,eye-tracking,NA,16,within_two,laboratory,unfamiliar mother,1,0,1,naturalistic,test_only,nonnative,NA,NA,NA,NA,NA,NA,NA,NA,NA,NA,NA,NA,NA,NA,NA,NA,TRUE
MB,babylabpotsdam,NA,ManyBabies Consortium (2020),308.14805194805194,9-12 mo,45,0.5668763837056687,0.04622971574668454,german,0,typical,yes,3,singlescreen,looking_time,tape recording,behavior,NA,16,within_two,laboratory,unfamiliar mother,1,0,1,naturalistic,test_only,nonnative,NA,NA,NA,NA,NA,NA,NA,NA,NA,NA,NA,NA,NA,NA,NA,NA,TRUE
MB,babylabpotsdam,NA,ManyBabies Consortium (2020),308.14805194805194,9-12 mo,45,0.5668763837056687,0.04622971574668454,german,0,typical,yes,4,singlescreen,looking_time,tape recording,eye-tracking,NA,16,within_two,laboratory,unfamiliar mother,1,0,1,naturalistic,test_only,nonnative,NA,NA,NA,NA,NA,NA,NA,NA,NA,NA,NA,NA,NA,NA,NA,NA,TRUE
MB,babylabprinceton,NA,ManyBabies Consortium (2020),414.58947368421053,12-15 mo,14,0.6617348037944476,0.15067665983130135,english,1,non-typical,yes,1,hpp,looking_time,tape recording,behavior,NA,16,within_two,laboratory,unfamiliar mother,1,0,1,naturalistic,test_only,native,NA,NA,NA,NA,NA,NA,NA,NA,NA,NA,NA,NA,NA,NA,NA,NA,TRUE
MB,babylabshimane,NA,ManyBabies Consortium (2020),148.84552845528455,3-6 mo,13,-0.08307920348072037,0.15397888757790368,japanese,0,typical,yes,1,eyetracking,looking_time,tape recording,eye-tracking,NA,16,within_two,laboratory,unfamiliar mother,1,0,1,naturalistic,test_only,nonnative,NA,NA,NA,NA,NA,NA,NA,NA,NA,NA,NA,NA,NA,NA,NA,NA,TRUE
MB,babylabshimane,NA,ManyBabies Consortium (2020),230.796875,6-9 mo,14,0.17161357774735542,0.14338305750120084,japanese,0,typical,yes,2,eyetracking,looking_time,tape recording,eye-tracking,NA,16,within_two,laboratory,unfamiliar mother,1,0,1,naturalistic,test_only,nonnative,NA,NA,NA,NA,NA,NA,NA,NA,NA,NA,NA,NA,NA,NA,NA,NA,TRUE
MB,babylabuclajohnson,NA,ManyBabies Consortium (2020),406.23369565217394,12-15 mo,22,0.40166117452451966,0.09274240567182292,english,1,typical,yes,1,eyetracking,looking_time,tape recording,eye-tracking,NA,16,within_two,laboratory,unfamiliar mother,1,0,1,naturalistic,test_only,native,NA,NA,NA,NA,NA,NA,NA,NA,NA,NA,NA,NA,NA,NA,NA,NA,TRUE
MB,babylabumassb,NA,ManyBabies Consortium (2020),223.73636363636365,6-9 mo,13,0.8301943674354043,0.16710043630233598,english,1,typical,yes,1,eyetracking,looking_time,tape recording,eye-tracking,NA,16,within_two,laboratory,unfamiliar mother,1,0,1,naturalistic,test_only,native,NA,NA,NA,NA,NA,NA,NA,NA,NA,NA,NA,NA,NA,NA,NA,NA,TRUE
MB,babylabutrecht,NA,ManyBabies Consortium (2020),226.67153284671534,6-9 mo,30,0.1746061178274103,0.06692072746985633,dutch,0,typical,yes,1,hpp,looking_time,tape recording,behavior,NA,16,within_two,laboratory,unfamiliar mother,1,0,1,naturalistic,test_only,nonnative,NA,NA,NA,NA,NA,NA,NA,NA,NA,NA,NA,NA,NA,NA,NA,NA,TRUE
MB,babylabutrecht,NA,ManyBabies Consortium (2020),325.44406779661017,9-12 mo,31,0.24701092264615893,0.06500818061214925,dutch,0,typical,yes,2,hpp,looking_time,tape recording,behavior,NA,16,within_two,laboratory,unfamiliar mother,1,0,1,naturalistic,test_only,nonnative,NA,NA,NA,NA,NA,NA,NA,NA,NA,NA,NA,NA,NA,NA,NA,NA,TRUE
MB,babylabvuw,NA,ManyBabies Consortium (2020),228.74774774774775,6-9 mo,13,0.031084802334250098,0.15386473586415692,english,0,typical,yes,1,singlescreen,looking_time,tape recording,eye-tracking,NA,16,within_two,laboratory,unfamiliar mother,1,0,1,naturalistic,test_only,nonnative,NA,NA,NA,NA,NA,NA,NA,NA,NA,NA,NA,NA,NA,NA,NA,NA,TRUE
MB,babylabyork,NA,ManyBabies Consortium (2020),220.4921875,6-9 mo,16,0.20782626968676826,0.1256748712245612,english,0,typical,yes,1,singlescreen,looking_time,tape recording,eye-tracking,NA,16,within_two,laboratory,unfamiliar mother,1,0,1,naturalistic,test_only,nonnative,NA,NA,NA,NA,NA,NA,NA,NA,NA,NA,NA,NA,NA,NA,NA,NA,TRUE
MB,babylabyork,NA,ManyBabies Consortium (2020),316.0082644628099,9-12 mo,16,0.4311099311483352,0.12790399644898004,english,0,typical,yes,2,singlescreen,looking_time,tape recording,eye-tracking,NA,16,within_two,laboratory,unfamiliar mother,1,0,1,naturalistic,test_only,nonnative,NA,NA,NA,NA,NA,NA,NA,NA,NA,NA,NA,NA,NA,NA,NA,NA,TRUE
MB,babylingoslo,NA,ManyBabies Consortium (2020),228.0443686006826,6-9 mo,31,0.16212851700155506,0.06472811012923486,norwegian,0,typical,yes,1,eyetracking,looking_time,tape recording,eye-tracking,NA,16,within_two,laboratory,unfamiliar mother,1,0,1,naturalistic,test_only,nonnative,NA,NA,NA,NA,NA,NA,NA,NA,NA,NA,NA,NA,NA,NA,NA,NA,TRUE
MB,baldwinlabuoregon,NA,ManyBabies Consortium (2020),320.7518796992481,9-12 mo,16,0.5967969913106059,0.13056510388808423,english,1,typical,yes,1,singlescreen,looking_time,tape recording,eye-tracking,NA,16,within_two,laboratory,unfamiliar mother,1,0,1,naturalistic,test_only,native,NA,NA,NA,NA,NA,NA,NA,NA,NA,NA,NA,NA,NA,NA,NA,NA,TRUE
MB,bchdosu,NA,ManyBabies Consortium (2020),410.7593984962406,12-15 mo,15,0.2507262368864611,0.13438106076438744,english,1,typical,yes,1,singlescreen,looking_time,tape recording,eye-tracking,NA,16,within_two,laboratory,unfamiliar mother,1,0,1,naturalistic,test_only,native,NA,NA,NA,NA,NA,NA,NA,NA,NA,NA,NA,NA,NA,NA,NA,NA,TRUE
MB,bchdosu,NA,ManyBabies Consortium (2020),139.67073170731706,3-6 mo,20,0.4497696870752735,0.10252865964264737,english,1,typical,yes,2,singlescreen,looking_time,tape recording,eye-tracking,NA,16,within_two,laboratory,unfamiliar mother,1,0,1,naturalistic,test_only,native,NA,NA,NA,NA,NA,NA,NA,NA,NA,NA,NA,NA,NA,NA,NA,NA,TRUE
MB,bchdosu,NA,ManyBabies Consortium (2020),242.38805970149255,6-9 mo,15,0.046682915335157685,0.13336965490973648,english,1,non-typical,yes,3,singlescreen,looking_time,tape recording,eye-tracking,NA,16,within_two,laboratory,unfamiliar mother,1,0,1,naturalistic,test_only,native,NA,NA,NA,NA,NA,NA,NA,NA,NA,NA,NA,NA,NA,NA,NA,NA,TRUE
MB,bchdosu,NA,ManyBabies Consortium (2020),323.11538461538464,9-12 mo,17,0.3250812615917091,0.1192011445093832,english,1,typical,yes,4,singlescreen,looking_time,tape recording,eye-tracking,NA,16,within_two,laboratory,unfamiliar mother,1,0,1,naturalistic,test_only,native,NA,NA,NA,NA,NA,NA,NA,NA,NA,NA,NA,NA,NA,NA,NA,NA,TRUE
MB,bcrlunlv,NA,ManyBabies Consortium (2020),409.78694158075604,12-15 mo,29,0.5302962799024193,0.07138977710757194,english,1,typical,yes,1,singlescreen,looking_time,tape recording,eye-tracking,NA,16,within_two,laboratory,unfamiliar mother,1,0,1,naturalistic,test_only,native,NA,NA,NA,NA,NA,NA,NA,NA,NA,NA,NA,NA,NA,NA,NA,NA,TRUE
MB,bllumanitoba,NA,ManyBabies Consortium (2020),413.42748091603056,12-15 mo,16,1.7588518139856606,0.17333687036813514,english,1,typical,yes,1,hpp,looking_time,tape recording,behavior,NA,16,within_two,laboratory,unfamiliar mother,1,0,1,naturalistic,test_only,native,NA,NA,NA,NA,NA,NA,NA,NA,NA,NA,NA,NA,NA,NA,NA,NA,TRUE
MB,bllumanitoba,NA,ManyBabies Consortium (2020),164.43636363636364,3-6 mo,14,0.49159858958139285,0.1471726638085431,english,1,typical,yes,2,hpp,looking_time,tape recording,behavior,NA,16,within_two,laboratory,unfamiliar mother,1,0,1,naturalistic,test_only,native,NA,NA,NA,NA,NA,NA,NA,NA,NA,NA,NA,NA,NA,NA,NA,NA,TRUE
MB,bllumanitoba,NA,ManyBabies Consortium (2020),234.2300469483568,6-9 mo,26,-0.1020301594667465,0.07702317455231548,english,1,typical,yes,3,hpp,looking_time,tape recording,behavior,NA,16,within_two,laboratory,unfamiliar mother,1,0,1,naturalistic,test_only,native,NA,NA,NA,NA,NA,NA,NA,NA,NA,NA,NA,NA,NA,NA,NA,NA,TRUE
MB,bllumanitoba,NA,ManyBabies Consortium (2020),314.0952380952381,9-12 mo,23,0.6351034305894019,0.09134083008202638,english,1,typical,yes,4,hpp,looking_time,tape recording,behavior,NA,16,within_two,laboratory,unfamiliar mother,1,0,1,naturalistic,test_only,native,NA,NA,NA,NA,NA,NA,NA,NA,NA,NA,NA,NA,NA,NA,NA,NA,TRUE
MB,bounbcl,NA,ManyBabies Consortium (2020),407.5991379310345,12-15 mo,31,0.26673376261395765,0.06508989435579193,turkish,0,typical,yes,1,singlescreen,looking_time,tape recording,eye-tracking,NA,16,within_two,laboratory,unfamiliar mother,1,0,1,naturalistic,test_only,nonnative,NA,NA,NA,NA,NA,NA,NA,NA,NA,NA,NA,NA,NA,NA,NA,NA,TRUE
MB,callab,NA,ManyBabies Consortium (2020),407.0740740740741,12-15 mo,14,0.7455391707370906,0.15278265455541692,english,1,typical,yes,1,eyetracking,looking_time,tape recording,eye-tracking,NA,16,within_two,laboratory,unfamiliar mother,1,0,1,naturalistic,test_only,native,NA,NA,NA,NA,NA,NA,NA,NA,NA,NA,NA,NA,NA,NA,NA,NA,TRUE
MB,callab,NA,ManyBabies Consortium (2020),336.1707317073171,9-12 mo,16,0.05962292674529395,0.12505554520927617,english,1,typical,yes,2,eyetracking,looking_time,tape recording,eye-tracking,NA,16,within_two,laboratory,unfamiliar mother,1,0,1,naturalistic,test_only,native,NA,NA,NA,NA,NA,NA,NA,NA,NA,NA,NA,NA,NA,NA,NA,NA,TRUE
MB,cdcceu,NA,ManyBabies Consortium (2020),398.9072164948454,12-15 mo,13,0.8139833991531293,0.16658786488647853,hungarian,0,typical,yes,1,eyetracking,looking_time,tape recording,eye-tracking,NA,16,within_two,laboratory,unfamiliar mother,1,0,1,naturalistic,test_only,nonnative,NA,NA,NA,NA,NA,NA,NA,NA,NA,NA,NA,NA,NA,NA,NA,NA,TRUE
MB,cdcceu,NA,ManyBabies Consortium (2020),146,3-6 mo,13,-0.30069119894959023,0.1555849076370335,hungarian,0,typical,yes,2,eyetracking,looking_time,tape recording,eye-tracking,NA,16,within_two,laboratory,unfamiliar mother,1,0,1,naturalistic,test_only,nonnative,NA,NA,NA,NA,NA,NA,NA,NA,NA,NA,NA,NA,NA,NA,NA,NA,TRUE
MB,childlabmanchester,NA,ManyBabies Consortium (2020),241.05714285714285,6-9 mo,15,-0.3054476740073742,0.1348883046926086,english,0,typical,yes,1,eyetracking,looking_time,tape recording,eye-tracking,NA,16,within_two,laboratory,unfamiliar mother,1,0,1,naturalistic,test_only,nonnative,NA,NA,NA,NA,NA,NA,NA,NA,NA,NA,NA,NA,NA,NA,NA,NA,TRUE
MB,chosunbaby,NA,ManyBabies Consortium (2020),403.74517374517376,12-15 mo,30,0.6603488796153675,0.07030050535674393,korean,0,typical,yes,1,hpp,looking_time,tape recording,behavior,NA,16,within_two,laboratory,unfamiliar mother,1,0,1,naturalistic,test_only,nonnative,NA,NA,NA,NA,NA,NA,NA,NA,NA,NA,NA,NA,NA,NA,NA,NA,TRUE
MB,chosunbaby,NA,ManyBabies Consortium (2020),227.7966804979253,6-9 mo,28,0.17531489363381345,0.07170299385651638,korean,0,typical,yes,2,hpp,looking_time,tape recording,behavior,NA,16,within_two,laboratory,unfamiliar mother,1,0,1,naturalistic,test_only,nonnative,NA,NA,NA,NA,NA,NA,NA,NA,NA,NA,NA,NA,NA,NA,NA,NA,TRUE
MB,chosunbaby,NA,ManyBabies Consortium (2020),296.67469879518075,9-12 mo,19,0.5530360176286023,0.10928748469466451,korean,0,typical,yes,3,hpp,looking_time,tape recording,behavior,NA,16,within_two,laboratory,unfamiliar mother,1,0,1,naturalistic,test_only,nonnative,NA,NA,NA,NA,NA,NA,NA,NA,NA,NA,NA,NA,NA,NA,NA,NA,TRUE
MB,cogdevlabbyu,NA,ManyBabies Consortium (2020),136.93617021276594,3-6 mo,19,-0.20918516557389244,0.10583892675652863,english,1,non-typical,yes,1,eyetracking,looking_time,tape recording,eye-tracking,NA,16,within_two,laboratory,unfamiliar mother,1,0,1,naturalistic,test_only,native,NA,NA,NA,NA,NA,NA,NA,NA,NA,NA,NA,NA,NA,NA,NA,NA,TRUE
MB,cogdevlabbyu,NA,ManyBabies Consortium (2020),194.23529411764707,6-9 mo,10,0.024085946730085735,0.20001450332074713,english,1,non-typical,yes,2,eyetracking,looking_time,tape recording,eye-tracking,NA,16,within_two,laboratory,unfamiliar mother,1,0,1,naturalistic,test_only,native,NA,NA,NA,NA,NA,NA,NA,NA,NA,NA,NA,NA,NA,NA,NA,NA,TRUE
MB,dcnlabtennessee,NA,ManyBabies Consortium (2020),404.6041666666667,12-15 mo,14,0.5372982055390684,0.14801231002991969,english,1,typical,yes,1,eyetracking,looking_time,tape recording,eye-tracking,NA,16,within_two,laboratory,unfamiliar mother,1,0,1,naturalistic,test_only,native,NA,NA,NA,NA,NA,NA,NA,NA,NA,NA,NA,NA,NA,NA,NA,NA,TRUE
MB,earlysocogfm,NA,ManyBabies Consortium (2020),406,12-15 mo,10,0.8072408606588257,0.21629094517793004,english,1,typical,yes,1,eyetracking,looking_time,tape recording,eye-tracking,NA,16,within_two,laboratory,unfamiliar mother,1,0,1,naturalistic,test_only,native,NA,NA,NA,NA,NA,NA,NA,NA,NA,NA,NA,NA,NA,NA,NA,NA,TRUE
MB,earlysocogfm,NA,ManyBabies Consortium (2020),226.49137931034483,6-9 mo,13,-0.21058061593175212,0.15469892684242686,english,1,typical,yes,2,eyetracking,looking_time,tape recording,eye-tracking,NA,16,within_two,laboratory,unfamiliar mother,1,0,1,naturalistic,test_only,native,NA,NA,NA,NA,NA,NA,NA,NA,NA,NA,NA,NA,NA,NA,NA,NA,TRUE
MB,earlysocogfm,NA,ManyBabies Consortium (2020),315.3965517241379,9-12 mo,12,0.5088002978605677,0.17205995298131255,english,1,typical,yes,3,eyetracking,looking_time,tape recording,eye-tracking,NA,16,within_two,laboratory,unfamiliar mother,1,0,1,naturalistic,test_only,native,NA,NA,NA,NA,NA,NA,NA,NA,NA,NA,NA,NA,NA,NA,NA,NA,TRUE
MB,escompicbsleipzig,NA,ManyBabies Consortium (2020),155.71875,3-6 mo,13,0.14265281736141971,0.1542374966596375,german,0,typical,yes,1,eyetracking,looking_time,tape recording,eye-tracking,NA,16,within_two,laboratory,unfamiliar mother,1,0,1,naturalistic,test_only,nonnative,NA,NA,NA,NA,NA,NA,NA,NA,NA,NA,NA,NA,NA,NA,NA,NA,TRUE
MB,ethosrennes,NA,ManyBabies Consortium (2020),145.6424870466321,3-6 mo,47,-0.21962754628970757,0.04280976733558105,french,0,typical,yes,1,eyetracking,looking_time,tape recording,eye-tracking,NA,16,within_two,laboratory,unfamiliar mother,1,0,1,naturalistic,test_only,nonnative,NA,NA,NA,NA,NA,NA,NA,NA,NA,NA,NA,NA,NA,NA,NA,NA,TRUE
MB,ethosrennes,NA,ManyBabies Consortium (2020),235.8054862842893,6-9 mo,43,0.10170560333879014,0.04657176761482853,french,0,typical,yes,2,eyetracking,looking_time,tape recording,eye-tracking,NA,16,within_two,laboratory,unfamiliar mother,1,0,1,naturalistic,test_only,nonnative,NA,NA,NA,NA,NA,NA,NA,NA,NA,NA,NA,NA,NA,NA,NA,NA,TRUE
MB,icclbc,NA,ManyBabies Consortium (2020),231.66304347826087,6-9 mo,13,0.18144762444736356,0.1544792930849537,english,1,typical,yes,1,singlescreen,looking_time,tape recording,eye-tracking,NA,16,within_two,laboratory,unfamiliar mother,1,0,1,naturalistic,test_only,native,NA,NA,NA,NA,NA,NA,NA,NA,NA,NA,NA,NA,NA,NA,NA,NA,TRUE
MB,infantcoglablouisville,NA,ManyBabies Consortium (2020),325.433242506812,9-12 mo,35,0.023185798534855348,0.05714669700895499,english,1,typical,yes,1,singlescreen,looking_time,tape recording,eye-tracking,NA,16,within_two,laboratory,unfamiliar mother,1,0,1,naturalistic,test_only,native,NA,NA,NA,NA,NA,NA,NA,NA,NA,NA,NA,NA,NA,NA,NA,NA,TRUE
MB,infantcogubc,NA,ManyBabies Consortium (2020),140.85344827586206,3-6 mo,28,0.3353204198814508,0.07243249807133458,english,1,typical,yes,1,singlescreen,looking_time,tape recording,eye-tracking,NA,16,within_two,laboratory,unfamiliar mother,1,0,1,naturalistic,test_only,native,NA,NA,NA,NA,NA,NA,NA,NA,NA,NA,NA,NA,NA,NA,NA,NA,TRUE
MB,infantcogubc,NA,ManyBabies Consortium (2020),226.44642857142858,6-9 mo,11,-0.11125073718057026,0.18209947105734592,english,1,typical,yes,2,eyetracking,looking_time,tape recording,eye-tracking,NA,16,within_two,laboratory,unfamiliar mother,1,0,1,naturalistic,test_only,native,NA,NA,NA,NA,NA,NA,NA,NA,NA,NA,NA,NA,NA,NA,NA,NA,TRUE
MB,infantlanglabutk,NA,ManyBabies Consortium (2020),417.04347826086956,12-15 mo,33,0.5463652957320767,0.06286753815439697,english,1,typical,yes,1,hpp,looking_time,tape recording,behavior,NA,16,within_two,laboratory,unfamiliar mother,1,0,1,naturalistic,test_only,native,NA,NA,NA,NA,NA,NA,NA,NA,NA,NA,NA,NA,NA,NA,NA,NA,TRUE
MB,infantlanglabutk,NA,ManyBabies Consortium (2020),226.68421052631578,6-9 mo,32,0.5427216958610118,0.06480114718092385,english,1,typical,yes,2,hpp,looking_time,tape recording,behavior,NA,16,within_two,laboratory,unfamiliar mother,1,0,1,naturalistic,test_only,native,NA,NA,NA,NA,NA,NA,NA,NA,NA,NA,NA,NA,NA,NA,NA,NA,TRUE
MB,infantllmadison,NA,ManyBabies Consortium (2020),409.57085020242914,12-15 mo,30,1.0479464756264494,0.07581826513148247,english,1,typical,yes,1,hpp,looking_time,tape recording,behavior,NA,16,within_two,laboratory,unfamiliar mother,1,0,1,naturalistic,test_only,native,NA,NA,NA,NA,NA,NA,NA,NA,NA,NA,NA,NA,NA,NA,NA,NA,TRUE
MB,infantllmadison,NA,ManyBabies Consortium (2020),223.48605577689244,6-9 mo,31,0.31458908423708354,0.0653142442896865,english,1,typical,yes,2,hpp,looking_time,tape recording,behavior,NA,16,within_two,laboratory,unfamiliar mother,1,0,1,naturalistic,test_only,native,NA,NA,NA,NA,NA,NA,NA,NA,NA,NA,NA,NA,NA,NA,NA,NA,TRUE
MB,infantllmadison,NA,ManyBabies Consortium (2020),315.685393258427,9-12 mo,32,0.9317680678467752,0.06928274790827275,english,1,typical,yes,3,hpp,looking_time,tape recording,behavior,NA,16,within_two,laboratory,unfamiliar mother,1,0,1,naturalistic,test_only,native,NA,NA,NA,NA,NA,NA,NA,NA,NA,NA,NA,NA,NA,NA,NA,NA,TRUE
MB,infantstudiesubc,NA,ManyBabies Consortium (2020),228.66331658291458,6-9 mo,20,0.5226703344421588,0.10341480348132348,english,1,typical,yes,1,hpp,looking_time,tape recording,behavior,NA,16,within_two,laboratory,unfamiliar mother,1,0,1,naturalistic,test_only,native,NA,NA,NA,NA,NA,NA,NA,NA,NA,NA,NA,NA,NA,NA,NA,NA,TRUE
MB,irlconcordia,NA,ManyBabies Consortium (2020),394.5982905982906,12-15 mo,18,1.0398180799369985,0.12612807832449813,english,1,typical,yes,1,eyetracking,looking_time,tape recording,eye-tracking,NA,16,within_two,laboratory,unfamiliar mother,1,0,1,naturalistic,test_only,native,NA,NA,NA,NA,NA,NA,NA,NA,NA,NA,NA,NA,NA,NA,NA,NA,TRUE
MB,irlconcordia,NA,ManyBabies Consortium (2020),219.74285714285713,6-9 mo,17,-0.10481754011964413,0.11780862818701078,english,1,typical,yes,2,eyetracking,looking_time,tape recording,eye-tracking,NA,16,within_two,laboratory,unfamiliar mother,1,0,1,naturalistic,test_only,native,NA,NA,NA,NA,NA,NA,NA,NA,NA,NA,NA,NA,NA,NA,NA,NA,TRUE
MB,islnotredame,NA,ManyBabies Consortium (2020),411.3953488372093,12-15 mo,28,0.5127359572216238,0.07377587644489263,english,1,typical,yes,1,hpp,looking_time,tape recording,behavior,NA,16,within_two,laboratory,unfamiliar mother,1,0,1,naturalistic,test_only,native,NA,NA,NA,NA,NA,NA,NA,NA,NA,NA,NA,NA,NA,NA,NA,NA,TRUE
MB,isplabmcgill,NA,ManyBabies Consortium (2020),414.5375,12-15 mo,11,1.2888490192314541,0.21957117714486094,french,0,typical,yes,1,hpp,looking_time,tape recording,behavior,NA,16,within_two,laboratory,unfamiliar mother,1,0,1,naturalistic,test_only,nonnative,NA,NA,NA,NA,NA,NA,NA,NA,NA,NA,NA,NA,NA,NA,NA,NA,TRUE
MB,kokuhamburg,NA,ManyBabies Consortium (2020),407.7368421052632,12-15 mo,11,0.2892411124554765,0.1837195550257837,german,0,typical,yes,1,eyetracking,looking_time,tape recording,eye-tracking,NA,16,within_two,laboratory,unfamiliar mother,1,0,1,naturalistic,test_only,nonnative,NA,NA,NA,NA,NA,NA,NA,NA,NA,NA,NA,NA,NA,NA,NA,NA,TRUE
MB,kokuhamburg,NA,ManyBabies Consortium (2020),224.08045977011494,6-9 mo,14,-0.2895712652962874,0.14435449138723735,german,0,typical,yes,2,eyetracking,looking_time,tape recording,eye-tracking,NA,16,within_two,laboratory,unfamiliar mother,1,0,1,naturalistic,test_only,nonnative,NA,NA,NA,NA,NA,NA,NA,NA,NA,NA,NA,NA,NA,NA,NA,NA,TRUE
MB,kyotobabylab,NA,ManyBabies Consortium (2020),222.41666666666666,6-9 mo,10,-0.366800913782895,0.20336357275879918,japanese,0,typical,yes,1,eyetracking,looking_time,tape recording,eye-tracking,NA,16,within_two,laboratory,unfamiliar mother,1,0,1,naturalistic,test_only,nonnative,NA,NA,NA,NA,NA,NA,NA,NA,NA,NA,NA,NA,NA,NA,NA,NA,TRUE
MB,kyotobabylab,NA,ManyBabies Consortium (2020),299.09554140127386,9-12 mo,17,0.256398579030209,0.11861382693130457,japanese,0,typical,yes,2,eyetracking,looking_time,tape recording,eye-tracking,NA,16,within_two,laboratory,unfamiliar mother,1,0,1,naturalistic,test_only,nonnative,NA,NA,NA,NA,NA,NA,NA,NA,NA,NA,NA,NA,NA,NA,NA,NA,TRUE
MB,labunam,NA,ManyBabies Consortium (2020),404.900826446281,12-15 mo,14,0.24225746666046324,0.1439051550027276,spanish,0,typical,yes,1,eyetracking,looking_time,tape recording,eye-tracking,NA,16,within_two,laboratory,unfamiliar mother,1,0,1,naturalistic,test_only,nonnative,NA,NA,NA,NA,NA,NA,NA,NA,NA,NA,NA,NA,NA,NA,NA,NA,TRUE
MB,labunam,NA,ManyBabies Consortium (2020),221.96575342465752,6-9 mo,17,0.4177892608312915,0.12021393921273466,spanish,0,typical,yes,2,eyetracking,looking_time,tape recording,eye-tracking,NA,16,within_two,laboratory,unfamiliar mother,1,0,1,naturalistic,test_only,nonnative,NA,NA,NA,NA,NA,NA,NA,NA,NA,NA,NA,NA,NA,NA,NA,NA,TRUE
MB,lancaster,NA,ManyBabies Consortium (2020),409,12-15 mo,23,0.027512835596174887,0.08696474952307111,english,0,typical,yes,1,singlescreen,looking_time,tape recording,eye-tracking,NA,16,within_two,laboratory,unfamiliar mother,1,0,1,naturalistic,test_only,nonnative,NA,NA,NA,NA,NA,NA,NA,NA,NA,NA,NA,NA,NA,NA,NA,NA,TRUE
MB,lancaster,NA,ManyBabies Consortium (2020),225.3148148148148,6-9 mo,19,0.22717694507153685,0.10594222847857941,english,0,typical,yes,2,eyetracking,looking_time,tape recording,eye-tracking,NA,16,within_two,laboratory,unfamiliar mother,1,0,1,naturalistic,test_only,nonnative,NA,NA,NA,NA,NA,NA,NA,NA,NA,NA,NA,NA,NA,NA,NA,NA,TRUE
MB,langlabucla,NA,ManyBabies Consortium (2020),155.12820512820514,3-6 mo,29,0.42533286095719886,0.07052506933284514,english,1,typical,yes,1,hpp,looking_time,tape recording,behavior,NA,16,within_two,laboratory,unfamiliar mother,1,0,1,naturalistic,test_only,native,NA,NA,NA,NA,NA,NA,NA,NA,NA,NA,NA,NA,NA,NA,NA,NA,TRUE
MB,langlabucla,NA,ManyBabies Consortium (2020),324.23873873873873,9-12 mo,29,0.6318455950694779,0.07240714531041985,english,1,typical,yes,2,hpp,looking_time,tape recording,behavior,NA,16,within_two,laboratory,unfamiliar mother,1,0,1,naturalistic,test_only,native,NA,NA,NA,NA,NA,NA,NA,NA,NA,NA,NA,NA,NA,NA,NA,NA,TRUE
MB,lcdfsu,NA,ManyBabies Consortium (2020),319.3888888888889,9-12 mo,15,0.257895185369353,0.13444183211061156,english,1,typical,yes,1,eyetracking,looking_time,tape recording,eye-tracking,NA,16,within_two,laboratory,unfamiliar mother,1,0,1,naturalistic,test_only,native,NA,NA,NA,NA,NA,NA,NA,NA,NA,NA,NA,NA,NA,NA,NA,NA,TRUE
MB,lcduleeds,NA,ManyBabies Consortium (2020),413.531746031746,12-15 mo,14,0.8199150628321107,0.15486179839748185,english,0,typical,yes,1,eyetracking,looking_time,tape recording,eye-tracking,NA,16,within_two,laboratory,unfamiliar mother,1,0,1,naturalistic,test_only,nonnative,NA,NA,NA,NA,NA,NA,NA,NA,NA,NA,NA,NA,NA,NA,NA,NA,TRUE
MB,ldlottawa,NA,ManyBabies Consortium (2020),414.88235294117646,12-15 mo,11,0.7076878133647777,0.1932005009360232,english,1,typical,yes,1,singlescreen,looking_time,tape recording,eye-tracking,NA,16,within_two,laboratory,unfamiliar mother,1,0,1,naturalistic,test_only,native,NA,NA,NA,NA,NA,NA,NA,NA,NA,NA,NA,NA,NA,NA,NA,NA,TRUE
MB,ldlottawa,NA,ManyBabies Consortium (2020),147.35766423357666,3-6 mo,13,0.2825562390875632,0.15538150054321748,english,1,typical,yes,2,singlescreen,looking_time,tape recording,eye-tracking,NA,16,within_two,laboratory,unfamiliar mother,1,0,1,naturalistic,test_only,native,NA,NA,NA,NA,NA,NA,NA,NA,NA,NA,NA,NA,NA,NA,NA,NA,TRUE
MB,ldlottawa,NA,ManyBabies Consortium (2020),241.10493827160494,6-9 mo,17,0.5350852940556281,0.1218575922340382,english,1,typical,yes,3,singlescreen,looking_time,tape recording,eye-tracking,NA,16,within_two,laboratory,unfamiliar mother,1,0,1,naturalistic,test_only,native,NA,NA,NA,NA,NA,NA,NA,NA,NA,NA,NA,NA,NA,NA,NA,NA,TRUE
MB,ldlottawa,NA,ManyBabies Consortium (2020),315.23870967741937,9-12 mo,18,0.25982181219607775,0.11204871352906741,english,1,typical,yes,4,singlescreen,looking_time,tape recording,eye-tracking,NA,16,within_two,laboratory,unfamiliar mother,1,0,1,naturalistic,test_only,native,NA,NA,NA,NA,NA,NA,NA,NA,NA,NA,NA,NA,NA,NA,NA,NA,TRUE
MB,lllliv,NA,ManyBabies Consortium (2020),399.25333333333333,12-15 mo,15,0.5927610212629129,0.13918942713881086,english,0,typical,yes,1,eyetracking,looking_time,tape recording,eye-tracking,NA,16,within_two,laboratory,unfamiliar mother,1,0,1,naturalistic,test_only,nonnative,NA,NA,NA,NA,NA,NA,NA,NA,NA,NA,NA,NA,NA,NA,NA,NA,TRUE
MB,lllliv,NA,ManyBabies Consortium (2020),225.11731843575419,6-9 mo,19,0.31837995198014135,0.1065969183397747,english,0,typical,yes,2,eyetracking,looking_time,tape recording,eye-tracking,NA,16,within_two,laboratory,unfamiliar mother,1,0,1,naturalistic,test_only,nonnative,NA,NA,NA,NA,NA,NA,NA,NA,NA,NA,NA,NA,NA,NA,NA,NA,TRUE
MB,lppparisdescartes2,NA,ManyBabies Consortium (2020),241.6,6-9 mo,30,-0.05469479432512926,0.06669159600438557,french,0,typical,yes,1,hpp,looking_time,tape recording,behavior,NA,16,within_two,laboratory,unfamiliar mother,1,0,1,naturalistic,test_only,nonnative,NA,NA,NA,NA,NA,NA,NA,NA,NA,NA,NA,NA,NA,NA,NA,NA,TRUE
MB,lscppsl,NA,ManyBabies Consortium (2020),401.6776859504132,12-15 mo,14,0.13934810489207464,0.14320389097030378,french,0,typical,yes,1,eyetracking,looking_time,tape recording,eye-tracking,NA,16,within_two,laboratory,unfamiliar mother,1,0,1,naturalistic,test_only,nonnative,NA,NA,NA,NA,NA,NA,NA,NA,NA,NA,NA,NA,NA,NA,NA,NA,TRUE
MB,madlabucsd,NA,ManyBabies Consortium (2020),234.85882352941175,6-9 mo,10,0.14274992667470185,0.20050943853914083,english,1,typical,yes,1,singlescreen,looking_time,tape recording,eye-tracking,NA,16,within_two,laboratory,unfamiliar mother,1,0,1,naturalistic,test_only,native,NA,NA,NA,NA,NA,NA,NA,NA,NA,NA,NA,NA,NA,NA,NA,NA,TRUE
MB,minddevlabbicocca,NA,ManyBabies Consortium (2020),144.75,3-6 mo,11,0.49824023756776104,0.18746007578026316,italian,0,typical,yes,1,singlescreen,looking_time,tape recording,eye-tracking,NA,16,within_two,laboratory,unfamiliar mother,1,0,1,naturalistic,test_only,nonnative,NA,NA,NA,NA,NA,NA,NA,NA,NA,NA,NA,NA,NA,NA,NA,NA,TRUE
MB,musdevutm,NA,ManyBabies Consortium (2020),226.7288888888889,6-9 mo,30,0.19473312513925575,0.0669826749168875,english,1,typical,yes,1,hpp,looking_time,tape recording,behavior,NA,16,within_two,laboratory,unfamiliar mother,1,0,1,naturalistic,test_only,native,NA,NA,NA,NA,NA,NA,NA,NA,NA,NA,NA,NA,NA,NA,NA,NA,TRUE
MB,nusinfantlanguagecentre,NA,ManyBabies Consortium (2020),429.4492753623188,12-15 mo,10,0.6380761768819173,0.2101785301876061,english,0,typical,yes,1,eyetracking,looking_time,tape recording,eye-tracking,NA,16,within_two,laboratory,unfamiliar mother,1,0,1,naturalistic,test_only,nonnative,NA,NA,NA,NA,NA,NA,NA,NA,NA,NA,NA,NA,NA,NA,NA,NA,TRUE
MB,nusinfantlanguagecentre,NA,ManyBabies Consortium (2020),251.4179104477612,6-9 mo,10,-0.3197950658718981,0.2025567221039003,english,0,typical,yes,2,eyetracking,looking_time,tape recording,eye-tracking,NA,16,within_two,laboratory,unfamiliar mother,1,0,1,naturalistic,test_only,nonnative,NA,NA,NA,NA,NA,NA,NA,NA,NA,NA,NA,NA,NA,NA,NA,NA,TRUE
MB,nusinfantlanguagecentre,NA,ManyBabies Consortium (2020),251.4179104477612,6-9 mo,10,-0.3197950658718981,0.2025567221039003,english,0,typical,yes,3,eyetracking,looking_time,tape recording,eye-tracking,NA,16,within_two,laboratory,unfamiliar mother,1,0,1,naturalistic,test_only,nonnative,NA,NA,NA,NA,NA,NA,NA,NA,NA,NA,NA,NA,NA,NA,NA,NA,TRUE
MB,nusinfantlanguagecentre,NA,ManyBabies Consortium (2020),251.4179104477612,6-9 mo,10,-0.3197950658718981,0.2025567221039003,english,0,typical,yes,4,singlescreen,looking_time,tape recording,eye-tracking,NA,16,within_two,laboratory,unfamiliar mother,1,0,1,naturalistic,test_only,nonnative,NA,NA,NA,NA,NA,NA,NA,NA,NA,NA,NA,NA,NA,NA,NA,NA,TRUE
MB,nusinfantlanguagecentre,NA,ManyBabies Consortium (2020),251.4179104477612,6-9 mo,10,-0.3197950658718981,0.2025567221039003,english,0,typical,yes,5,singlescreen,looking_time,tape recording,eye-tracking,NA,16,within_two,laboratory,unfamiliar mother,1,0,1,naturalistic,test_only,nonnative,NA,NA,NA,NA,NA,NA,NA,NA,NA,NA,NA,NA,NA,NA,NA,NA,TRUE
MB,pocdnorthwestern,NA,ManyBabies Consortium (2020),408.59027777777777,12-15 mo,30,0.38346459778150715,0.06789204248126444,english,1,typical,yes,1,eyetracking,looking_time,tape recording,eye-tracking,NA,16,within_two,laboratory,unfamiliar mother,1,0,1,naturalistic,test_only,native,NA,NA,NA,NA,NA,NA,NA,NA,NA,NA,NA,NA,NA,NA,NA,NA,TRUE
MB,purdueinfantspeech,NA,ManyBabies Consortium (2020),393.50218340611355,12-15 mo,31,0.818275779793498,0.06991592944997305,english,1,typical,yes,1,hpp,looking_time,tape recording,behavior,NA,16,within_two,laboratory,unfamiliar mother,1,0,1,naturalistic,test_only,native,NA,NA,NA,NA,NA,NA,NA,NA,NA,NA,NA,NA,NA,NA,NA,NA,TRUE
MB,purdueinfantspeech,NA,ManyBabies Consortium (2020),312.28837209302327,9-12 mo,26,0.4990496242367993,0.07931779353318165,english,1,typical,yes,2,hpp,looking_time,tape recording,behavior,NA,16,within_two,laboratory,unfamiliar mother,1,0,1,naturalistic,test_only,native,NA,NA,NA,NA,NA,NA,NA,NA,NA,NA,NA,NA,NA,NA,NA,NA,TRUE
MB,socialcogumiami,NA,ManyBabies Consortium (2020),135.60683760683762,3-6 mo,19,-0.28437012832864705,0.10632718907744278,english,1,typical,yes,1,eyetracking,looking_time,tape recording,eye-tracking,NA,16,within_two,laboratory,unfamiliar mother,1,0,1,naturalistic,test_only,native,NA,NA,NA,NA,NA,NA,NA,NA,NA,NA,NA,NA,NA,NA,NA,NA,TRUE
MB,trainorlab,NA,ManyBabies Consortium (2020),243.00507614213197,6-9 mo,24,0.5282912274497675,0.08624053771875398,english,1,typical,yes,1,hpp,looking_time,tape recording,behavior,NA,16,within_two,laboratory,unfamiliar mother,1,0,1,naturalistic,test_only,native,NA,NA,NA,NA,NA,NA,NA,NA,NA,NA,NA,NA,NA,NA,NA,NA,TRUE
MB,udssaarland,NA,ManyBabies Consortium (2020),407.50993377483445,12-15 mo,17,0.33531696517250614,0.11930055098724264,german,0,typical,yes,1,singlescreen,looking_time,tape recording,eye-tracking,NA,16,within_two,laboratory,unfamiliar mother,1,0,1,naturalistic,test_only,nonnative,NA,NA,NA,NA,NA,NA,NA,NA,NA,NA,NA,NA,NA,NA,NA,NA,TRUE
MB,udssaarland,NA,ManyBabies Consortium (2020),237.61052631578949,6-9 mo,11,-0.024491295905108564,0.18183181417216163,german,0,typical,yes,2,singlescreen,looking_time,tape recording,eye-tracking,NA,16,within_two,laboratory,unfamiliar mother,1,0,1,naturalistic,test_only,nonnative,NA,NA,NA,NA,NA,NA,NA,NA,NA,NA,NA,NA,NA,NA,NA,NA,TRUE
MB,udssaarland,NA,ManyBabies Consortium (2020),315.58156028368796,9-12 mo,15,-0.2693459079769168,0.13454245363573183,german,0,typical,yes,3,singlescreen,looking_time,tape recording,eye-tracking,NA,16,within_two,laboratory,unfamiliar mother,1,0,1,naturalistic,test_only,nonnative,NA,NA,NA,NA,NA,NA,NA,NA,NA,NA,NA,NA,NA,NA,NA,NA,TRUE
MB,unlvmusiclab,NA,ManyBabies Consortium (2020),139.89285714285714,3-6 mo,20,0.8120149228839431,0.10824210293732771,english,1,typical,yes,1,singlescreen,looking_time,tape recording,eye-tracking,NA,16,within_two,laboratory,unfamiliar mother,1,0,1,naturalistic,test_only,native,NA,NA,NA,NA,NA,NA,NA,NA,NA,NA,NA,NA,NA,NA,NA,NA,TRUE
MB,weescienceedinburgh,NA,ManyBabies Consortium (2020),213.71428571428572,6-9 mo,32,0.02083591022472662,0.0625033916808976,english,0,typical,yes,1,singlescreen,looking_time,tape recording,eye-tracking,NA,16,within_two,laboratory,unfamiliar mother,1,0,1,naturalistic,test_only,nonnative,NA,NA,NA,NA,NA,NA,NA,NA,NA,NA,NA,NA,NA,NA,NA,NA,TRUE
MB,weltentdeckerzurich,NA,ManyBabies Consortium (2020),413.963768115942,12-15 mo,30,0.2652589635012967,0.06725301931431485,swissgerman,0,typical,yes,1,eyetracking,looking_time,tape recording,eye-tracking,NA,16,within_two,laboratory,unfamiliar mother,1,0,1,naturalistic,test_only,nonnative,NA,NA,NA,NA,NA,NA,NA,NA,NA,NA,NA,NA,NA,NA,NA,NA,TRUE
MB,wsigoettingen,NA,ManyBabies Consortium (2020),411.93939393939394,12-15 mo,15,0.41889160406613524,0.13625783626595167,german,0,typical,yes,1,singlescreen,looking_time,tape recording,eye-tracking,NA,16,within_two,laboratory,unfamiliar mother,1,0,1,naturalistic,test_only,nonnative,NA,NA,NA,NA,NA,NA,NA,NA,NA,NA,NA,NA,NA,NA,NA,NA,TRUE
MB,wsigoettingen,NA,ManyBabies Consortium (2020),147.29591836734693,3-6 mo,12,-0.3841716342015899,0.16974141342760665,german,0,typical,yes,2,singlescreen,looking_time,tape recording,eye-tracking,NA,16,within_two,laboratory,unfamiliar mother,1,0,1,naturalistic,test_only,nonnative,NA,NA,NA,NA,NA,NA,NA,NA,NA,NA,NA,NA,NA,NA,NA,NA,TRUE
MB,wsigoettingen,NA,ManyBabies Consortium (2020),222.1771653543307,6-9 mo,31,0.2879483193088247,0.06518479221445787,german,0,typical,yes,3,singlescreen,looking_time,tape recording,eye-tracking,NA,16,within_two,laboratory,unfamiliar mother,1,0,1,naturalistic,test_only,nonnative,NA,NA,NA,NA,NA,NA,NA,NA,NA,NA,NA,NA,NA,NA,NA,NA,TRUE
MB,wsigoettingen,NA,ManyBabies Consortium (2020),311.6466165413534,9-12 mo,30,0.2844136877933894,0.06734075954836863,german,0,typical,yes,4,singlescreen,looking_time,tape recording,eye-tracking,NA,16,within_two,laboratory,unfamiliar mother,1,0,1,naturalistic,test_only,nonnative,NA,NA,NA,NA,NA,NA,NA,NA,NA,NA,NA,NA,NA,NA,NA,NA,TRUE
MB,babylabbrookes,NA,ManyBabies Consortium (2020),360.5,9-12 mo,NA,NA,NA,english,0,typical,yes,4,singlescreen,looking_time,tape recording,eye-tracking,NA,16,within_two,laboratory,unfamiliar mother,1,0,1,naturalistic,test_only,nonnative,NA,NA,NA,NA,NA,NA,NA,NA,NA,NA,NA,NA,NA,NA,NA,NA,TRUE
MB,babylabkingswood,NA,ManyBabies Consortium (2020),274,9-12 mo,NA,NA,NA,english,0,typical,yes,3,hpp,looking_time,tape recording,behavior,NA,16,within_two,laboratory,unfamiliar mother,1,0,1,naturalistic,test_only,nonnative,NA,NA,NA,NA,NA,NA,NA,NA,NA,NA,NA,NA,NA,NA,NA,NA,TRUE
MB,babylablangessex,NA,ManyBabies Consortium (2020),400.54411764705884,12-15 mo,NA,NA,NA,english,0,typical,yes,2,eyetracking,looking_time,tape recording,eye-tracking,NA,16,within_two,laboratory,unfamiliar mother,1,0,1,naturalistic,test_only,nonnative,NA,NA,NA,NA,NA,NA,NA,NA,NA,NA,NA,NA,NA,NA,NA,NA,TRUE
MB,babylablangessex,NA,ManyBabies Consortium (2020),305.0425531914894,9-12 mo,NA,NA,NA,english,0,typical,yes,3,eyetracking,looking_time,tape recording,eye-tracking,NA,16,within_two,laboratory,unfamiliar mother,1,0,1,naturalistic,test_only,nonnative,NA,NA,NA,NA,NA,NA,NA,NA,NA,NA,NA,NA,NA,NA,NA,NA,TRUE
MB,babylablmu,NA,ManyBabies Consortium (2020),263,6-9 mo,NA,NA,NA,german,0,typical,yes,3,eyetracking,looking_time,tape recording,eye-tracking,NA,16,within_two,laboratory,unfamiliar mother,1,0,1,naturalistic,test_only,nonnative,NA,NA,NA,NA,NA,NA,NA,NA,NA,NA,NA,NA,NA,NA,NA,NA,TRUE
MB,babylabplymouth,NA,ManyBabies Consortium (2020),377.71666666666664,12-15 mo,NA,NA,NA,english,0,typical,yes,2,hpp,looking_time,tape recording,behavior,NA,16,within_two,laboratory,unfamiliar mother,1,0,1,naturalistic,test_only,nonnative,NA,NA,NA,NA,NA,NA,NA,NA,NA,NA,NA,NA,NA,NA,NA,NA,TRUE
MB,babylabpotsdam,NA,ManyBabies Consortium (2020),249,6-9 mo,NA,NA,NA,german,0,typical,yes,5,singlescreen,looking_time,tape recording,eye-tracking,NA,16,within_two,laboratory,unfamiliar mother,1,0,1,naturalistic,test_only,nonnative,NA,NA,NA,NA,NA,NA,NA,NA,NA,NA,NA,NA,NA,NA,NA,NA,TRUE
MB,babylabprinceton,NA,ManyBabies Consortium (2020),157.44615384615383,3-6 mo,NA,NA,NA,english,1,non-typical,yes,2,hpp,looking_time,tape recording,behavior,NA,16,within_two,laboratory,unfamiliar mother,1,0,1,naturalistic,test_only,native,NA,NA,NA,NA,NA,NA,NA,NA,NA,NA,NA,NA,NA,NA,NA,NA,TRUE
MB,babylabprinceton,NA,ManyBabies Consortium (2020),183,6-9 mo,NA,NA,NA,english,1,non-typical,yes,3,hpp,looking_time,tape recording,behavior,NA,16,within_two,laboratory,unfamiliar mother,1,0,1,naturalistic,test_only,native,NA,NA,NA,NA,NA,NA,NA,NA,NA,NA,NA,NA,NA,NA,NA,NA,TRUE
MB,babylabshimane,NA,ManyBabies Consortium (2020),274,9-12 mo,NA,NA,NA,japanese,0,typical,yes,3,eyetracking,looking_time,tape recording,eye-tracking,NA,16,within_two,laboratory,unfamiliar mother,1,0,1,naturalistic,test_only,nonnative,NA,NA,NA,NA,NA,NA,NA,NA,NA,NA,NA,NA,NA,NA,NA,NA,TRUE
MB,babylabumassb,NA,ManyBabies Consortium (2020),331.6623376623377,9-12 mo,NA,NA,NA,english,1,typical,yes,2,eyetracking,looking_time,tape recording,eye-tracking,NA,16,within_two,laboratory,unfamiliar mother,1,0,1,naturalistic,test_only,native,NA,NA,NA,NA,NA,NA,NA,NA,NA,NA,NA,NA,NA,NA,NA,NA,TRUE
MB,babylabumassb,NA,ManyBabies Consortium (2020),425.811320754717,12-15 mo,NA,NA,NA,english,1,typical,yes,3,eyetracking,looking_time,tape recording,eye-tracking,NA,16,within_two,laboratory,unfamiliar mother,1,0,1,naturalistic,test_only,native,NA,NA,NA,NA,NA,NA,NA,NA,NA,NA,NA,NA,NA,NA,NA,NA,TRUE
MB,babylabvuw,NA,ManyBabies Consortium (2020),278,9-12 mo,NA,NA,NA,english,0,typical,yes,2,singlescreen,looking_time,tape recording,eye-tracking,NA,16,within_two,laboratory,unfamiliar mother,1,0,1,naturalistic,test_only,nonnative,NA,NA,NA,NA,NA,NA,NA,NA,NA,NA,NA,NA,NA,NA,NA,NA,TRUE
MB,babylabvuw,NA,ManyBabies Consortium (2020),107,3-6 mo,NA,NA,NA,english,0,typical,yes,3,singlescreen,looking_time,tape recording,eye-tracking,NA,16,within_two,laboratory,unfamiliar mother,1,0,1,naturalistic,test_only,nonnative,NA,NA,NA,NA,NA,NA,NA,NA,NA,NA,NA,NA,NA,NA,NA,NA,TRUE
MB,cdcceu,NA,ManyBabies Consortium (2020),183,6-9 mo,NA,NA,NA,hungarian,0,typical,yes,3,eyetracking,looking_time,tape recording,eye-tracking,NA,16,within_two,laboratory,unfamiliar mother,1,0,1,naturalistic,test_only,nonnative,NA,NA,NA,NA,NA,NA,NA,NA,NA,NA,NA,NA,NA,NA,NA,NA,TRUE
MB,cfnuofn,NA,ManyBabies Consortium (2020),392.73846153846154,12-15 mo,NA,NA,NA,english,0,typical,yes,1,eyetracking,looking_time,tape recording,eye-tracking,NA,16,within_two,laboratory,unfamiliar mother,1,0,1,naturalistic,test_only,nonnative,NA,NA,NA,NA,NA,NA,NA,NA,NA,NA,NA,NA,NA,NA,NA,NA,TRUE
MB,cfnuofn,NA,ManyBabies Consortium (2020),193.37735849056602,6-9 mo,NA,NA,NA,english,0,typical,yes,2,eyetracking,looking_time,tape recording,eye-tracking,NA,16,within_two,laboratory,unfamiliar mother,1,0,1,naturalistic,test_only,nonnative,NA,NA,NA,NA,NA,NA,NA,NA,NA,NA,NA,NA,NA,NA,NA,NA,TRUE
MB,cfnuofn,NA,ManyBabies Consortium (2020),178,3-6 mo,NA,NA,NA,english,0,non-typical,yes,3,eyetracking,looking_time,tape recording,eye-tracking,NA,16,within_two,laboratory,unfamiliar mother,1,0,1,naturalistic,test_only,nonnative,NA,NA,NA,NA,NA,NA,NA,NA,NA,NA,NA,NA,NA,NA,NA,NA,TRUE
MB,childlabmanchester,NA,ManyBabies Consortium (2020),309.44262295081967,9-12 mo,NA,NA,NA,english,0,typical,yes,2,eyetracking,looking_time,tape recording,eye-tracking,NA,16,within_two,laboratory,unfamiliar mother,1,0,1,naturalistic,test_only,nonnative,NA,NA,NA,NA,NA,NA,NA,NA,NA,NA,NA,NA,NA,NA,NA,NA,TRUE
MB,childlabmanchester,NA,ManyBabies Consortium (2020),370,12-15 mo,NA,NA,NA,english,0,typical,yes,3,eyetracking,looking_time,tape recording,eye-tracking,NA,16,within_two,laboratory,unfamiliar mother,1,0,1,naturalistic,test_only,nonnative,NA,NA,NA,NA,NA,NA,NA,NA,NA,NA,NA,NA,NA,NA,NA,NA,TRUE
MB,childlabmanchester,NA,ManyBabies Consortium (2020),182,3-6 mo,NA,NA,NA,english,0,typical,yes,4,eyetracking,looking_time,tape recording,eye-tracking,NA,16,within_two,laboratory,unfamiliar mother,1,0,1,naturalistic,test_only,nonnative,NA,NA,NA,NA,NA,NA,NA,NA,NA,NA,NA,NA,NA,NA,NA,NA,TRUE
MB,dcnlabtennessee,NA,ManyBabies Consortium (2020),163.1,3-6 mo,NA,NA,NA,english,1,typical,yes,2,eyetracking,looking_time,tape recording,eye-tracking,NA,16,within_two,laboratory,unfamiliar mother,1,0,1,naturalistic,test_only,native,NA,NA,NA,NA,NA,NA,NA,NA,NA,NA,NA,NA,NA,NA,NA,NA,TRUE
MB,dcnlabtennessee,NA,ManyBabies Consortium (2020),194.5,6-9 mo,NA,NA,NA,english,1,typical,yes,3,eyetracking,looking_time,tape recording,eye-tracking,NA,16,within_two,laboratory,unfamiliar mother,1,0,1,naturalistic,test_only,native,NA,NA,NA,NA,NA,NA,NA,NA,NA,NA,NA,NA,NA,NA,NA,NA,TRUE
MB,escompicbsleipzig,NA,ManyBabies Consortium (2020),184,6-9 mo,NA,NA,NA,german,0,typical,yes,2,eyetracking,looking_time,tape recording,eye-tracking,NA,16,within_two,laboratory,unfamiliar mother,1,0,1,naturalistic,test_only,nonnative,NA,NA,NA,NA,NA,NA,NA,NA,NA,NA,NA,NA,NA,NA,NA,NA,TRUE
MB,icclbc,NA,ManyBabies Consortium (2020),182,3-6 mo,NA,NA,NA,english,1,typical,yes,2,singlescreen,looking_time,tape recording,eye-tracking,NA,16,within_two,laboratory,unfamiliar mother,1,0,1,naturalistic,test_only,native,NA,NA,NA,NA,NA,NA,NA,NA,NA,NA,NA,NA,NA,NA,NA,NA,TRUE
MB,irlconcordia,NA,ManyBabies Consortium (2020),289.75,9-12 mo,NA,NA,NA,english,1,typical,yes,3,eyetracking,looking_time,tape recording,eye-tracking,NA,16,within_two,laboratory,unfamiliar mother,1,0,1,naturalistic,test_only,native,NA,NA,NA,NA,NA,NA,NA,NA,NA,NA,NA,NA,NA,NA,NA,NA,TRUE
MB,jmucdl,NA,ManyBabies Consortium (2020),405.05172413793105,12-15 mo,NA,NA,NA,english,1,typical,yes,1,eyetracking,looking_time,tape recording,eye-tracking,NA,16,within_two,laboratory,unfamiliar mother,1,0,1,naturalistic,test_only,native,NA,NA,NA,NA,NA,NA,NA,NA,NA,NA,NA,NA,NA,NA,NA,NA,TRUE
MB,jmucdl,NA,ManyBabies Consortium (2020),320.77464788732397,9-12 mo,NA,NA,NA,english,1,typical,yes,2,eyetracking,looking_time,tape recording,eye-tracking,NA,16,within_two,laboratory,unfamiliar mother,1,0,1,naturalistic,test_only,native,NA,NA,NA,NA,NA,NA,NA,NA,NA,NA,NA,NA,NA,NA,NA,NA,TRUE
MB,jmucdl,NA,ManyBabies Consortium (2020),273,6-9 mo,NA,NA,NA,english,1,typical,yes,3,eyetracking,looking_time,tape recording,eye-tracking,NA,16,within_two,laboratory,unfamiliar mother,1,0,1,naturalistic,test_only,native,NA,NA,NA,NA,NA,NA,NA,NA,NA,NA,NA,NA,NA,NA,NA,NA,TRUE
MB,jmucdl,NA,ManyBabies Consortium (2020),110,3-6 mo,NA,NA,NA,english,1,typical,yes,4,eyetracking,looking_time,tape recording,eye-tracking,NA,16,within_two,laboratory,unfamiliar mother,1,0,1,naturalistic,test_only,native,NA,NA,NA,NA,NA,NA,NA,NA,NA,NA,NA,NA,NA,NA,NA,NA,TRUE
MB,kyotobabylab,NA,ManyBabies Consortium (2020),371.57142857142856,12-15 mo,NA,NA,NA,japanese,0,typical,yes,3,eyetracking,looking_time,tape recording,eye-tracking,NA,16,within_two,laboratory,unfamiliar mother,1,0,1,naturalistic,test_only,nonnative,NA,NA,NA,NA,NA,NA,NA,NA,NA,NA,NA,NA,NA,NA,NA,NA,TRUE
MB,labunam,NA,ManyBabies Consortium (2020),96,3-6 mo,NA,NA,NA,spanish,0,typical,yes,3,eyetracking,looking_time,tape recording,eye-tracking,NA,16,within_two,laboratory,unfamiliar mother,1,0,1,naturalistic,test_only,nonnative,NA,NA,NA,NA,NA,NA,NA,NA,NA,NA,NA,NA,NA,NA,NA,NA,TRUE
MB,labunam,NA,ManyBabies Consortium (2020),327.37142857142857,9-12 mo,NA,NA,NA,spanish,0,typical,yes,4,eyetracking,looking_time,tape recording,eye-tracking,NA,16,within_two,laboratory,unfamiliar mother,1,0,1,naturalistic,test_only,nonnative,NA,NA,NA,NA,NA,NA,NA,NA,NA,NA,NA,NA,NA,NA,NA,NA,TRUE
MB,langlabucla,NA,ManyBabies Consortium (2020),225,6-9 mo,NA,NA,NA,english,1,typical,yes,3,hpp,looking_time,tape recording,behavior,NA,16,within_two,laboratory,unfamiliar mother,1,0,1,naturalistic,test_only,native,NA,NA,NA,NA,NA,NA,NA,NA,NA,NA,NA,NA,NA,NA,NA,NA,TRUE
MB,langlabucla,NA,ManyBabies Consortium (2020),454.76190476190476,12-15 mo,NA,NA,NA,english,1,non-typical,yes,4,hpp,looking_time,tape recording,behavior,NA,16,within_two,laboratory,unfamiliar mother,1,0,1,naturalistic,test_only,native,NA,NA,NA,NA,NA,NA,NA,NA,NA,NA,NA,NA,NA,NA,NA,NA,TRUE
MB,lcdfsu,NA,ManyBabies Consortium (2020),425.8313253012048,12-15 mo,NA,NA,NA,english,1,typical,yes,2,eyetracking,looking_time,tape recording,eye-tracking,NA,16,within_two,laboratory,unfamiliar mother,1,0,1,naturalistic,test_only,native,NA,NA,NA,NA,NA,NA,NA,NA,NA,NA,NA,NA,NA,NA,NA,NA,TRUE
MB,lllliv,NA,ManyBabies Consortium (2020),292.6666666666667,9-12 mo,NA,NA,NA,english,0,typical,yes,3,eyetracking,looking_time,tape recording,eye-tracking,NA,16,within_two,laboratory,unfamiliar mother,1,0,1,naturalistic,test_only,nonnative,NA,NA,NA,NA,NA,NA,NA,NA,NA,NA,NA,NA,NA,NA,NA,NA,TRUE
MB,minddevlabbicocca,NA,ManyBabies Consortium (2020),193.41176470588235,6-9 mo,NA,NA,NA,italian,0,typical,yes,2,singlescreen,looking_time,tape recording,eye-tracking,NA,16,within_two,laboratory,unfamiliar mother,1,0,1,naturalistic,test_only,nonnative,NA,NA,NA,NA,NA,NA,NA,NA,NA,NA,NA,NA,NA,NA,NA,NA,TRUE
MB,musdevutm,NA,ManyBabies Consortium (2020),283,9-12 mo,NA,NA,NA,english,1,typical,yes,2,hpp,looking_time,tape recording,behavior,NA,16,within_two,laboratory,unfamiliar mother,1,0,1,naturalistic,test_only,native,NA,NA,NA,NA,NA,NA,NA,NA,NA,NA,NA,NA,NA,NA,NA,NA,TRUE
MB,nusinfantlanguagecentre,NA,ManyBabies Consortium (2020),278,9-12 mo,NA,NA,NA,english,0,typical,yes,6,eyetracking,looking_time,NA,NA,NA,NA,NA,NA,NA,NA,NA,NA,NA,test_only,nonnative,NA,NA,NA,NA,NA,NA,NA,NA,NA,NA,NA,NA,NA,NA,NA,NA,TRUE
MB,purdueinfantspeech,NA,ManyBabies Consortium (2020),273,6-9 mo,NA,NA,NA,english,1,typical,yes,3,hpp,looking_time,tape recording,behavior,NA,16,within_two,laboratory,unfamiliar mother,1,0,1,naturalistic,test_only,native,NA,NA,NA,NA,NA,NA,NA,NA,NA,NA,NA,NA,NA,NA,NA,NA,TRUE
MA,Cooper1990,1,Cooper & Aslin (1990),34,0-3 mo,12,0.72,0.1774666667,english,1,typical,yes,Cooper1990_1,CF,looking_time,Tape recording,eye-tracking,significant,NA,within_two,Laboratory,Unfamiliar female,0,0,1,Simulated,test_only,native,yes,NA,NA,NA,12,NA,34,NA,NA,NA,NA,NA,NA,NA,0.583333333,0.583333333,TRUE
MA,Cooper1990,2,Cooper & Aslin (1990),2,0-3 mo,16,0.72,0.1331,english,1,typical,yes,Cooper1990_2,CF,looking_time,Tape recording,eye-tracking,significant,NA,within_two,Hospital room,Unfamiliar female,0,0,1,Simulated,test_only,native,yes,NA,NA,NA,16,NA,2,NA,NA,NA,NA,NA,NA,NA,0.4375,0.4375,TRUE
MA,Cooper1994,1,Cooper & Aslin (1994),35,0-3 mo,12,-0.04,0.1667,english,1,typical,yes,Cooper1994_1,CF,looking_time,Tape recording,eye-tracking,non-significant,NA,within_two,Laboratory,Unfamiliar mother,1,0,1,filtered/synthesized,test_only,native,yes,NA,NA,NA,12,NA,35,NA,NA,NA,NA,NA,NA,NA,0.666666667,0.666666667,TRUE
MA,Cooper1994,2,Cooper & Aslin (1994),35,0-3 mo,20,0.27,0.2018225,english,1,typical,no,Cooper1994_2,CF,looking_time,Tape recording,eye-tracking,not reported,NA,between,Laboratory,Unfamiliar mother,1,0,1,filtered/synthesized,test_only,native,yes,IDS,ADS,NA,10,10,35,NA,NA,NA,NA,NA,NA,NA,0.55,0.55,TRUE
MA,Cooper1994,3,Cooper & Aslin (1994),35,0-3 mo,10,1.24,0.23844,english,1,typical,yes,Cooper1994_3_IDS_first,CF,looking_time,Tape recording,eye-tracking,significant,NA,within_two,Laboratory,Unfamiliar female,0,0,1,filtered/synthesized,test_only,native,yes,NA,NA,NA,10,NA,35,NA,NA,NA,NA,NA,NA,NA,0.4,0.4,TRUE
MA,Cooper1994,3,Cooper & Aslin (1994),35,0-3 mo,10,-0.28,0.20196,english,1,typical,yes,Cooper1994_3_ADS_first,CF,looking_time,Tape recording,eye-tracking,non-significant,NA,within_two,Laboratory,Unfamiliar female,0,0,1,filtered/synthesized,test_only,native,yes,NA,NA,NA,10,NA,35,NA,NA,NA,NA,NA,NA,NA,0.4,0.4,TRUE
MA,Cooper1997,1,Cooper et al. (1997),39,0-3 mo,20,-0.36,0.10162,english,1,typical,yes,Cooper1997_1,CF,looking_time,Tape recording,eye-tracking,non-significant,NA,within_two,Laboratory,Childs mother,1,1,1,Naturalistic,test_only,native,yes,NA,NA,NA,20,NA,39,NA,NA,NA,NA,NA,NA,NA,0.4,0.4,TRUE
MA,Cooper1997,2,Cooper et al. (1997),43,0-3 mo,20,0.45,0.10253125,english,1,typical,yes,Cooper1997_2,CF,looking_time,Tape recording,eye-tracking,significant,NA,within_two,Laboratory,Unfamiliar mother,1,0,1,Naturalistic,test_only,native,yes,NA,NA,NA,20,NA,43,NA,NA,NA,NA,NA,NA,NA,0.2,0.2,TRUE
MA,Cooper1997,3,Cooper et al. (1997),126,3-6 mo,23,0.34,0.08821304348,english,1,typical,yes,Cooper1997_3,CF,looking_time,Tape recording,eye-tracking,significant,NA,within_two,Laboratory,Childs mother,1,1,1,Naturalistic,test_only,native,yes,NA,NA,NA,23,NA,126,NA,NA,NA,NA,NA,NA,NA,0.47826087,0.47826087,TRUE
MA,Fernald1985,1,Fernald (1985),123,3-6 mo,48,0.65,0.0438671875,english,1,typical,yes,Fernald1985,CHT,target_selection,Tape recording,behavior,significant,NA,within_two,Laboratory,Unfamiliar mother,1,0,1,Naturalistic,conditioning,native,yes,NA,NA,NA,48,NA,123,NA,NA,NA,NA,NA,NA,NA,0.4375,0.4375,TRUE
MA,Fernald1987,1,Fernald & Kuhl (1987),124,3-6 mo,20,1.54,0.129645,english,1,typical,yes,Fernald1987_1,CHT,target_selection,Tape recording,behavior,significant,NA,within_two,Laboratory,Unfamiliar mother,1,0,1,filtered/synthesized,conditioning,artificial,yes,NA,NA,NA,20,NA,124,NA,NA,NA,NA,NA,NA,NA,0.45,0.45,TRUE
MA,Fernald1987,2,Fernald & Kuhl (1987),122,3-6 mo,20,0,0.1,english,1,typical,yes,Fernald1987_2,CHT,target_selection,Tape recording,behavior,non-significant,NA,within_two,Laboratory,Unfamiliar mother,1,0,1,filtered/synthesized,conditioning,artificial,yes,NA,NA,NA,20,NA,122,NA,NA,NA,NA,NA,NA,NA,0.5,0.5,TRUE
MA,Fernald1987,3,Fernald & Kuhl (1987),125,3-6 mo,20,0.8,0.108,english,1,typical,yes,Fernald1987_3,CHT,target_selection,Tape recording,behavior,non-significant,NA,within_two,Laboratory,Unfamiliar mother,1,0,1,filtered/synthesized,conditioning,artificial,yes,NA,NA,NA,20,NA,125,NA,NA,NA,NA,NA,NA,NA,0.5,0.5,TRUE
MA,Glenn1983,1,Glenn & Cunningham (1983),372,9-12 mo,10,2.56,0.36384,english,0,non-typical,yes,Glenn1983_1_sample2,FC,target_selection,Tape recording,behavior,significant,NA,within_two,Home,Childs mother,1,0,1,Naturalistic,conditioning,native,yes,NA,NA,NA,10,NA,372,NA,NA,NA,NA,NA,NA,NA,0.5,0.5,TRUE
MA,Glenn1983,1,Glenn & Cunningham (1983),279,6-9 mo,10,2.39,0.3428025,english,0,typical,yes,Glenn1983_1_sample1,FC,target_selection,Tape recording,behavior,significant,NA,within_two,Home,Childs mother,1,0,1,Naturalistic,conditioning,native,yes,NA,NA,NA,10,NA,279,NA,NA,NA,NA,NA,NA,NA,0.5,0.5,TRUE
MA,Kaplan1995a,1,Kaplan et al. (1995a),124,3-6 mo,77,0.76,0.05643157895,english,1,typical,yes,Kaplan1995a_1_a,CF,looking_time,Tape recording,eye-tracking,significant,NA,between,Laboratory,Unfamiliar mother,1,0,1,Simulated,test_only,native,yes,NA,NA,NA,38,39,124,NA,NA,NA,NA,NA,NA,NA,NA,NA,TRUE
MA,Kaplan1995a,2,Kaplan et al. (1995a),126,3-6 mo,26,0.82,0.08338846154,english,1,typical,yes,Kaplan1995a_2_a,CF,looking_time,Tape recording,eye-tracking,non-significant,NA,within_two,Laboratory,Unfamiliar female,0,0,1,Simulated,test_only,native,yes,NA,NA,NA,26,NA,126,NA,NA,NA,NA,NA,NA,NA,NA,NA,TRUE
MA,Kaplan1995b,1,Kaplan et al. (1995b),124,3-6 mo,30,0.44,0.13656,english,1,typical,no,Kaplan1995b_1,CF,looking_time,Tape recording,eye-tracking,non-significant,NA,between,Laboratory,Unfamiliar mother,1,0,1,Simulated,familiarization,native,yes,NA,NA,NA,15,15,124,NA,NA,NA,NA,NA,NA,NA,0.6,0.6,TRUE
MA,Kaplan1995b,1,Kaplan et al. (1995b),124,3-6 mo,30,0.88,0.14624,english,1,typical,no,Kaplan1995b_1,CF,looking_time,Tape recording,eye-tracking,significant,NA,between,Laboratory,Unfamiliar mother,1,0,1,Simulated,familiarization,native,yes,NA,NA,NA,15,15,124,NA,NA,NA,NA,NA,NA,NA,0.6,0.6,FALSE
MA,Kaplan1995b,2,Kaplan et al. (1995b),121,3-6 mo,40,0.14,0.100245,english,1,typical,no,Kaplan1995b_2,CF,looking_time,Tape recording,eye-tracking,non-significant,NA,between,Laboratory,Unfamiliar female,0,0,1,Simulated,familiarization,native,yes,NA,NA,NA,20,20,121,NA,NA,NA,NA,NA,NA,NA,0.55,0.55,TRUE
MA,Kaplan1995b,2,Kaplan et al. (1995b),121,3-6 mo,40,0.36,0.10162,english,1,typical,no,Kaplan1995b_2,CF,looking_time,Tape recording,eye-tracking,non-significant,NA,between,Laboratory,Unfamiliar female,0,0,1,Simulated,familiarization,native,yes,NA,NA,NA,20,20,121,NA,NA,NA,NA,NA,NA,NA,0.55,0.55,FALSE
MA,Pegg1989,1,Pegg et al. (1989),49,0-3 mo,24,0.56,0.0866,english,1,typical,yes,Pegg1989_1_femaleVoice,CF,looking_time,Tape recording,eye-tracking,non-significant,NA,within_two,Laboratory,Unfamiliar female,0,0,1,Simulated,test_only,native,yes,NA,NA,NA,24,NA,49,NA,NA,NA,NA,NA,NA,NA,NA,NA,TRUE
MA,Pegg1989,1,Pegg et al. (1989),49,0-3 mo,24,1.15,0.097109375,english,1,typical,yes,Pegg1989_1_maleVoice,CF,looking_time,Tape recording,eye-tracking,significant,NA,within_two,Laboratory,Unfamiliar male,0,0,0,Simulated,test_only,native,yes,NA,NA,NA,24,NA,49,NA,NA,NA,NA,NA,NA,NA,NA,NA,TRUE
MA,Pegg1992,2,Pegg et al. (1992),49,0-3 mo,24,0.46,0.0855375,english,1,typical,yes,Pegg1992_2_femaleVoice,CF,looking_time,Tape recording,eye-tracking,significant,NA,within_two,Laboratory,Unfamiliar female,0,0,1,Simulated,test_only,native,yes,NA,NA,NA,24,NA,49,NA,NA,NA,NA,NA,NA,NA,NA,NA,TRUE
MA,Pegg1992,2,Pegg et al. (1992),49,0-3 mo,24,1.15,0.097109375,english,1,typical,yes,Pegg1992_2_maleVoice,CF,looking_time,Tape recording,eye-tracking,significant,NA,within_two,Laboratory,Unfamiliar male,0,0,0,Simulated,test_only,native,yes,NA,NA,NA,24,NA,49,NA,NA,NA,NA,NA,NA,NA,NA,NA,TRUE
MA,Schachner2011,1,Schachner & Hannon (2011),156,3-6 mo,20,0.31,0.10120125,english,1,typical,no,Schachner2011,CF,looking_time,Video recording,eye-tracking,non-significant,NA,within_two,Laboratory,Unfamiliar females,0,0,1,Simulated,test_only,native,yes,NA,NA,NA,20,NA,156,NA,NA,NA,NA,NA,NA,NA,0.5,0.5,TRUE
MA,Schachner2011,1,Schachner & Hannon (2011),156,3-6 mo,20,1.26,0.119845,english,1,typical,no,Schachner2011,FC,target_selection,Video recording,behavior,significant,NA,within_two,Laboratory,Unfamiliar females,0,0,1,Simulated,familiarization,native,yes,NA,NA,NA,20,NA,156,NA,NA,NA,NA,NA,NA,NA,0.5,0.5,FALSE
MA,Singh2002,2,Singh et al. (2002),179,3-6 mo,12,-0.16,0.1672,english,1,typical,yes,Singh2002_2_happy,HPP,looking_time,Tape recording,behavior,non-significant,NA,within_two,Laboratory,Unfamiliar mother,1,0,1,Simulated,familiarization,native,yes,NA,NA,NA,12,NA,179,NA,NA,NA,NA,NA,NA,NA,0.388888889,0.388888889,TRUE
MA,Singh2002,2,Singh et al. (2002),179,3-6 mo,12,-0.3,0.1685416667,english,1,typical,yes,Singh2002_2_neutral,HPP,looking_time,Tape recording,behavior,non-significant,NA,within_two,Laboratory,Unfamiliar mother,1,0,1,Simulated,familiarization,native,yes,NA,NA,NA,12,NA,179,NA,NA,NA,NA,NA,NA,NA,0.388888889,0.388888889,TRUE
MA,Singh2002,2,Singh et al. (2002),179,3-6 mo,12,-0.54,0.1727416667,english,1,typical,yes,Singh2002_2_sad,HPP,looking_time,Tape recording,behavior,non-significant,NA,within_two,Laboratory,Unfamiliar mother,1,0,1,Simulated,familiarization,native,yes,NA,NA,NA,12,NA,179,NA,NA,NA,NA,NA,NA,NA,0.388888889,0.388888889,TRUE
MA,Singh2002,2A,Singh et al. (2002),189,3-6 mo,24,0.24,0.08393333333,english,1,typical,yes,Singh2002_2A,HPP,looking_time,Tape recording,behavior,non-significant,NA,within_two,Laboratory,Unfamiliar mother,1,0,1,Simulated,familiarization,native,yes,NA,NA,NA,24,NA,189,NA,NA,NA,NA,NA,NA,NA,0.541666667,0.541666667,TRUE
MA,Singh2002,3,Singh et al. (2002),187,3-6 mo,28,0.5,0.1473214286,english,1,typical,no,Singh2002_3,HPP,looking_time,Tape recording,behavior,not reported,NA,between,Laboratory,Unfamiliar mother,1,0,1,Simulated,familiarization,native,yes,NA,NA,NA,14,14,187,187,NA,NA,NA,NA,NA,NA,0.428571429,0.428571429,TRUE
MA,Singh2002,3,Singh et al. (2002),187,3-6 mo,28,0.61,0.1495017857,english,1,typical,no,Singh2002_3,HPP,looking_time,Tape recording,behavior,not reported,NA,between,Laboratory,Unfamiliar mother,1,0,1,Simulated,familiarization,native,yes,NA,NA,NA,14,14,187,187,NA,NA,NA,NA,NA,NA,0.428571429,0.428571429,FALSE
MA,Singh2009,1,Singh et al. (2009),224,6-9 mo,32,0.29,0.1263140625,english,1,typical,no,Singh2009,HPP,looking_time,Tape recording,behavior,not reported,NA,between,Laboratory,Unfamiliar mother,1,0,1,Simulated,familiarization,native,yes,NA,NA,NA,16,16,224,224,NA,NA,NA,NA,NA,NA,0.375,0.375,TRUE
MA,Singh2009,1,Singh et al. (2009),224,6-9 mo,32,0.29,0.1263140625,english,1,typical,no,Singh2009,HPP,looking_time,Tape recording,behavior,not reported,NA,between,Laboratory,Unfamiliar mother,1,0,1,Simulated,familiarization,native,yes,NA,NA,NA,16,16,224,224,NA,NA,NA,NA,NA,NA,0.375,0.375,FALSE
MA,Trainor1996,2,Trainor et al. (1996),179,3-6 mo,30,2.27,0.1096075,english,1,typical,yes,Trainor1996_2_playsongs,HPP,looking_time,Tape recording,behavior,significant,NA,within_two,Laboratory,Unfamiliar mother,1,0,1,Naturalistic,test_only,native,yes,NA,NA,NA,30,NA,179,NA,NA,NA,NA,NA,NA,NA,NA,NA,TRUE
MA,Trainor1996,2,Trainor et al. (1996),179,3-6 mo,30,1.94,0.09803,english,1,typical,yes,Trainor1996_2_lullabies,HPP,looking_time,Tape recording,behavior,significant,NA,within_two,Laboratory,Unfamiliar mother,1,0,1,Naturalistic,test_only,native,yes,NA,NA,NA,30,NA,179,NA,NA,NA,NA,NA,NA,NA,NA,NA,TRUE
MA,Werker1989,1,Werker & McLeod (1989),154,3-6 mo,12,3.15,0.3733854167,english,1,typical,yes,Werker1989_1,CF,looking_time,Video recording,eye-tracking,significant,NA,within_two,Laboratory,Unfamiliar female,0,0,NA,Simulated,test_only,native,yes,NA,NA,NA,12,NA,154,NA,NA,NA,NA,NA,NA,NA,NA,NA,TRUE
MA,Werker1989,2,Werker & McLeod (1989),132,3-6 mo,16,0.66,0.13180625,english,1,typical,yes,Werker1989_2_4m.o.,CF,looking_time,Video recording,eye-tracking,significant,NA,within_two,Laboratory living room like setting,Unfamiliar female,0,0,NA,Simulated,test_only,native,yes,NA,NA,NA,16,NA,132,NA,NA,NA,NA,NA,NA,NA,NA,NA,TRUE
MA,Werker1989,2,Werker & McLeod (1989),132,3-6 mo,16,0.54,0.12955625,english,1,typical,yes,Werker1989_2_4m.o.,CF,facial_expression,Video recording,other,significant,NA,within_two,Laboratory living room like setting,Unfamiliar female,0,0,NA,Simulated,test_only,native,yes,NA,NA,NA,16,NA,132,NA,NA,NA,NA,NA,NA,NA,NA,NA,FALSE
MA,Werker1989,2,Werker & McLeod (1989),249,6-9 mo,16,1.27,0.1502015625,english,1,typical,yes,Werker1989_2_8m.o.,CF,looking_time,Video recording,eye-tracking,significant,NA,within_two,Laboratory living room like setting,Unfamiliar female,0,0,NA,Simulated,test_only,native,yes,NA,NA,NA,16,NA,249,NA,NA,NA,NA,NA,NA,NA,NA,NA,TRUE
MA,Werker1989,2,Werker & McLeod (1989),249,6-9 mo,16,1.17,0.1463890625,english,1,typical,yes,Werker1989_2_8m.o.,CF,facial_expression,Video recording,other,significant,NA,within_two,Laboratory living room like setting,Unfamiliar female,0,0,NA,Simulated,test_only,native,yes,NA,NA,NA,16,NA,249,NA,NA,NA,NA,NA,NA,NA,NA,NA,FALSE
MA,Werker1989,3,Werker & McLeod (1989),142,3-6 mo,16,1.15,0.1456640625,english,1,typical,yes,Werker1989_3,CF,facial_expression,Tape recording,other,significant,NA,within_two,Laboratory,Unfamiliar female,0,0,1,Simulated,test_only,native,yes,NA,NA,NA,16,NA,142,NA,NA,NA,NA,NA,NA,NA,NA,NA,TRUE
MA,Werker1994,1,Werker et al. (1994),142,3-6 mo,10,0.62,0.20961,english,1,typical,yes,Werker1994_1_5m.o.,CF,looking_time,Video recording,eye-tracking,significant,NA,within_two,Laboratory living room like setting,Unfamiliar mother,1,0,1,Naturalistic,test_only,nonnative,yes,NA,NA,NA,10,NA,142,NA,NA,NA,NA,NA,NA,NA,NA,NA,TRUE
MA,Werker1994,1,Werker et al. (1994),142,3-6 mo,10,0.72,0.21296,english,1,typical,yes,Werker1994_1_5m.o.,CF,facial_expression,Video recording,other,significant,NA,within_two,Laboratory living room like setting,Unfamiliar mother,1,0,1,Naturalistic,test_only,nonnative,yes,NA,NA,NA,10,NA,142,NA,NA,NA,NA,NA,NA,NA,NA,NA,FALSE
MA,Werker1994,1,Werker et al. (1994),262,6-9 mo,10,0.73,0.2133225,english,1,typical,yes,Werker1994_1_9m.o.,CF,looking_time,Video recording,eye-tracking,significant,NA,within_two,Laboratory living room like setting,Unfamiliar mother,1,0,1,Naturalistic,test_only,nonnative,yes,NA,NA,NA,10,NA,262,NA,NA,NA,NA,NA,NA,NA,NA,NA,TRUE
MA,Werker1994,1,Werker et al. (1994),262,6-9 mo,10,0.53,0.2070225,english,1,typical,yes,Werker1994_1_9m.o.,CF,facial_expression,Video recording,other,significant,NA,within_two,Laboratory living room like setting,Unfamiliar mother,1,0,1,Naturalistic,test_only,nonnative,yes,NA,NA,NA,10,NA,262,NA,NA,NA,NA,NA,NA,NA,NA,NA,FALSE
MA,Werker1994,2,Werker et al. (1994),142,3-6 mo,10,0.24,0.20144,cantonese,0,typical,yes,Werker1994_2_5m.o.,CF,looking_time,Video recording,eye-tracking,significant,NA,within_two,Laboratory living room like setting,Unfamiliar mother,1,0,1,Naturalistic,test_only,native,yes,NA,NA,NA,10,NA,142,NA,NA,NA,NA,NA,NA,NA,NA,NA,TRUE
MA,Werker1994,2,Werker et al. (1994),142,3-6 mo,10,0.74,0.21369,cantonese,0,typical,yes,Werker1994_2_5m.o.,CF,facial_expression,Video recording,other,significant,NA,within_two,Laboratory living room like setting,Unfamiliar mother,1,0,1,Naturalistic,test_only,native,yes,NA,NA,NA,10,NA,142,NA,NA,NA,NA,NA,NA,NA,NA,NA,FALSE
MA,Werker1994,2,Werker et al. (1994),262,6-9 mo,10,0.4,0.204,cantonese,0,typical,yes,Werker1994_2_9m.o.,CF,looking_time,Video recording,eye-tracking,significant,NA,within_two,Laboratory living room like setting,Unfamiliar mother,1,0,1,Naturalistic,test_only,native,yes,NA,NA,NA,10,NA,262,NA,NA,NA,NA,NA,NA,NA,NA,NA,TRUE
MA,Werker1994,2,Werker et al. (1994),262,6-9 mo,10,1.23,0.2378225,cantonese,0,typical,yes,Werker1994_2_9m.o.,CF,facial_expression,Video recording,other,significant,NA,within_two,Laboratory living room like setting,Unfamiliar mother,1,0,1,Naturalistic,test_only,native,yes,NA,NA,NA,10,NA,262,NA,NA,NA,NA,NA,NA,NA,NA,NA,FALSE
