"","study_type","study_id","expt_num","short_cite","mean_age","age_group","n","d_calc","d_var_calc","native_lang","prop_nae","infant_type","main_question_ids_preference","same_infant","method","dependent_measure","presentation","response_mode","effect_significance_reported","num_trials","participant_design","setting","speaker","speaker_experience","speaker_fam","speaker_female","speech_type","exposure_phase","test_lang","original_ma","group_name_1","group_name_2","t","n_1","n_2","mean_age_1","mean_age_2","x_1","x_2","sd_1","sd_2","r","corr","gender_1","es_method","prop_female","unique_infants","own_mother","isMeta","isRep","mean_agec_mos","test_lang_a.native","test_lang_b.nonnative","test_lang_c.artificial","method_a.cf","method_b.hpp","method_c.other","speech_type_a.simulated","speech_type_b.naturalistic","speech_type_c.filtered","speech_type_d.synthesized","own_mother_a.no","presentation_a.tape recording","presentation_b.video recording","dependent_measure_a.preference","dependent_measure_b.affect","main_question_ids_preference_a.yes","main_question_ids_preference_b.no","unique","yi","vi","sei","lo","hi","studyTypePretty","sourcePretty","pval","affirm"
"1","MB","babylabbrookes",NA,"ManyBabies Consortium (2020)",410.25,"12-15 mo",12,0.396086670611375,0.16993509688825,"english",0,"typical","a.yes","1","a.cf","a.preference","a.tape recording","eye-tracking",NA,16,"within_two","laboratory","unfamiliar mother",1,0,1,"b.naturalistic","test_only","b.nonnative",NA,NA,NA,NA,NA,NA,NA,NA,NA,NA,NA,NA,NA,NA,NA,NA,NA,TRUE,"a.no",FALSE,TRUE,8.50067494922948,0,1,0,1,0,0,0,1,0,0,1,1,0,1,0,1,0,"babylabbrookes, #1",0.396086670611375,0.16993509688825,0.412231848464247,-0.411872905658922,1.20404624688167,"Replications","Replications",0.336635280671241,FALSE
"2","MB","babylabbrookes",NA,"ManyBabies Consortium (2020)",138.888888888889,"3-6 mo",19,0.728087605704026,0.112238310020787,"english",0,"typical","a.yes","2","a.cf","a.preference","a.tape recording","eye-tracking",NA,16,"within_two","laboratory","unfamiliar mother",1,0,1,"b.naturalistic","test_only","b.nonnative",NA,NA,NA,NA,NA,NA,NA,NA,NA,NA,NA,NA,NA,NA,NA,NA,NA,TRUE,"a.no",FALSE,TRUE,-0.413947623408859,0,1,0,1,0,0,0,1,0,0,1,1,0,1,0,1,0,"babylabbrookes, #2",0.728087605704026,0.112238310020787,0.335019865113678,0.0714607359757502,1.3847144754323,"Replications","Replications",0.02976023025602,TRUE
"3","MB","babylabbrookes",NA,"ManyBabies Consortium (2020)",231.122807017544,"6-9 mo",15,0.574899581408515,0.138841825478395,"english",0,"typical","a.yes","3","a.cf","a.preference","a.tape recording","eye-tracking",NA,16,"within_two","laboratory","unfamiliar mother",1,0,1,"b.naturalistic","test_only","b.nonnative",NA,NA,NA,NA,NA,NA,NA,NA,NA,NA,NA,NA,NA,NA,NA,NA,NA,TRUE,"a.no",FALSE,TRUE,2.61607596820267,0,1,0,1,0,0,0,1,0,0,1,1,0,1,0,1,0,"babylabbrookes, #3",0.574899581408515,0.138841825478395,0.372614848708951,-0.155412102165871,1.3052112649829,"Replications","Replications",0.122860165436868,FALSE
"4","MB","babylabkingswood",NA,"ManyBabies Consortium (2020)",218.326923076923,"6-9 mo",12,0.259006184204381,0.168064254238669,"english",0,"typical","a.yes","1","b.hpp","a.preference","a.tape recording","behavior",NA,16,"within_two","laboratory","unfamiliar mother",1,0,1,"b.naturalistic","test_only","b.nonnative",NA,NA,NA,NA,NA,NA,NA,NA,NA,NA,NA,NA,NA,NA,NA,NA,NA,TRUE,"a.no",FALSE,TRUE,2.19571184400357,0,1,0,0,1,0,0,1,0,0,1,1,0,1,0,1,0,"babylabkingswood, #1",0.259006184204381,0.168064254238669,0.409956405290452,-0.54449360539641,1.06250597380517,"Replications","Replications",0.527524384831482,FALSE
"5","MB","babylabkonstanz",NA,"ManyBabies Consortium (2020)",231.926315789474,"6-9 mo",11,1.01193692887169,0.205091280636688,"german",0,"typical","a.yes","1","b.hpp","a.preference","a.tape recording","behavior",NA,16,"within_two","laboratory","unfamiliar mother",1,0,1,"b.naturalistic","test_only","b.nonnative",NA,NA,NA,NA,NA,NA,NA,NA,NA,NA,NA,NA,NA,NA,NA,NA,NA,TRUE,"a.no",FALSE,TRUE,2.64247244559853,0,1,0,0,1,0,0,1,0,0,1,1,0,1,0,1,0,"babylabkonstanz, #1",1.01193692887169,0.205091280636688,0.452870048288345,0.12432794454962,1.89954591319376,"Replications","Replications",0.0254503658331802,TRUE
"6","MB","babylabnijmegen",NA,"ManyBabies Consortium (2020)",234.631016042781,"6-9 mo",25,0.590194953599895,0.0834833008325478,"dutch",0,"typical","a.yes","1","b.hpp","a.preference","a.tape recording","behavior",NA,16,"within_two","laboratory","unfamiliar mother",1,0,1,"b.naturalistic","test_only","b.nonnative",NA,NA,NA,NA,NA,NA,NA,NA,NA,NA,NA,NA,NA,NA,NA,NA,NA,TRUE,"a.no",FALSE,TRUE,2.73132593618023,0,1,0,0,1,0,0,1,0,0,1,1,0,1,0,1,0,"babylabnijmegen, #1",0.590194953599895,0.0834833008325478,0.288934769165201,0.0238932121547075,1.15649669504508,"Replications","Replications",0.0410862929221063,TRUE
"7","MB","babylabnijmegen",NA,"ManyBabies Consortium (2020)",333.912,"9-12 mo",14,0.175134808910016,0.143404860737356,"dutch",0,"typical","a.yes","2","b.hpp","a.preference","a.tape recording","behavior",NA,16,"within_two","laboratory","unfamiliar mother",1,0,1,"b.naturalistic","test_only","b.nonnative",NA,NA,NA,NA,NA,NA,NA,NA,NA,NA,NA,NA,NA,NA,NA,NA,NA,TRUE,"a.no",FALSE,TRUE,5.99285628957114,0,1,0,0,1,0,0,1,0,0,1,1,0,1,0,1,0,"babylabnijmegen, #2",0.175134808910016,0.143404860737356,0.378688342489383,-0.567080703734344,0.917350321554375,"Replications","Replications",0.643738988773829,FALSE
"8","MB","babylabplymouth",NA,"ManyBabies Consortium (2020)",317.072727272727,"9-12 mo",18,0.594050411301728,0.116012442932885,"english",0,"typical","a.yes","1","b.hpp","a.preference","a.tape recording","behavior",NA,16,"within_two","laboratory","unfamiliar mother",1,0,1,"b.naturalistic","test_only","b.nonnative",NA,NA,NA,NA,NA,NA,NA,NA,NA,NA,NA,NA,NA,NA,NA,NA,NA,TRUE,"a.no",FALSE,TRUE,5.43966073348465,0,1,0,0,1,0,0,1,0,0,1,1,0,1,0,1,0,"babylabplymouth, #1",0.594050411301728,0.116012442932885,0.340605993683149,-0.0735250692357218,1.26162589183918,"Replications","Replications",0.0811419111691645,FALSE
"9","MB","babylabpotsdam",NA,"ManyBabies Consortium (2020)",306.996632996633,"9-12 mo",36,0.596494460016606,0.0580264280613229,"german",0,"typical","a.yes","1","b.hpp","a.preference","a.tape recording","behavior",NA,16,"within_two","laboratory","unfamiliar mother",1,0,1,"b.naturalistic","test_only","b.nonnative",NA,NA,NA,NA,NA,NA,NA,NA,NA,NA,NA,NA,NA,NA,NA,NA,NA,TRUE,"a.no",FALSE,TRUE,5.10864580982847,0,1,0,0,1,0,0,1,0,0,1,1,0,1,0,1,0,"babylabpotsdam, #1",0.596494460016606,0.0580264280613229,0.240886753602856,0.124365098602235,1.06862382143098,"Replications","Replications",0.0132772678114483,TRUE
"10","MB","babylabpotsdam",NA,"ManyBabies Consortium (2020)",306.996632996633,"9-12 mo",36,0.596494460016606,0.0580264280613229,"german",0,"typical","a.yes","2","b.hpp","a.preference","a.tape recording","eye-tracking",NA,16,"within_two","laboratory","unfamiliar mother",1,0,1,"b.naturalistic","test_only","b.nonnative",NA,NA,NA,NA,NA,NA,NA,NA,NA,NA,NA,NA,NA,NA,NA,NA,NA,TRUE,"a.no",FALSE,TRUE,5.10864580982847,0,1,0,0,1,0,0,1,0,0,1,1,0,1,0,1,0,"babylabpotsdam, #2",0.596494460016606,0.0580264280613229,0.240886753602856,0.124365098602235,1.06862382143098,"Replications","Replications",0.0132772678114483,TRUE
"11","MB","babylabpotsdam",NA,"ManyBabies Consortium (2020)",306.996632996633,"9-12 mo",36,0.596494460016606,0.0580264280613229,"german",0,"typical","a.yes","3","a.cf","a.preference","a.tape recording","behavior",NA,16,"within_two","laboratory","unfamiliar mother",1,0,1,"b.naturalistic","test_only","b.nonnative",NA,NA,NA,NA,NA,NA,NA,NA,NA,NA,NA,NA,NA,NA,NA,NA,NA,TRUE,"a.no",FALSE,TRUE,5.10864580982847,0,1,0,1,0,0,0,1,0,0,1,1,0,1,0,1,0,"babylabpotsdam, #3",0.596494460016606,0.0580264280613229,0.240886753602856,0.124365098602235,1.06862382143098,"Replications","Replications",0.0132772678114483,TRUE
"12","MB","babylabpotsdam",NA,"ManyBabies Consortium (2020)",306.996632996633,"9-12 mo",36,0.596494460016606,0.0580264280613229,"german",0,"typical","a.yes","4","a.cf","a.preference","a.tape recording","eye-tracking",NA,16,"within_two","laboratory","unfamiliar mother",1,0,1,"b.naturalistic","test_only","b.nonnative",NA,NA,NA,NA,NA,NA,NA,NA,NA,NA,NA,NA,NA,NA,NA,NA,NA,TRUE,"a.no",FALSE,TRUE,5.10864580982847,0,1,0,1,0,0,0,1,0,0,1,1,0,1,0,1,0,"babylabpotsdam, #4",0.596494460016606,0.0580264280613229,0.240886753602856,0.124365098602235,1.06862382143098,"Replications","Replications",0.0132772678114483,TRUE
"13","MB","babylabshimane",NA,"ManyBabies Consortium (2020)",230.358974358974,"6-9 mo",10,-0.0705822570789465,0.200124546375359,"japanese",0,"typical","a.yes","1","a.cf","a.preference","a.tape recording","eye-tracking",NA,16,"within_two","laboratory","unfamiliar mother",1,0,1,"b.naturalistic","test_only","b.nonnative",NA,NA,NA,NA,NA,NA,NA,NA,NA,NA,NA,NA,NA,NA,NA,NA,NA,TRUE,"a.no",FALSE,TRUE,2.59098291108804,0,1,0,1,0,0,0,1,0,0,1,1,0,1,0,1,0,"babylabshimane, #1",-0.0705822570789465,0.200124546375359,0.447352820909133,-0.947377674443244,0.806213160285351,"Replications","Replications",0.874632045505378,FALSE
"14","MB","babylabuclajohnson",NA,"ManyBabies Consortium (2020)",405.17094017094,"12-15 mo",12,0.504558347978569,0.17197039846906,"english",1,"typical","a.yes","1","a.cf","a.preference","a.tape recording","eye-tracking",NA,16,"within_two","laboratory","unfamiliar mother",1,0,1,"b.naturalistic","test_only","a.native",NA,NA,NA,NA,NA,NA,NA,NA,NA,NA,NA,NA,NA,NA,NA,NA,NA,TRUE,"a.no",FALSE,TRUE,8.3338201585245,1,0,0,1,0,0,0,1,0,0,1,1,0,1,0,1,0,"babylabuclajohnson, #1",0.504558347978569,0.17197039846906,0.414693137716384,-0.308225266581452,1.31734196253859,"Replications","Replications",0.223717270977822,FALSE
"15","MB","babylabutrecht",NA,"ManyBabies Consortium (2020)",224.755208333333,"6-9 mo",20,0.0809851591166641,0.100081982449964,"dutch",0,"typical","a.yes","1","b.hpp","a.preference","a.tape recording","behavior",NA,16,"within_two","laboratory","unfamiliar mother",1,0,1,"b.naturalistic","test_only","b.nonnative",NA,NA,NA,NA,NA,NA,NA,NA,NA,NA,NA,NA,NA,NA,NA,NA,NA,TRUE,"a.no",FALSE,TRUE,2.40689072890535,0,1,0,0,1,0,0,1,0,0,1,1,0,1,0,1,0,"babylabutrecht, #1",0.0809851591166641,0.100081982449964,0.316357365095179,-0.539063882713876,0.701034200947204,"Replications","Replications",0.797956515456028,FALSE
"16","MB","babylabutrecht",NA,"ManyBabies Consortium (2020)",325.650793650794,"9-12 mo",24,0.139178639534157,0.0835351113927352,"dutch",0,"typical","a.yes","2","b.hpp","a.preference","a.tape recording","behavior",NA,16,"within_two","laboratory","unfamiliar mother",1,0,1,"b.naturalistic","test_only","b.nonnative",NA,NA,NA,NA,NA,NA,NA,NA,NA,NA,NA,NA,NA,NA,NA,NA,NA,TRUE,"a.no",FALSE,TRUE,5.72146317691653,0,1,0,0,1,0,0,1,0,0,1,1,0,1,0,1,0,"babylabutrecht, #2",0.139178639534157,0.0835351113927352,0.289024413143138,-0.427298800879218,0.705656079947532,"Replications","Replications",0.630128274693752,FALSE
"17","MB","babylabvuw",NA,"ManyBabies Consortium (2020)",227.021978021978,"6-9 mo",12,0.0657176973364115,0.16675664199465,"english",0,"typical","a.yes","1","a.cf","a.preference","a.tape recording","eye-tracking",NA,16,"within_two","laboratory","unfamiliar mother",1,0,1,"b.naturalistic","test_only","b.nonnative",NA,NA,NA,NA,NA,NA,NA,NA,NA,NA,NA,NA,NA,NA,NA,NA,NA,TRUE,"a.no",FALSE,TRUE,2.48135753865057,0,1,0,1,0,0,0,1,0,0,1,1,0,1,0,1,0,"babylabvuw, #1",0.0657176973364115,0.16675664199465,0.408358472416883,-0.734650201382472,0.866085596055295,"Replications","Replications",0.872147437431471,FALSE
"18","MB","babylabyork",NA,"ManyBabies Consortium (2020)",218.90756302521,"6-9 mo",15,0.154973568192267,0.133733613447304,"english",0,"typical","a.yes","1","a.cf","a.preference","a.tape recording","eye-tracking",NA,16,"within_two","laboratory","unfamiliar mother",1,0,1,"b.naturalistic","test_only","b.nonnative",NA,NA,NA,NA,NA,NA,NA,NA,NA,NA,NA,NA,NA,NA,NA,NA,NA,TRUE,"a.no",FALSE,TRUE,2.21478674375018,0,1,0,1,0,0,0,1,0,0,1,1,0,1,0,1,0,"babylabyork, #1",0.154973568192267,0.133733613447304,0.365696067038332,-0.561777552490808,0.871724688875343,"Replications","Replications",0.671728481313631,FALSE
"19","MB","babylabyork",NA,"ManyBabies Consortium (2020)",313.851485148515,"9-12 mo",12,0.363677168835238,0.169422105898584,"english",0,"typical","a.yes","2","a.cf","a.preference","a.tape recording","eye-tracking",NA,16,"within_two","laboratory","unfamiliar mother",1,0,1,"b.naturalistic","test_only","b.nonnative",NA,NA,NA,NA,NA,NA,NA,NA,NA,NA,NA,NA,NA,NA,NA,NA,NA,TRUE,"a.no",FALSE,TRUE,5.33383806186138,0,1,0,1,0,0,0,1,0,0,1,1,0,1,0,1,0,"babylabyork, #2",0.363677168835238,0.169422105898584,0.411609166441399,-0.443061973096457,1.17041631076693,"Replications","Replications",0.376939324742889,FALSE
"20","MB","baldwinlabuoregon",NA,"ManyBabies Consortium (2020)",322.295918367347,"9-12 mo",11,0.50107457753637,0.187524448460301,"english",1,"typical","a.yes","1","a.cf","a.preference","a.tape recording","eye-tracking",NA,16,"within_two","laboratory","unfamiliar mother",1,0,1,"b.naturalistic","test_only","a.native",NA,NA,NA,NA,NA,NA,NA,NA,NA,NA,NA,NA,NA,NA,NA,NA,NA,TRUE,"a.no",FALSE,TRUE,5.61125045407005,1,0,0,1,0,0,0,1,0,0,1,1,0,1,0,1,0,"baldwinlabuoregon, #1",0.50107457753637,0.187524448460301,0.43304093162229,-0.347670052274991,1.34981920734773,"Replications","Replications",0.247228756280426,FALSE
"21","MB","bchdosu",NA,"ManyBabies Consortium (2020)",141.274809160305,"3-6 mo",14,0.432345760692231,0.146195051014081,"english",1,"typical","a.yes","1","a.cf","a.preference","a.tape recording","eye-tracking",NA,16,"within_two","laboratory","unfamiliar mother",1,0,1,"b.naturalistic","test_only","a.native",NA,NA,NA,NA,NA,NA,NA,NA,NA,NA,NA,NA,NA,NA,NA,NA,NA,TRUE,"a.no",FALSE,TRUE,-0.335566536962851,1,0,0,1,0,0,0,1,0,0,1,1,0,1,0,1,0,"bchdosu, #1",0.432345760692231,0.146195051014081,0.382354614218373,-0.317055512498488,1.18174703388295,"Replications","Replications",0.25816222324112,FALSE
"22","MB","bchdosu",NA,"ManyBabies Consortium (2020)",241.038834951456,"6-9 mo",14,0.0673682625040657,0.142938187192729,"english",1,"non-typical","a.yes","2","a.cf","a.preference","a.tape recording","eye-tracking",NA,16,"within_two","laboratory","unfamiliar mother",1,0,1,"b.naturalistic","test_only","a.native",NA,NA,NA,NA,NA,NA,NA,NA,NA,NA,NA,NA,NA,NA,NA,NA,NA,TRUE,"a.no",FALSE,TRUE,2.94183247063081,1,0,0,1,0,0,0,1,0,0,1,1,0,1,0,1,0,"bchdosu, #2",0.0673682625040657,0.142938187192729,0.378071669386545,-0.673638593068496,0.808375118076628,"Replications","Replications",0.858574444749812,FALSE
"23","MB","bllumanitoba",NA,"ManyBabies Consortium (2020)",410.622448979592,"12-15 mo",11,1.64605010773104,0.24339729448094,"english",1,"typical","a.yes","1","b.hpp","a.preference","a.tape recording","behavior",NA,16,"within_two","laboratory","unfamiliar mother",1,0,1,"b.naturalistic","test_only","a.native",NA,NA,NA,NA,NA,NA,NA,NA,NA,NA,NA,NA,NA,NA,NA,NA,NA,TRUE,"a.no",FALSE,TRUE,8.51291046104262,1,0,0,0,1,0,0,1,0,0,1,1,0,1,0,1,0,"bllumanitoba, #1",1.64605010773104,0.24339729448094,0.49335311337919,0.679095773847123,2.61300444161496,"Replications","Replications",0.000848543835493931,TRUE
"24","MB","bllumanitoba",NA,"ManyBabies Consortium (2020)",166.542553191489,"3-6 mo",12,0.39965880816012,0.169994315894583,"english",1,"typical","a.yes","2","b.hpp","a.preference","a.tape recording","behavior",NA,16,"within_two","laboratory","unfamiliar mother",1,0,1,"b.naturalistic","test_only","a.native",NA,NA,NA,NA,NA,NA,NA,NA,NA,NA,NA,NA,NA,NA,NA,NA,NA,TRUE,"a.no",FALSE,TRUE,0.494517038306006,1,0,0,0,1,0,0,1,0,0,1,1,0,1,0,1,0,"bllumanitoba, #2",0.39965880816012,0.169994315894583,0.412303669513846,-0.408441534780723,1.20775915110096,"Replications","Replications",0.332379970281131,FALSE
"25","MB","bllumanitoba",NA,"ManyBabies Consortium (2020)",234.769633507853,"6-9 mo",24,-0.0896362790419238,0.0834170277345883,"english",1,"typical","a.yes","3","b.hpp","a.preference","a.tape recording","behavior",NA,16,"within_two","laboratory","unfamiliar mother",1,0,1,"b.naturalistic","test_only","a.native",NA,NA,NA,NA,NA,NA,NA,NA,NA,NA,NA,NA,NA,NA,NA,NA,NA,TRUE,"a.no",FALSE,TRUE,2.73587972938235,1,0,0,0,1,0,0,1,0,0,1,1,0,1,0,1,0,"bllumanitoba, #3",-0.0896362790419238,0.0834170277345883,0.288820061170599,-0.655713196948952,0.476440638865105,"Replications","Replications",0.756292250605782,FALSE
"26","MB","bllumanitoba",NA,"ManyBabies Consortium (2020)",313.816993464052,"9-12 mo",19,0.73101506372563,0.112294513465708,"english",1,"typical","a.yes","4","b.hpp","a.preference","a.tape recording","behavior",NA,16,"within_two","laboratory","unfamiliar mother",1,0,1,"b.naturalistic","test_only","a.native",NA,NA,NA,NA,NA,NA,NA,NA,NA,NA,NA,NA,NA,NA,NA,NA,NA,TRUE,"a.no",FALSE,TRUE,5.332704957904,1,0,0,0,1,0,0,1,0,0,1,1,0,1,0,1,0,"bllumanitoba, #4",0.73101506372563,0.112294513465708,0.335103735380117,0.0742238112957598,1.3878063161555,"Replications","Replications",0.0291494828908225,TRUE
"27","MB","chosunbaby",NA,"ManyBabies Consortium (2020)",404.703196347032,"12-15 mo",27,0.593539308576974,0.0773360084335744,"korean",0,"typical","a.yes","1","b.hpp","a.preference","a.tape recording","behavior",NA,16,"within_two","laboratory","unfamiliar mother",1,0,1,"b.naturalistic","test_only","b.nonnative",NA,NA,NA,NA,NA,NA,NA,NA,NA,NA,NA,NA,NA,NA,NA,NA,NA,TRUE,"a.no",FALSE,TRUE,8.3184540670689,0,1,0,0,1,0,0,1,0,0,1,1,0,1,0,1,0,"chosunbaby, #1",0.593539308576974,0.0773360084335744,0.278093524616404,0.0484860159950201,1.13859260115893,"Replications","Replications",0.0328169666863098,TRUE
"28","MB","chosunbaby",NA,"ManyBabies Consortium (2020)",224.75845410628,"6-9 mo",27,0.19237441182636,0.0744167399474587,"korean",0,"typical","a.yes","2","b.hpp","a.preference","a.tape recording","behavior",NA,16,"within_two","laboratory","unfamiliar mother",1,0,1,"b.naturalistic","test_only","b.nonnative",NA,NA,NA,NA,NA,NA,NA,NA,NA,NA,NA,NA,NA,NA,NA,NA,NA,TRUE,"a.no",FALSE,TRUE,2.40699735745157,0,1,0,0,1,0,0,1,0,0,1,1,0,1,0,1,0,"chosunbaby, #2",0.19237441182636,0.0744167399474587,0.272794318026345,-0.342292626692442,0.727041450345161,"Replications","Replications",0.480686103486868,FALSE
"29","MB","chosunbaby",NA,"ManyBabies Consortium (2020)",298.550724637681,"9-12 mo",17,0.57113884910385,0.122444111543466,"korean",0,"typical","a.yes","3","b.hpp","a.preference","a.tape recording","behavior",NA,16,"within_two","laboratory","unfamiliar mother",1,0,1,"b.naturalistic","test_only","b.nonnative",NA,NA,NA,NA,NA,NA,NA,NA,NA,NA,NA,NA,NA,NA,NA,NA,NA,TRUE,"a.no",FALSE,TRUE,4.83118495703767,0,1,0,0,1,0,0,1,0,0,1,1,0,1,0,1,0,"chosunbaby, #3",0.57113884910385,0.122444111543466,0.349920150239259,-0.114692042829943,1.25696974103764,"Replications","Replications",0.102637854364889,FALSE
"30","MB","ethosrennes",NA,"ManyBabies Consortium (2020)",145.79704797048,"3-6 mo",32,-0.0764649238651632,0.0625456787857946,"french",0,"typical","a.yes","1","a.cf","a.preference","a.tape recording","eye-tracking",NA,16,"within_two","laboratory","unfamiliar mother",1,0,1,"b.naturalistic","test_only","b.nonnative",NA,NA,NA,NA,NA,NA,NA,NA,NA,NA,NA,NA,NA,NA,NA,NA,NA,TRUE,"a.no",FALSE,TRUE,-0.1870041581792,0,1,0,1,0,0,0,1,0,0,1,1,0,1,0,1,0,"ethosrennes, #1",-0.0764649238651632,0.0625456787857946,0.250091340885275,-0.566634944845631,0.413705097115304,"Replications","Replications",0.759796533931463,FALSE
"31","MB","ethosrennes",NA,"ManyBabies Consortium (2020)",231.866666666667,"6-9 mo",17,0.243451034258758,0.118518653030613,"french",0,"typical","a.yes","2","a.cf","a.preference","a.tape recording","eye-tracking",NA,16,"within_two","laboratory","unfamiliar mother",1,0,1,"b.naturalistic","test_only","b.nonnative",NA,NA,NA,NA,NA,NA,NA,NA,NA,NA,NA,NA,NA,NA,NA,NA,NA,TRUE,"a.no",FALSE,TRUE,2.64051288177438,0,1,0,1,0,0,0,1,0,0,1,1,0,1,0,1,0,"ethosrennes, #2",0.243451034258758,0.118518653030613,0.344265381690655,-0.431296714978862,0.918198783496377,"Replications","Replications",0.4794664629016,FALSE
"32","MB","infantcoglablouisville",NA,"ManyBabies Consortium (2020)",323.597122302158,"9-12 mo",13,-0.0571799853571766,0.153909029821643,"english",1,"typical","a.yes","1","a.cf","a.preference","a.tape recording","eye-tracking",NA,16,"within_two","laboratory","unfamiliar mother",1,0,1,"b.naturalistic","test_only","a.native",NA,NA,NA,NA,NA,NA,NA,NA,NA,NA,NA,NA,NA,NA,NA,NA,NA,TRUE,"a.no",FALSE,TRUE,5.65399696966832,1,0,0,1,0,0,0,1,0,0,1,1,0,1,0,1,0,"infantcoglablouisville, #1",-0.0571799853571766,0.153909029821643,0.392312413545179,-0.82609818659371,0.711738215879357,"Replications","Replications",0.884117840773654,FALSE
"33","MB","infantcogubc",NA,"ManyBabies Consortium (2020)",138.040229885057,"3-6 mo",19,0.551854440589457,0.109270306889451,"english",1,"typical","a.yes","1","a.cf","a.preference","a.tape recording","eye-tracking",NA,16,"within_two","laboratory","unfamiliar mother",1,0,1,"b.naturalistic","test_only","a.native",NA,NA,NA,NA,NA,NA,NA,NA,NA,NA,NA,NA,NA,NA,NA,NA,NA,TRUE,"a.no",FALSE,TRUE,-0.441827354152335,1,0,0,1,0,0,0,1,0,0,1,1,0,1,0,1,0,"infantcogubc, #1",0.551854440589457,0.109270306889451,0.330560594883073,-0.0960324200895016,1.19974130126842,"Replications","Replications",0.0950281983819963,FALSE
"34","MB","infantlanglabutk",NA,"ManyBabies Consortium (2020)",415.368421052632,"12-15 mo",23,0.890478774268095,0.095575570080674,"english",1,"typical","a.yes","1","b.hpp","a.preference","a.tape recording","behavior",NA,16,"within_two","laboratory","unfamiliar mother",1,0,1,"b.naturalistic","test_only","a.native",NA,NA,NA,NA,NA,NA,NA,NA,NA,NA,NA,NA,NA,NA,NA,NA,NA,TRUE,"a.no",FALSE,TRUE,8.66882281561028,1,0,0,0,1,0,0,1,0,0,1,1,0,1,0,1,0,"infantlanglabutk, #1",0.890478774268095,0.095575570080674,0.309152988147736,0.284550051785595,1.4964074967506,"Replications","Replications",0.00397193308765154,TRUE
"35","MB","infantlanglabutk",NA,"ManyBabies Consortium (2020)",225.411504424779,"6-9 mo",30,0.52531621946292,0.0689663094202568,"english",1,"typical","a.yes","2","b.hpp","a.preference","a.tape recording","behavior",NA,16,"within_two","laboratory","unfamiliar mother",1,0,1,"b.naturalistic","test_only","a.native",NA,NA,NA,NA,NA,NA,NA,NA,NA,NA,NA,NA,NA,NA,NA,NA,NA,TRUE,"a.no",FALSE,TRUE,2.42845104728398,1,0,0,0,1,0,0,1,0,0,1,1,0,1,0,1,0,"infantlanglabutk, #2",0.52531621946292,0.0689663094202568,0.262614373978761,0.0106015046420147,1.04003093428382,"Replications","Replications",0.0454643092889735,TRUE
"36","MB","infantllmadison",NA,"ManyBabies Consortium (2020)",410.097222222222,"12-15 mo",12,1.19303692971482,0.196319523242987,"english",1,"typical","a.yes","1","b.hpp","a.preference","a.tape recording","behavior",NA,16,"within_two","laboratory","unfamiliar mother",1,0,1,"b.naturalistic","test_only","a.native",NA,NA,NA,NA,NA,NA,NA,NA,NA,NA,NA,NA,NA,NA,NA,NA,NA,TRUE,"a.no",FALSE,TRUE,8.49565596835636,1,0,0,0,1,0,0,1,0,0,1,1,0,1,0,1,0,"infantllmadison, #1",1.19303692971482,0.196319523242987,0.443079590190055,0.324616890657549,2.0614569687721,"Replications","Replications",0.00708968748444749,TRUE
"37","MB","infantllmadison",NA,"ManyBabies Consortium (2020)",226.292134831461,"6-9 mo",18,0.676500804529204,0.117467407479565,"english",1,"typical","a.yes","2","b.hpp","a.preference","a.tape recording","behavior",NA,16,"within_two","laboratory","unfamiliar mother",1,0,1,"b.naturalistic","test_only","a.native",NA,NA,NA,NA,NA,NA,NA,NA,NA,NA,NA,NA,NA,NA,NA,NA,NA,TRUE,"a.no",FALSE,TRUE,2.4573810869253,1,0,0,0,1,0,0,1,0,0,1,1,0,1,0,1,0,"infantllmadison, #2",0.676500804529204,0.117467407479565,0.34273518564566,0.00475218442906233,1.34824942462935,"Replications","Replications",0.0484011384424132,TRUE
"38","MB","infantllmadison",NA,"ManyBabies Consortium (2020)",315.841807909605,"9-12 mo",18,1.06944459333181,0.126995996363981,"english",1,"typical","a.yes","3","b.hpp","a.preference","a.tape recording","behavior",NA,16,"within_two","laboratory","unfamiliar mother",1,0,1,"b.naturalistic","test_only","a.native",NA,NA,NA,NA,NA,NA,NA,NA,NA,NA,NA,NA,NA,NA,NA,NA,NA,TRUE,"a.no",FALSE,TRUE,5.39922317227825,1,0,0,0,1,0,0,1,0,0,1,1,0,1,0,1,0,"infantllmadison, #3",1.06944459333181,0.126995996363981,0.356364976343048,0.370982074347964,1.76790711231565,"Replications","Replications",0.00269111181821069,TRUE
"39","MB","islnotredame",NA,"ManyBabies Consortium (2020)",409.802469135802,"12-15 mo",20,0.600747905675451,0.104511225577168,"english",1,"typical","a.yes","1","b.hpp","a.preference","a.tape recording","behavior",NA,16,"within_two","laboratory","unfamiliar mother",1,0,1,"b.naturalistic","test_only","a.native",NA,NA,NA,NA,NA,NA,NA,NA,NA,NA,NA,NA,NA,NA,NA,NA,NA,TRUE,"a.no",FALSE,TRUE,8.48597288404559,1,0,0,0,1,0,0,1,0,0,1,1,0,1,0,1,0,"islnotredame, #1",0.600747905675451,0.104511225577168,0.323281959869659,-0.0328730925206038,1.23436890387151,"Replications","Replications",0.0631294796665636,FALSE
"40","MB","lancaster",NA,"ManyBabies Consortium (2020)",222.82905982906,"6-9 mo",12,0.243204156567713,0.167898922120246,"english",0,"typical","a.yes","1","a.cf","a.preference","a.tape recording","eye-tracking",NA,16,"within_two","laboratory","unfamiliar mother",1,0,1,"b.naturalistic","test_only","b.nonnative",NA,NA,NA,NA,NA,NA,NA,NA,NA,NA,NA,NA,NA,NA,NA,NA,NA,TRUE,"a.no",FALSE,TRUE,2.34361383980306,0,1,0,1,0,0,0,1,0,0,1,1,0,1,0,1,0,"lancaster, #1",0.243204156567713,0.167898922120246,0.409754709698676,-0.559900316937356,1.04630863007278,"Replications","Replications",0.552822522000684,FALSE
"41","MB","langlabucla",NA,"ManyBabies Consortium (2020)",154.60663507109,"3-6 mo",26,0.408372863942367,0.0785266191923509,"english",1,"typical","a.yes","1","b.hpp","a.preference","a.tape recording","behavior",NA,16,"within_two","laboratory","unfamiliar mother",1,0,1,"b.naturalistic","test_only","a.native",NA,NA,NA,NA,NA,NA,NA,NA,NA,NA,NA,NA,NA,NA,NA,NA,NA,TRUE,"a.no",FALSE,TRUE,0.102404090855305,1,0,0,0,1,0,0,1,0,0,1,1,0,1,0,1,0,"langlabucla, #1",0.408372863942367,0.0785266191923509,0.280226014481794,-0.140860031973149,0.957605759857884,"Replications","Replications",0.145034086010756,FALSE
"42","MB","langlabucla",NA,"ManyBabies Consortium (2020)",324.20207253886,"9-12 mo",24,0.747520646092089,0.0891540324618118,"english",1,"typical","a.yes","2","b.hpp","a.preference","a.tape recording","behavior",NA,16,"within_two","laboratory","unfamiliar mother",1,0,1,"b.naturalistic","test_only","a.native",NA,NA,NA,NA,NA,NA,NA,NA,NA,NA,NA,NA,NA,NA,NA,NA,NA,TRUE,"a.no",FALSE,TRUE,5.67387049912633,1,0,0,0,1,0,0,1,0,0,1,1,0,1,0,1,0,"langlabucla, #2",0.747520646092089,0.0891540324618118,0.298586725193555,0.162301418450962,1.33273987373322,"Replications","Replications",0.0122961462672908,TRUE
"43","MB","musdevutm",NA,"ManyBabies Consortium (2020)",226.497695852535,"6-9 mo",27,0.28618274528561,0.0748324126268445,"english",1,"typical","a.yes","1","b.hpp","a.preference","a.tape recording","behavior",NA,16,"within_two","laboratory","unfamiliar mother",1,0,1,"b.naturalistic","test_only","a.native",NA,NA,NA,NA,NA,NA,NA,NA,NA,NA,NA,NA,NA,NA,NA,NA,NA,TRUE,"a.no",FALSE,TRUE,2.46413407710512,1,0,0,0,1,0,0,1,0,0,1,1,0,1,0,1,0,"musdevutm, #1",0.28618274528561,0.0748324126268445,0.273555136356173,-0.249975469758432,0.822340960329653,"Replications","Replications",0.295486654551167,FALSE
"44","MB","pocdnorthwestern",NA,"ManyBabies Consortium (2020)",413.693693693694,"12-15 mo",11,0.589354902372931,0.189712254567068,"english",1,"typical","a.yes","1","a.cf","a.preference","a.tape recording","eye-tracking",NA,16,"within_two","laboratory","unfamiliar mother",1,0,1,"b.naturalistic","test_only","a.native",NA,NA,NA,NA,NA,NA,NA,NA,NA,NA,NA,NA,NA,NA,NA,NA,NA,TRUE,"a.no",FALSE,TRUE,8.61380549107225,1,0,0,1,0,0,0,1,0,0,1,1,0,1,0,1,0,"pocdnorthwestern, #1",0.589354902372931,0.189712254567068,0.4355597026437,-0.264326427925696,1.44303623267156,"Replications","Replications",0.176024368634122,FALSE
"45","MB","purdueinfantspeech",NA,"ManyBabies Consortium (2020)",395.77245508982,"12-15 mo",15,0.749714788510321,0.142701204401851,"english",1,"typical","a.yes","1","b.hpp","a.preference","a.tape recording","behavior",NA,16,"within_two","laboratory","unfamiliar mother",1,0,1,"b.naturalistic","test_only","a.native",NA,NA,NA,NA,NA,NA,NA,NA,NA,NA,NA,NA,NA,NA,NA,NA,NA,TRUE,"a.no",FALSE,TRUE,8.02506572090558,1,0,0,0,1,0,0,1,0,0,1,1,0,1,0,1,0,"purdueinfantspeech, #1",0.749714788510321,0.142701204401851,0.377758129498031,0.009322459826962,1.49010711719368,"Replications","Replications",0.0471842750726748,TRUE
"46","MB","purdueinfantspeech",NA,"ManyBabies Consortium (2020)",309,"9-12 mo",19,0.787723451805797,0.113427739954274,"english",1,"typical","a.yes","2","b.hpp","a.preference","a.tape recording","behavior",NA,16,"within_two","laboratory","unfamiliar mother",1,0,1,"b.naturalistic","test_only","a.native",NA,NA,NA,NA,NA,NA,NA,NA,NA,NA,NA,NA,NA,NA,NA,NA,NA,TRUE,"a.no",FALSE,TRUE,5.17445944331621,1,0,0,0,1,0,0,1,0,0,1,1,0,1,0,1,0,"purdueinfantspeech, #2",0.787723451805797,0.113427739954274,0.33679035015017,0.12762649517083,1.44782040844076,"Replications","Replications",0.0193399175628757,TRUE
"47","MB","trainorlab",NA,"ManyBabies Consortium (2020)",242.411392405063,"6-9 mo",20,0.42642244366332,0.102272951255747,"english",1,"typical","a.yes","1","b.hpp","a.preference","a.tape recording","behavior",NA,16,"within_two","laboratory","unfamiliar mother",1,0,1,"b.naturalistic","test_only","a.native",NA,NA,NA,NA,NA,NA,NA,NA,NA,NA,NA,NA,NA,NA,NA,NA,NA,TRUE,"a.no",FALSE,TRUE,2.98692305714878,1,0,0,0,1,0,0,1,0,0,1,1,0,1,0,1,0,"trainorlab, #1",0.42642244366332,0.102272951255747,0.319801424724387,-0.200376831001075,1.05322171832771,"Replications","Replications",0.18240136835282,FALSE
"48","MB","udssaarland",NA,"ManyBabies Consortium (2020)",407.642201834862,"12-15 mo",13,0.186847034642841,0.154517534891439,"german",0,"typical","a.yes","1","a.cf","a.preference","a.tape recording","eye-tracking",NA,16,"within_two","laboratory","unfamiliar mother",1,0,1,"b.naturalistic","test_only","b.nonnative",NA,NA,NA,NA,NA,NA,NA,NA,NA,NA,NA,NA,NA,NA,NA,NA,NA,TRUE,"a.no",FALSE,TRUE,8.41500483867963,0,1,0,1,0,0,0,1,0,0,1,1,0,1,0,1,0,"udssaarland, #1",0.186847034642841,0.154517534891439,0.393087184847635,-0.583589690442763,0.957283759728444,"Replications","Replications",0.63455014212082,FALSE
"49","MB","udssaarland",NA,"ManyBabies Consortium (2020)",239.75,"6-9 mo",10,0.000512870897139819,0.200000006575914,"german",0,"typical","a.yes","2","a.cf","a.preference","a.tape recording","eye-tracking",NA,16,"within_two","laboratory","unfamiliar mother",1,0,1,"b.naturalistic","test_only","b.nonnative",NA,NA,NA,NA,NA,NA,NA,NA,NA,NA,NA,NA,NA,NA,NA,NA,NA,TRUE,"a.no",FALSE,TRUE,2.89949229482738,0,1,0,1,0,0,0,1,0,0,1,1,0,1,0,1,0,"udssaarland, #2",0.000512870897139819,0.200000006575914,0.447213602852053,-0.876009684089283,0.877035425883563,"Replications","Replications",0.999084974879554,FALSE
"50","MB","udssaarland",NA,"ManyBabies Consortium (2020)",310.945652173913,"9-12 mo",12,0.251197226398157,0.167981250969794,"german",0,"typical","a.yes","3","a.cf","a.preference","a.tape recording","eye-tracking",NA,16,"within_two","laboratory","unfamiliar mother",1,0,1,"b.naturalistic","test_only","b.nonnative",NA,NA,NA,NA,NA,NA,NA,NA,NA,NA,NA,NA,NA,NA,NA,NA,NA,TRUE,"a.no",FALSE,TRUE,5.2383770574395,0,1,0,1,0,0,0,1,0,0,1,1,0,1,0,1,0,"udssaarland, #3",0.251197226398157,0.167981250969794,0.409855158525295,-0.552104123189375,1.05449857598569,"Replications","Replications",0.539947303873296,FALSE
"51","MB","unlvmusiclab",NA,"ManyBabies Consortium (2020)",138.108527131783,"3-6 mo",16,0.986524247150976,0.140206720159637,"english",1,"typical","a.yes","1","a.cf","a.preference","a.tape recording","eye-tracking",NA,16,"within_two","laboratory","unfamiliar mother",1,0,1,"b.naturalistic","test_only","a.native",NA,NA,NA,NA,NA,NA,NA,NA,NA,NA,NA,NA,NA,NA,NA,NA,NA,TRUE,"a.no",FALSE,TRUE,-0.439583686388685,1,0,0,1,0,0,0,1,0,0,1,1,0,1,0,1,0,"unlvmusiclab, #1",0.986524247150976,0.140206720159637,0.374441878212944,0.252631651550072,1.72041684275188,"Replications","Replications",0.0084223449183598,TRUE
"52","MB","weescienceedinburgh",NA,"ManyBabies Consortium (2020)",212.095022624434,"6-9 mo",28,-0.117785063634603,0.0715524403679947,"english",0,"typical","a.yes","1","a.cf","a.preference","a.tape recording","eye-tracking",NA,16,"within_two","laboratory","unfamiliar mother",1,0,1,"b.naturalistic","test_only","b.nonnative",NA,NA,NA,NA,NA,NA,NA,NA,NA,NA,NA,NA,NA,NA,NA,NA,NA,TRUE,"a.no",FALSE,TRUE,1.99098449668134,0,1,0,1,0,0,0,1,0,0,1,1,0,1,0,1,0,"weescienceedinburgh, #1",-0.117785063634603,0.0715524403679947,0.267492879097734,-0.642061472787088,0.406491345517881,"Replications","Replications",0.659698320912432,FALSE
"53","MB","weltentdeckerzurich",NA,"ManyBabies Consortium (2020)",409.525179856115,"12-15 mo",11,0.909670310974318,0.200625001697003,"swissgerman",0,"typical","a.yes","1","a.cf","a.preference","a.tape recording","eye-tracking",NA,16,"within_two","laboratory","unfamiliar mother",1,0,1,"b.naturalistic","test_only","b.nonnative",NA,NA,NA,NA,NA,NA,NA,NA,NA,NA,NA,NA,NA,NA,NA,NA,NA,TRUE,"a.no",FALSE,TRUE,8.47686351217676,0,1,0,1,0,0,0,1,0,0,1,1,0,1,0,1,0,"weltentdeckerzurich, #1",0.909670310974318,0.200625001697003,0.447911823573572,0.0317792685204585,1.78756135342818,"Replications","Replications",0.0422637379822624,TRUE
"54","MB","wsigoettingen",NA,"ManyBabies Consortium (2020)",147.477777777778,"3-6 mo",11,-0.535036864835148,0.188324191971196,"german",0,"typical","a.yes","1","a.cf","a.preference","a.tape recording","eye-tracking",NA,16,"within_two","laboratory","unfamiliar mother",1,0,1,"b.naturalistic","test_only","b.nonnative",NA,NA,NA,NA,NA,NA,NA,NA,NA,NA,NA,NA,NA,NA,NA,NA,NA,TRUE,"a.no",FALSE,TRUE,-0.131789644141812,0,1,0,1,0,0,0,1,0,0,1,1,0,1,0,1,0,"wsigoettingen, #1",-0.535036864835148,0.188324191971196,0.433963353258309,-1.38558940783167,0.31551567816137,"Replications","Replications",0.217610111974942,FALSE
"55","MB","wsigoettingen",NA,"ManyBabies Consortium (2020)",221.759493670886,"6-9 mo",31,0.287948319308825,0.0651847922144579,"german",0,"typical","a.yes","2","a.cf","a.preference","a.tape recording","eye-tracking",NA,16,"within_two","laboratory","unfamiliar mother",1,0,1,"b.naturalistic","test_only","b.nonnative",NA,NA,NA,NA,NA,NA,NA,NA,NA,NA,NA,NA,NA,NA,NA,NA,NA,TRUE,"a.no",FALSE,TRUE,2.30847697521129,0,1,0,1,0,0,0,1,0,0,1,1,0,1,0,1,0,"wsigoettingen, #2",0.287948319308825,0.0651847922144579,0.255313125817021,-0.212456212072879,0.788352850690529,"Replications","Replications",0.259394175241298,FALSE
"56","MB","wsigoettingen",NA,"ManyBabies Consortium (2020)",312.670103092784,"9-12 mo",21,0.445501717228899,0.0976008545244511,"german",0,"typical","a.yes","3","a.cf","a.preference","a.tape recording","eye-tracking",NA,16,"within_two","laboratory","unfamiliar mother",1,0,1,"b.naturalistic","test_only","b.nonnative",NA,NA,NA,NA,NA,NA,NA,NA,NA,NA,NA,NA,NA,NA,NA,NA,NA,TRUE,"a.no",FALSE,TRUE,5.29502787606206,0,1,0,1,0,0,0,1,0,0,1,1,0,1,0,1,0,"wsigoettingen, #3",0.445501717228899,0.0976008545244511,0.31241135466633,-0.166813286278477,1.05781672073627,"Replications","Replications",0.153865454287675,FALSE
"57","MA","Cooper1990","1","Cooper & Aslin (1990)",34,"0-3 mo",12,0.540710346921257,0.178848653302821,"english",1,"typical","a.yes","1","a.cf","a.preference","a.tape recording","eye-tracking","significant",NA,"within_two","Laboratory","unfamiliar mother",1,0,1,"a.simulated","test_only","a.native","yes",NA,NA,NA,12,NA,34,NA,33.6,21.4,19.8,15.3,NA,NA,0.583333333,"classic_cohen_d_within_two",0.583333333,TRUE,"a.no",TRUE,FALSE,-3.85970612830008,1,0,0,1,0,0,1,0,0,0,1,1,0,1,0,1,0,"Cooper1990, #1",0.540710346921257,0.178848653302821,0.422905016880648,-0.288168255046116,1.36958894888863,"Meta-analysis","Meta-analysis",0.201051286407702,FALSE
"58","MA","Cooper1990","2","Cooper & Aslin (1990)",2,"0-3 mo",16,0.605501401924242,0.136457248366632,"english",1,"typical","a.yes","2","a.cf","a.preference","a.tape recording","eye-tracking","significant",NA,"within_two","Hospital room","unfamiliar mother",1,0,1,"a.simulated","test_only","a.native","yes",NA,NA,NA,16,NA,2,NA,18.3,13.9,6.6,4.3,NA,NA,0.4375,"classic_cohen_d_within_two",0.4375,TRUE,"a.no",TRUE,FALSE,-4.91095448572452,1,0,0,1,0,0,1,0,0,0,1,1,0,1,0,1,0,"Cooper1990, #2",0.605501401924242,0.136457248366632,0.369401202443403,-0.118511650710617,1.3295144545591,"Meta-analysis","Meta-analysis",0.101183477719925,FALSE
"59","MA","Cooper1994","1","Cooper & Aslin (1994)",35,"0-3 mo",12,-0.0301677083958752,0.166704587109577,"english",1,"typical","a.yes","1","a.cf","a.preference","a.tape recording","eye-tracking","non-significant",NA,"within_two","Laboratory","unfamiliar mother",1,0,1,"c.filtered","test_only","a.native","yes",NA,NA,NA,12,NA,35,NA,30.4,31,17.6,13.1,NA,NA,0.666666667,"classic_cohen_d_within_two",0.666666667,TRUE,"a.no",TRUE,FALSE,-3.82685461713057,1,0,0,1,0,0,0,0,1,0,1,1,0,1,0,1,0,"Cooper1994, #1",-0.0301677083958752,0.166704587109577,0.408294730690438,-0.830410675626615,0.770075258834864,"Meta-analysis","Meta-analysis",0.94110023063361,FALSE
"60","MA","Cooper1994","2","Cooper & Aslin (1994)",35,"0-3 mo",20,0.27,0.2018225,"english",1,"typical","b.no","2","a.cf","a.preference","a.tape recording","eye-tracking","not reported",3,"between","Laboratory","unfamiliar mother",1,0,1,"c.filtered","test_only","a.native","yes","IDS","ADS",0.57,10,10,35,35,38.6,33.4,NA,NA,NA,NA,0.55,"reported_d",0.55,TRUE,"a.no",TRUE,FALSE,-3.82685461713057,1,0,0,1,0,0,0,0,1,0,1,1,0,1,0,0,1,"Cooper1994, #2",0.27,0.2018225,0.449246591528528,-0.610507139573292,1.15050713957329,"Meta-analysis","Meta-analysis",0.547835837288782,FALSE
"61","MA","Cooper1994","3","Cooper & Aslin (1994)",35,"0-3 mo",10,0.911831317848889,0.241571817610502,"english",1,"typical","a.yes","3_IDS_first","a.cf","a.preference","a.tape recording","eye-tracking","significant",NA,"within_two","Laboratory","unfamiliar mother",1,0,1,"c.filtered","test_only","a.native","yes",NA,NA,NA,10,NA,35,NA,44.6,25.7,19.9,8.2,NA,NA,0.4,"classic_cohen_d_within_two",0.4,TRUE,"a.no",TRUE,FALSE,-3.82685461713057,1,0,0,1,0,0,0,0,1,0,1,1,0,1,0,1,0,"Cooper1994, #3",0.911831317848889,0.241571817610502,0.491499560132562,-0.0514901184282113,1.87515275412599,"Meta-analysis","Meta-analysis",0.0635672842869011,FALSE
"62","MA","Cooper1994","3","Cooper & Aslin (1994)",35,"0-3 mo",10,-0.242121953193287,0.202931152010907,"english",1,"typical","a.yes","3_ADS_first","a.cf","a.preference","a.tape recording","eye-tracking","non-significant",NA,"within_two","Laboratory","unfamiliar mother",1,0,1,"c.filtered","test_only","a.native","yes",NA,NA,NA,10,NA,35,NA,23.1,27.4,12.6,17.7,NA,NA,0.4,"classic_cohen_d_within_two",0.4,TRUE,"a.no",TRUE,FALSE,-3.82685461713057,1,0,0,1,0,0,0,0,1,0,1,1,0,1,0,1,0,"Cooper1994, #4",-0.242121953193287,0.202931152010907,0.450478803065035,-1.12504418299947,0.640800276612893,"Meta-analysis","Meta-analysis",0.590938233091923,FALSE
"63","MA","Cooper1997","1","Cooper et al. (1997)",38.7,"0-3 mo",20,-0.309353747995109,0.102392493534966,"english",1,"typical","a.yes","1","a.cf","a.preference","a.tape recording","eye-tracking","non-significant",10,"within_two","Laboratory","child’s mother",1,1,1,"b.naturalistic","test_only","a.native","yes",NA,NA,NA,20,NA,38.7,NA,30.6,36.3,13.37,17.93,NA,NA,0.4,"classic_cohen_d_within_two",0.4,TRUE,"a.no",TRUE,FALSE,-3.70530402580337,1,0,0,1,0,0,0,1,0,0,1,1,0,1,0,1,0,"Cooper1997, #1",-0.309353747995109,0.102392493534966,0.319988270933429,-0.936519234499874,0.317811738509657,"Meta-analysis","Meta-analysis",0.333661075988944,FALSE
"64","MA","Cooper1997","2","Cooper et al. (1997)",42.7,"0-3 mo",20,0.342023171502556,0.102924496246117,"english",1,"typical","a.yes","2","a.cf","a.preference","a.tape recording","eye-tracking","significant",10,"within_two","Laboratory","unfamiliar mother",1,0,1,"b.naturalistic","test_only","a.native","yes",NA,NA,NA,20,NA,42.7,NA,34.25,24.82,25.04,16.32,NA,NA,0.2,"classic_cohen_d_within_two",0.2,TRUE,"a.no",TRUE,FALSE,-3.57389798112531,1,0,0,1,0,0,0,1,0,0,1,1,0,1,0,1,0,"Cooper1997, #2",0.342023171502556,0.102924496246117,0.320818478654389,-0.286769492234978,0.970815835240091,"Meta-analysis","Meta-analysis",0.286380424183837,FALSE
"65","MA","Cooper1997","3","Cooper et al. (1997)",126,"3-6 mo",23,0.263752252226606,0.0884688097946654,"english",1,"typical","a.yes","3","a.cf","a.preference","a.tape recording","eye-tracking","significant",10,"within_two","Laboratory","child’s mother",1,1,1,"b.naturalistic","test_only","a.native","yes",NA,NA,NA,23,NA,126,NA,23.72,19.9,12.76,9.69,NA,NA,0.47826087,"classic_cohen_d_within_two",0.47826087,TRUE,"a.no",TRUE,FALSE,-0.837367100704814,1,0,0,1,0,0,0,1,0,0,1,1,0,1,0,1,0,"Cooper1997, #3",0.263752252226606,0.0884688097946654,0.297437068629089,-0.319213689953577,0.846718194406788,"Meta-analysis","Meta-analysis",0.375213636199672,FALSE
"66","MA","Fernald1985","1","Fernald (1985)",123,"3-6 mo",48,0.32,0.0422,"english",1,"typical","a.yes","1","c.other","a.preference","a.tape recording","behavior","significant",15,"within_two","Laboratory","unfamiliar mother",1,0,1,"b.naturalistic","conditioning","a.native","yes",NA,NA,2.24,48,NA,123,NA,8.73,7.5,NA,NA,NA,NA,0.4375,"reported_d",0.4375,TRUE,"a.no",TRUE,FALSE,-0.935921634213355,1,0,0,0,0,1,0,1,0,0,1,1,0,1,0,1,0,"Fernald1985, #1",0.32,0.0422,0.205426385841741,-0.0826283177240419,0.722628317724042,"Meta-analysis","Meta-analysis",0.119295931273536,FALSE
"67","MA","Fernald1987","1","Fernald & Kuhl (1987)",124,"3-6 mo",20,0.771,0.1074305125,"english",1,"typical","a.yes","1","c.other","a.preference","a.tape recording","behavior","significant",15,"within_one","Laboratory","unfamiliar mother",1,0,1,"d.synthesized","conditioning","c.artificial","yes",NA,NA,3.45,20,NA,124,NA,9.8,7.5,NA,NA,NA,NA,0.45,"reported_d",0.45,TRUE,"a.no",TRUE,FALSE,-0.903070123043841,0,0,1,0,0,1,0,0,0,1,1,1,0,1,0,1,0,"Fernald1987, #1",0.771,0.1074305125,0.327765941641288,0.128590559024219,1.41340944097578,"Meta-analysis","Meta-analysis",0.0186583056457406,TRUE
"68","MA","Fernald1987","2","Fernald & Kuhl (1987)",122,"3-6 mo",20,0.148,0.1002738,"english",1,"typical","a.yes","2","c.other","a.preference","a.tape recording","behavior","non-significant",15,"within_one","Laboratory","unfamiliar mother",1,0,1,"d.synthesized","conditioning","c.artificial","yes",NA,NA,0.66,20,NA,122,NA,8.15,7.5,NA,NA,NA,NA,0.5,"reported_d",0.5,TRUE,"a.no",TRUE,FALSE,-0.968773145382869,0,0,1,0,0,1,0,0,0,1,1,1,0,1,0,1,0,"Fernald1987, #2",0.148,0.1002738,0.316660385902626,-0.472642951699702,0.768642951699702,"Meta-analysis","Meta-analysis",0.640229680785266,FALSE
"69","MA","Fernald1987","3","Fernald & Kuhl (1987)",125,"3-6 mo",20,0.246,0.10075645,"english",1,"typical","a.yes","3","c.other","a.preference","a.tape recording","behavior","non-significant",15,"within_one","Laboratory","unfamiliar mother",1,0,1,"d.synthesized","conditioning","c.artificial","yes",NA,NA,1.1,20,NA,125,NA,8.6,7.5,NA,NA,NA,NA,0.5,"reported_d",0.5,TRUE,"a.no",TRUE,FALSE,-0.870218611874328,0,0,1,0,0,1,0,0,0,1,1,1,0,1,0,1,0,"Fernald1987, #3",0.246,0.10075645,0.317421565114911,-0.376134835541562,0.868134835541562,"Meta-analysis","Meta-analysis",0.438342848397388,FALSE
"70","MA","Kaplan1995a","1","Kaplan et al. (1995a)",124,"3-6 mo",77,0.76,0.05361,"english",1,"typical","a.yes","1","a.cf","a.preference","a.tape recording","eye-tracking","significant",10,"between","Laboratory","unfamiliar mother; unfamiliar female",1,0,1,"a.simulated","test_only","a.native","yes","IDS","ADS",NA,40,37,124,124,7.218868,5.878491,NA,NA,NA,NA,NA,"reported_d",NA,TRUE,"a.no",TRUE,FALSE,-0.903070123043841,1,0,0,1,0,0,1,0,0,0,1,1,0,1,0,1,0,"Kaplan1995a, #1",0.76,0.05361,0.231538333759229,0.306193204791497,1.2138067952085,"Meta-analysis","Meta-analysis",0.00102929735077151,TRUE
"71","MA","Kaplan1995a","2","Kaplan et al. (1995a)",126,"3-6 mo",26,0.82,0.08338846154,"english",1,"typical","a.yes","2","a.cf","a.preference","a.tape recording","eye-tracking","non-significant",NA,"within_two","Laboratory","unfamiliar mother; unfamiliar female",0,0,1,"a.simulated","test_only","a.native","yes",NA,NA,NA,26,NA,126,NA,6.330532,5.747899,NA,NA,NA,NA,NA,"reported_d",NA,TRUE,"a.no",TRUE,FALSE,-0.837367100704814,1,0,0,1,0,0,1,0,0,0,1,1,0,1,0,1,0,"Kaplan1995a, #2",0.82,0.08338846154,0.288770603663185,0.254020017026268,1.38597998297373,"Meta-analysis","Meta-analysis",0.00451667058845828,TRUE
"72","MA","Kaplan1995b","1","Kaplan et al. (1995b)",124,"3-6 mo",30,0.289838300546317,0.13473343734106,"english",1,"typical","b.no","1","a.cf","a.preference","a.tape recording","eye-tracking","non-significant",NA,"between","Laboratory","unfamiliar mother",1,0,1,"a.simulated","familiarization","a.native","yes",NA,NA,NA,15,15,124,124,6.88,6.18,2.67,2.13,NA,NA,0.6,"classic_cohen_d_between",0.6,TRUE,"a.no",TRUE,FALSE,-0.903070123043841,1,0,0,1,0,0,1,0,0,0,1,1,0,1,0,0,1,"Kaplan1995b, #1",0.289838300546317,0.13473343734106,0.367060536343884,-0.42958713083365,1.00926373192628,"Meta-analysis","Meta-analysis",0.429749788426083,FALSE
"73","MA","Kaplan1995b","2","Kaplan et al. (1995b)",121,"3-6 mo",40,0.250361358897354,0.100783510125362,"english",1,"typical","b.no","2","a.cf","a.preference","a.tape recording","eye-tracking","non-significant",NA,"between","Laboratory","unfamiliar female",0,0,1,"a.simulated","familiarization","a.native","yes",NA,NA,NA,20,20,121,121,6.17,5.52,2.41,2.77,NA,NA,0.55,"classic_cohen_d_between",0.55,TRUE,"a.no",TRUE,FALSE,-1.00162465655238,1,0,0,1,0,0,1,0,0,0,1,1,0,1,0,0,1,"Kaplan1995b, #2",0.250361358897354,0.100783510125362,0.317464187154018,-0.371857014305805,0.872579732100513,"Meta-analysis","Meta-analysis",0.430329070584553,FALSE
"74","MA","Pegg1992","2","Pegg et al. (1992)",49,"0-3 mo",24,0.348366071595939,0.0858616441633164,"english",1,"typical","a.yes","2","a.cf","a.preference","a.tape recording","eye-tracking","significant",NA,"within_two","Laboratory","unfamiliar female",0,0,1,"a.simulated","habituation","a.native","yes","femaleVoice",NA,NA,24,NA,49,NA,78.75,56.89,57.63,35.11,NA,NA,NA,"classic_cohen_d_within_two",NA,TRUE,"a.no",TRUE,FALSE,-3.36693346075738,1,0,0,1,0,0,1,0,0,0,1,1,0,1,0,1,0,"Pegg1992, #1",0.348366071595939,0.0858616441633164,0.293021576276076,-0.225945664598327,0.922677807790204,"Meta-analysis","Meta-analysis",0.234488798609403,FALSE
"75","MA","Pegg1992","2","Pegg et al. (1992)",49,"0-3 mo",24,0.827334811525027,0.0975933935491907,"english",1,"typical","a.yes","3","a.cf","a.preference","a.tape recording","eye-tracking","significant",NA,"within_two","Laboratory","unfamiliar male",1,0,0,"a.simulated","habituation","a.native","yes","maleVoice",NA,NA,24,NA,49,NA,50.375,24.12,31.27,7.65,NA,NA,NA,"classic_cohen_d_within_two",NA,TRUE,"a.no",TRUE,FALSE,-3.36693346075738,1,0,0,1,0,0,1,0,0,0,1,1,0,1,0,1,0,"Pegg1992, #2",0.827334811525027,0.0975933935491907,0.312399413490472,0.215043212292266,1.43962641075779,"Meta-analysis","Meta-analysis",0.00808919975614386,TRUE
"76","MA","Schachner2011","1","Schachner & Hannon (2011)",158.2,"3-6 mo",20,0.269894346390028,0.101821073955333,"english",1,"typical","b.no","1","c.other","a.preference","b.video recording","behavior","non-significant",NA,"within_two","Laboratory","unfamiliar females",0,0,1,"a.simulated","familiarization","a.native","yes",NA,NA,1.43,20,NA,158.2,NA,46.65,43.47,7.815,12.47,NA,NA,0.5,"classic_cohen_d_within_two",0.5,TRUE,"a.no",TRUE,FALSE,0.220451558953529,1,0,0,0,0,1,1,0,0,0,1,0,1,1,0,0,1,"Schachner2011, #1",0.269894346390028,0.101821073955333,0.319094145912037,-0.355518687275134,0.89530738005519,"Meta-analysis","Meta-analysis",0.397656425946308,FALSE
"77","MA","Schachner2011","1","Schachner & Hannon (2011)",158.2,"3-6 mo",20,1.26,0.119845,"english",1,"typical","b.no","1","c.other","a.preference","b.video recording","behavior","significant",NA,"within_two","Laboratory","unfamiliar females",0,0,1,"a.simulated","familiarization","a.native","yes",NA,NA,NA,20,NA,158.2,NA,NA,NA,NA,NA,NA,NA,0.5,"reported_d",0.5,FALSE,"a.no",TRUE,FALSE,0.220451558953529,1,0,0,0,0,1,1,0,0,0,1,0,1,1,0,0,1,"Schachner2011, #2",1.26,0.119845,0.34618636599381,0.581487190713331,1.93851280928667,"Meta-analysis","Meta-analysis",0.000273000313993244,TRUE
"78","MA","Singh2002","1","Singh et al. (2002)",185,"3-6 mo",13,1.0183772430423,0.193734315736401,"english",1,"typical","a.yes","1","b.hpp","a.preference","a.tape recording","behavior","significant",12,"within_two","Laboratory","unfamiliar mother",1,0,1,"a.simulated","familiarization","a.native","no",NA,NA,3.72,13,NA,185,NA,12.6,6.7,5.6,2.1,NA,NA,0.3076923,"classic_cohen_d_within_two",0.3076923,TRUE,"a.no",TRUE,FALSE,1.1008720582965,1,0,0,0,1,0,1,0,0,0,1,1,0,1,0,1,0,"Singh2002, #1",1.0183772430423,0.193734315736401,0.440152605054657,0.155693989433687,1.88106049665091,"Meta-analysis","Meta-analysis",0.0206846627036981,TRUE
"79","MA","Singh2002","2","Singh et al. (2002)",179,"3-6 mo",12,-0.0348930162789625,0.166717396774377,"english",1,"typical","a.yes","happy","b.hpp","a.preference","a.tape recording","behavior","non-significant",12,"within_two","Laboratory","unfamiliar mother",1,0,1,"a.simulated","familiarization","a.native","yes",NA,NA,-0.09,12,NA,179,NA,5.9,6,2.34,2.34,NA,NA,0.388888889,"classic_cohen_d_within_two",0.388888889,TRUE,"a.no",TRUE,FALSE,0.903762991279417,1,0,0,0,1,0,1,0,0,0,1,1,0,1,0,1,0,"Singh2002, #2",-0.0348930162789625,0.166717396774377,0.408310417175924,-0.835166728456298,0.765380695898372,"Meta-analysis","Meta-analysis",0.93189801522715,FALSE
"80","MA","Singh2002","2","Singh et al. (2002)",179,"3-6 mo",12,-0.106853372024566,0.167142401796376,"english",1,"typical","a.yes","neutral","b.hpp","a.preference","a.tape recording","behavior","non-significant",12,"within_two","Laboratory","unfamiliar mother",1,0,1,"a.simulated","familiarization","a.native","yes",NA,NA,-0.54,12,NA,179,NA,5.9,6.3,3.22,2.7,NA,NA,0.388888889,"classic_cohen_d_within_two",0.388888889,TRUE,"a.no",TRUE,FALSE,0.903762991279417,1,0,0,0,1,0,1,0,0,0,1,1,0,1,0,1,0,"Singh2002, #3",-0.106853372024566,0.167142401796376,0.408830529432888,-0.90814648549347,0.694439741444338,"Meta-analysis","Meta-analysis",0.793812213201977,FALSE
"81","MA","Singh2002","2","Singh et al. (2002)",179,"3-6 mo",12,-0.143908480282522,0.167529568779051,"english",1,"typical","a.yes","sad","b.hpp","a.preference","a.tape recording","behavior","non-significant",12,"within_two","Laboratory","unfamiliar mother",1,0,1,"a.simulated","familiarization","a.native","yes",NA,NA,-0.99,12,NA,179,NA,7.1,7.4,1.64,1.82,NA,NA,0.388888889,"classic_cohen_d_within_two",0.388888889,TRUE,"a.no",TRUE,FALSE,0.903762991279417,1,0,0,0,1,0,1,0,0,0,1,1,0,1,0,1,0,"Singh2002, #4",-0.143908480282522,0.167529568779051,0.40930376101259,-0.946129110603987,0.658312150038943,"Meta-analysis","Meta-analysis",0.725143253507622,FALSE
"82","MA","Singh2002","2A","Singh et al. (2002)",189,"3-6 mo",24,0.042101251484616,0.0833702607370119,"english",1,"typical","a.yes","2","b.hpp","a.preference","a.tape recording","behavior","non-significant",12,"within_two","Laboratory","unfamiliar mother",1,0,1,"a.simulated","familiarization","a.native","yes",NA,NA,0.38,24,NA,189,NA,8.5,8.3,3.54,4.48,NA,NA,0.541666667,"classic_cohen_d_within_two",0.541666667,TRUE,"a.no",TRUE,FALSE,1.23227810297456,1,0,0,0,1,0,1,0,0,0,1,1,0,1,0,1,0,"Singh2002, #5",0.042101251484616,0.0833702607370119,0.2887390876501,-0.523816961238533,0.608019464207765,"Meta-analysis","Meta-analysis",0.884070820613263,FALSE
"83","MA","Singh2002","3","Singh et al. (2002)",187,"3-6 mo",28,0.127774061341844,0.143148682334853,"english",1,"typical","b.no","3","b.hpp","a.preference","a.tape recording","behavior","not reported",12,"between","Laboratory","unfamiliar mother",1,0,1,"a.simulated","familiarization","a.native","yes",NA,NA,NA,14,14,187,187,10.2,9.7,5.16,2,NA,NA,0.428571429,"classic_cohen_d_between",0.428571429,TRUE,"a.no",TRUE,FALSE,1.16657508063553,1,0,0,0,1,0,1,0,0,0,1,1,0,1,0,0,1,"Singh2002, #6",0.127774061341844,0.143148682334853,0.378349946920643,-0.613778208175257,0.869326330858945,"Meta-analysis","Meta-analysis",0.735578748688578,FALSE
"84","MA","Singh2002","3","Singh et al. (2002)",187,"3-6 mo",28,0.153559066854099,0.143278221196663,"english",1,"typical","b.no","3","b.hpp","a.preference","a.tape recording","behavior","not reported",12,"between","Laboratory","unfamiliar mother",1,0,1,"a.simulated","familiarization","a.native","yes",NA,NA,NA,14,14,187,187,7.6,7.2,1.91,3.15,NA,NA,0.428571429,"classic_cohen_d_between",0.428571429,FALSE,"a.no",TRUE,FALSE,1.16657508063553,1,0,0,0,1,0,1,0,0,0,1,1,0,1,0,0,1,"Singh2002, #7",0.153559066854099,0.143278221196663,0.378521097426105,-0.588328651489642,0.895446785197841,"Meta-analysis","Meta-analysis",0.684976520066718,FALSE
"85","MA","Singh2002","4","Singh et al. (2002)",183,"3-6 mo",16,0.97770065291142,0.154871830209482,"english",1,"typical","b.no","happyIDS_vs_neutralADS","b.hpp","a.preference","a.tape recording","behavior","significant",12,"within_two","Laboratory","unfamiliar mother",1,0,1,"a.simulated","familiarization","a.native","no",NA,NA,3.11,16,NA,183,NA,12.9,7.8,4.7,3.2,NA,NA,0.4375,"classic_cohen_d_within_two",0.4375,TRUE,"a.no",TRUE,FALSE,1.03516903595747,1,0,0,0,1,0,1,0,0,0,1,1,0,1,0,0,1,"Singh2002, #8",0.97770065291142,0.154871830209482,0.393537584240034,0.206381161238056,1.74902014458478,"Meta-analysis","Meta-analysis",0.0129773766968801,TRUE
"86","MA","Singh2002","4","Singh et al. (2002)",183,"3-6 mo",16,-0.428483991780032,0.130737454100367,"english",1,"typical","b.no","neutralIDS_vs_happyADS","b.hpp","a.preference","a.tape recording","behavior","significant",12,"within_two","Laboratory","unfamiliar mother",1,0,1,"a.simulated","familiarization","a.native","no",NA,NA,-2.2,16,NA,183,NA,8,9.5,3.1,2.3,NA,NA,0.4375,"classic_cohen_d_within_two",0.4375,TRUE,"a.no",TRUE,FALSE,1.03516903595747,1,0,0,0,1,0,1,0,0,0,1,1,0,1,0,0,1,"Singh2002, #9",-0.428483991780032,0.130737454100367,0.361576346157167,-1.13716060790967,0.280192624349602,"Meta-analysis","Meta-analysis",0.235999927859279,FALSE
"87","MA","Singh2002","5","Singh et al. (2002)",187,"3-6 mo",14,0.78659409486766,0.164954652502881,"english",1,"typical","b.no","neutralIDS_vs_sadADS","b.hpp","a.preference","a.tape recording","behavior","significant",12,"within_two","Laboratory","unfamiliar mother",1,0,1,"a.simulated","familiarization","a.native","no",NA,NA,2.31,14,NA,187,NA,11.7,7.5,4.9,3,NA,NA,0.4285714,"classic_cohen_d_within_two",0.4285714,TRUE,"a.no",TRUE,FALSE,1.16657508063553,1,0,0,0,1,0,1,0,0,0,1,1,0,1,0,0,1,"Singh2002, #10",0.78659409486766,0.164954652502881,0.406146097485722,-0.00943762866584785,1.58262581840117,"Meta-analysis","Meta-analysis",0.0527787289245036,FALSE
"88","MA","Singh2002","5","Singh et al. (2002)",187,"3-6 mo",14,-0.250801027365007,0.145103612690262,"english",1,"typical","b.no","sadIDS_vs_neutralADS","b.hpp","a.preference","a.tape recording","behavior","non-significant",12,"within_two","Laboratory","unfamiliar mother",1,0,1,"a.simulated","familiarization","a.native","no",NA,NA,-1.07,14,NA,187,NA,7.8,8.5,2.1,2.6,NA,NA,0.4285714,"classic_cohen_d_within_two",0.4285714,TRUE,"a.no",TRUE,FALSE,1.16657508063553,1,0,0,0,1,0,1,0,0,0,1,1,0,1,0,0,1,"Singh2002, #11",-0.250801027365007,0.145103612690262,0.380924681125104,-0.997399683192615,0.495797628462602,"Meta-analysis","Meta-analysis",0.510280768915722,FALSE
"89","MA","Singh2009","1","Singh et al. (2009)",224,"6-9 mo",32,0.330000001055,0.12670156251088,"english",1,"typical","b.no","1","b.hpp","a.preference","a.tape recording","behavior","not reported",8,"between","Laboratory","unfamiliar mother",1,0,1,"a.simulated","familiarization","a.native","yes",NA,NA,NA,16,16,224,224,10.492891,9.55450237,2.8436019,2.8436019,NA,NA,0.375,"classic_cohen_d_between",0.375,TRUE,"a.no",TRUE,FALSE,2.38208099390754,1,0,0,0,1,0,1,0,0,0,1,1,0,1,0,0,1,"Singh2009, #1",0.330000001055,0.12670156251088,0.35595162945389,-0.367652372912972,1.02765237502297,"Meta-analysis","Meta-analysis",0.353878633785698,FALSE
"90","MA","Singh2009","1","Singh et al. (2009)",224,"6-9 mo",32,0.344847332994734,0.126858120048025,"english",1,"typical","b.no","1","b.hpp","a.preference","a.tape recording","behavior","not reported",8,"between","Laboratory","unfamiliar mother",1,0,1,"a.simulated","familiarization","a.native","yes",NA,NA,NA,16,16,224,224,8.616113744,7.791469194,2.50236967,2.27488152,NA,NA,0.375,"classic_cohen_d_between",0.375,FALSE,"a.no",TRUE,FALSE,2.38208099390754,1,0,0,0,1,0,1,0,0,0,1,1,0,1,0,0,1,"Singh2009, #2",0.344847332994734,0.126858120048025,0.356171475623785,-0.353235931548371,1.04293059753784,"Meta-analysis","Meta-analysis",0.332941536452472,FALSE
"91","MA","Singh2009","1","Singh et al. (2009)",224,"6-9 mo",32,0.0184052543376775,0.125005293021676,"english",1,"typical","b.no","1","b.hpp","a.preference","a.tape recording","behavior","not reported",8,"between","Laboratory","unfamiliar mother",1,0,1,"a.simulated","familiarization","a.native","no",NA,NA,NA,16,16,224,224,8.061349693,8.024539877,1.76687117,2.20858896,NA,NA,0.375,"classic_cohen_d_between",0.375,FALSE,"a.no",TRUE,FALSE,2.38208099390754,1,0,0,0,1,0,1,0,0,0,1,1,0,1,0,0,1,"Singh2009, #3",0.0184052543376775,0.125005293021676,0.353560875977073,-0.674561328919819,0.711371837595174,"Meta-analysis","Meta-analysis",0.958483420155904,FALSE
"92","MA","Trainor1996","2","Trainor et al. (1996)",185.92,"3-6 mo",10,1.22222222222222,0.274691358024691,"english",1,"typical","a.yes","1","b.hpp","a.preference","a.tape recording","behavior","significant",NA,"within_one","Laboratory","unfamiliar mother",1,0,1,"b.naturalistic","test_only","a.native","yes",NA,NA,NA,10,NA,185.92,NA,0.61,0.5,0.09,NA,NA,NA,NA,"classic_cohen_d_within_one",NA,TRUE,"a.no",TRUE,FALSE,1.13109544857245,1,0,0,0,1,0,0,1,0,0,1,1,0,1,0,1,0,"Trainor1996, #1",1.22222222222222,0.274691358024691,0.524110062892034,0.194985375018814,2.24945906942563,"Meta-analysis","Meta-analysis",0.0197009365195937,TRUE
"93","MA","Trainor1996","2","Trainor et al. (1996)",185.92,"3-6 mo",10,0.666666666666667,0.222222222222222,"english",1,"typical","a.yes","2","b.hpp","a.preference","a.tape recording","behavior","significant",NA,"within_one","Laboratory","unfamiliar mother",1,0,1,"b.naturalistic","test_only","a.native","yes",NA,NA,NA,10,NA,185.92,NA,0.6,0.5,0.15,NA,NA,NA,NA,"classic_cohen_d_within_one",NA,TRUE,"a.no",TRUE,FALSE,1.13109544857245,1,0,0,0,1,0,0,1,0,0,1,1,0,1,0,1,0,"Trainor1996, #2",0.666666666666667,0.222222222222222,0.471404520791032,-0.257269216233118,1.59060254956645,"Meta-analysis","Meta-analysis",0.157299207050285,FALSE
"94","MA","Trainor1996","2","Trainor et al. (1996)",185.92,"3-6 mo",10,0.833333333333334,0.234722222222222,"english",1,"typical","a.yes","3","b.hpp","a.preference","a.tape recording","behavior","significant",NA,"within_one","Laboratory","unfamiliar mother",1,0,1,"b.naturalistic","test_only","a.native","yes",NA,NA,NA,10,NA,185.92,NA,0.55,0.5,0.06,NA,NA,NA,NA,"classic_cohen_d_within_one",NA,TRUE,"a.no",TRUE,FALSE,1.13109544857245,1,0,0,0,1,0,0,1,0,0,1,1,0,1,0,1,0,"Trainor1996, #3",0.833333333333334,0.234722222222222,0.484481395124955,-0.116232752291296,1.78289941895796,"Meta-analysis","Meta-analysis",0.0854229369799386,FALSE
"95","MA","Trainor1996","2","Trainor et al. (1996)",185.92,"3-6 mo",10,1.71428571428571,0.346938775510204,"english",1,"typical","a.yes","4","b.hpp","a.preference","a.tape recording","behavior","significant",NA,"within_one","Laboratory","unfamiliar mother",1,0,1,"b.naturalistic","test_only","a.native","yes",NA,NA,NA,10,NA,185.92,NA,0.62,0.5,0.07,NA,NA,NA,NA,"classic_cohen_d_within_one",NA,TRUE,"a.no",TRUE,FALSE,1.13109544857245,1,0,0,0,1,0,0,1,0,0,1,1,0,1,0,1,0,"Trainor1996, #4",1.71428571428571,0.346938775510204,0.589015089373951,0.559837352762128,2.8687340758093,"Meta-analysis","Meta-analysis",0.0036093469359455,TRUE
"96","MA","Trainor1996","2","Trainor et al. (1996)",185.92,"3-6 mo",10,0.9,0.2405,"english",1,"typical","a.yes","5","b.hpp","a.preference","a.tape recording","behavior","significant",NA,"within_one","Laboratory","unfamiliar mother",1,0,1,"b.naturalistic","test_only","a.native","yes",NA,NA,NA,10,NA,185.92,NA,0.59,0.5,0.1,NA,NA,NA,NA,"classic_cohen_d_within_one",NA,TRUE,"a.no",TRUE,FALSE,1.13109544857245,1,0,0,0,1,0,0,1,0,0,1,1,0,1,0,1,0,"Trainor1996, #5",0.9,0.2405,0.490407993409569,-0.0611820048133118,1.86118200481331,"Meta-analysis","Meta-analysis",0.0664750794389881,FALSE
"97","MA","Trainor1996","2","Trainor et al. (1996)",185.92,"3-6 mo",10,-1.33333333333333,0.288888888888889,"english",1,"typical","a.yes","6","b.hpp","a.preference","a.tape recording","behavior","significant",NA,"within_one","Laboratory","unfamiliar mother",1,0,1,"b.naturalistic","test_only","a.native","yes",NA,NA,NA,10,NA,185.92,NA,0.42,0.5,0.06,NA,NA,NA,NA,"classic_cohen_d_within_one",NA,TRUE,"a.no",TRUE,FALSE,1.13109544857245,1,0,0,0,1,0,0,1,0,0,1,1,0,1,0,1,0,"Trainor1996, #6",-1.33333333333333,0.288888888888889,0.53748384988657,-2.38678232138294,-0.279884345283724,"Meta-analysis","Meta-analysis",0.0131126632651559,FALSE
"98","MA","Werker1989","1","Werker & McLeod (1989)",154,"3-6 mo",12,3.15,0.3733854167,"english",1,"typical","a.yes","1","a.cf","a.preference","b.video recording","eye-tracking","significant",4,"within_two","Laboratory","unfamiliar female and male",0,0,NA,"a.simulated","test_only","a.native","yes",NA,NA,NA,12,NA,154,NA,81.92,61.3,NA,NA,NA,NA,NA,"reported_d",NA,TRUE,"a.no",TRUE,FALSE,0.0824752120415724,1,0,0,1,0,0,1,0,0,0,1,0,1,1,0,1,0,"Werker1989, #1",3.15,0.3733854167,0.611052711883353,1.9523586920531,4.3476413079469,"Meta-analysis","Meta-analysis",2.53579389264402e-07,TRUE
"99","MA","Werker1989","2","Werker & McLeod (1989)",134,"3-6 mo",16,0.66,0.13180625,"english",1,"typical","a.yes","2","a.cf","a.preference","b.video recording","eye-tracking","significant",4,"within_two","Laboratory living room like setting","unfamiliar female and male",0,0,NA,"a.simulated","test_only","a.native","yes",NA,NA,NA,16,NA,134,NA,62.67,58.17,NA,NA,NA,NA,NA,"reported_d",NA,TRUE,"a.no",TRUE,FALSE,-0.574555011348703,1,0,0,1,0,0,1,0,0,0,1,0,1,1,0,1,0,"Werker1989, #2",0.66,0.13180625,0.363051304914333,-0.0515674821723621,1.37156748217236,"Meta-analysis","Meta-analysis",0.0690756149887259,FALSE
"100","MA","Werker1989","2","Werker & McLeod (1989)",134,"3-6 mo",16,0.54,0.12955625,"english",1,"typical","a.yes","2","a.cf","b.affect","b.video recording","other","significant",4,"within_two","Laboratory living room like setting","unfamiliar female and male",0,0,NA,"a.simulated","test_only","a.native","yes",NA,NA,NA,16,NA,134,NA,4.31,3.99,NA,NA,NA,NA,NA,"reported_d",NA,FALSE,"a.no",TRUE,FALSE,-0.574555011348703,1,0,0,1,0,0,1,0,0,0,1,0,1,0,1,1,0,"Werker1989, #3",0.54,0.12955625,0.35993923098212,-0.165467929347999,1.245467929348,"Meta-analysis","Meta-analysis",0.133548815114067,FALSE
"101","MA","Werker1989","2","Werker & McLeod (1989)",253,"6-9 mo",16,1.27,0.1502015625,"english",1,"typical","a.yes","3","a.cf","a.preference","b.video recording","eye-tracking","significant",4,"within_two","Laboratory living room like setting","unfamiliar female and male",0,0,NA,"a.simulated","test_only","a.native","yes",NA,NA,NA,16,NA,253,NA,46.71,36.77,NA,NA,NA,NA,NA,"reported_d",NA,TRUE,"a.no",TRUE,FALSE,3.33477481782344,1,0,0,1,0,0,1,0,0,0,1,0,1,1,0,1,0,"Werker1989, #4",1.27,0.1502015625,0.387558463331663,0.510399369966253,2.02960063003375,"Meta-analysis","Meta-analysis",0.00104944258224715,TRUE
"102","MA","Werker1989","2","Werker & McLeod (1989)",253,"6-9 mo",16,1.17,0.1463890625,"english",1,"typical","a.yes","3","a.cf","b.affect","b.video recording","other","significant",4,"within_two","Laboratory living room like setting","unfamiliar female and male",0,0,NA,"a.simulated","test_only","a.native","yes",NA,NA,NA,16,NA,253,NA,3.47,3.1,NA,NA,NA,NA,NA,"reported_d",NA,FALSE,"a.no",TRUE,FALSE,3.33477481782344,1,0,0,1,0,0,1,0,0,0,1,0,1,0,1,1,0,"Werker1989, #5",1.17,0.1463890625,0.382608236320129,0.420101636624157,1.91989836337584,"Meta-analysis","Meta-analysis",0.00222850646588668,TRUE
"103","MA","Werker1989","3","Werker & McLeod (1989)",139,"3-6 mo",16,1.15,0.1456640625,"english",1,"typical","a.yes","4","a.cf","b.affect","a.tape recording","other","significant",4,"within_two","Laboratory","unfamiliar female",0,0,1,"a.simulated","test_only","a.native","yes",NA,NA,NA,16,NA,139,NA,4.72,4.18,NA,NA,NA,NA,NA,"reported_d",NA,TRUE,"a.no",TRUE,FALSE,-0.410297455501135,1,0,0,1,0,0,1,0,0,0,1,1,0,0,1,1,0,"Werker1989, #6",1.15,0.1456640625,0.381659616019301,0.401960898248785,1.89803910175122,"Meta-analysis","Meta-analysis",0.00258545890379924,TRUE
"104","MA","Werker1994","1","Werker et al. (1994)",131.6,"3-6 mo",10,0.485071250072666,0.211764705882353,"english",1,"typical","a.yes","1","a.cf","a.preference","b.video recording","eye-tracking","significant",4,"within_two","Laboratory living room like setting","unfamiliar mother",1,0,1,"b.naturalistic","test_only","b.nonnative","yes",NA,NA,NA,10,NA,131.6,NA,0.74,0.62,0.18,0.24,NA,NA,NA,"classic_cohen_d_within_two",NA,TRUE,"a.no",TRUE,FALSE,-0.653398638155537,0,1,0,1,0,0,0,1,0,0,1,0,1,1,0,1,0,"Werker1994, #1",0.485071250072666,0.211764705882353,0.460178993308422,-0.41686300325374,1.38700550339907,"Meta-analysis","Meta-analysis",0.291840545143788,FALSE
"105","MA","Werker1994","1","Werker et al. (1994)",131.6,"3-6 mo",10,0.552559407899785,0.215266094962928,"english",1,"typical","a.yes","1","a.cf","b.affect","b.video recording","other","significant",4,"within_two","Laboratory living room like setting","unfamiliar mother",1,0,1,"b.naturalistic","test_only","b.nonnative","yes",NA,NA,NA,10,NA,131.6,NA,15.9,12.91,4.79,3.56,NA,NA,NA,"classic_cohen_d_within_two",NA,FALSE,"a.no",TRUE,FALSE,-0.653398638155537,0,1,0,1,0,0,0,1,0,0,1,0,1,0,1,1,0,"Werker1994, #2",0.552559407899785,0.215266094962928,0.463967773625419,-0.356800718393269,1.46191953419284,"Meta-analysis","Meta-analysis",0.233675762898418,FALSE
"106","MA","Werker1994","1","Werker et al. (1994)",284.8,"6-9 mo",10,0.500927128554396,0.212546399406088,"english",1,"typical","a.yes","2","a.cf","a.preference","b.video recording","eye-tracking","significant",4,"within_two","Laboratory living room like setting","unfamiliar mother",1,0,1,"b.naturalistic","test_only","b.nonnative","yes",NA,NA,NA,10,NA,284.8,NA,0.54,0.41,0.23,0.17,NA,NA,NA,"classic_cohen_d_within_two",NA,TRUE,"a.no",TRUE,FALSE,4.37945287301398,0,1,0,1,0,0,0,1,0,0,1,0,1,1,0,1,0,"Werker1994, #3",0.500927128554396,0.212546399406088,0.461027547339731,-0.402670260112311,1.4045245172211,"Meta-analysis","Meta-analysis",0.277237989098515,FALSE
"107","MA","Werker1994","1","Werker et al. (1994)",284.8,"6-9 mo",10,0.407360957881063,0.208297147500289,"english",1,"typical","a.yes","2","a.cf","b.affect","b.video recording","other","significant",4,"within_two","Laboratory living room like setting","unfamiliar mother",1,0,1,"b.naturalistic","test_only","b.nonnative","yes",NA,NA,NA,10,NA,284.8,NA,15.46,13.35,4.33,4.02,NA,NA,NA,"classic_cohen_d_within_two",NA,FALSE,"a.no",TRUE,FALSE,4.37945287301398,0,1,0,1,0,0,0,1,0,0,1,0,1,0,1,1,0,"Werker1994, #4",0.407360957881063,0.208297147500289,0.456395823272178,-0.487158418426912,1.30188033418904,"Meta-analysis","Meta-analysis",0.37209249370298,FALSE
"108","MA","Werker1994","2","Werker et al. (1994)",131.6,"3-6 mo",10,0.116051770637132,0.200673400673401,"cantonese",0,"typical","a.yes","3","a.cf","a.preference","b.video recording","eye-tracking","significant",4,"within_two","Laboratory living room like setting","unfamiliar mother",1,0,1,"b.naturalistic","test_only","a.native","yes",NA,NA,NA,10,NA,131.6,NA,0.8,0.78,0.15,0.12,NA,NA,NA,"classic_cohen_d_within_two",NA,TRUE,"a.no",TRUE,FALSE,-0.653398638155537,1,0,0,1,0,0,0,1,0,0,1,0,1,1,0,1,0,"Werker1994, #5",0.116051770637132,0.200673400673401,0.447965847664083,-0.761945157088427,0.994048698362691,"Meta-analysis","Meta-analysis",0.795585953146469,FALSE
"109","MA","Werker1994","2","Werker et al. (1994)",131.6,"3-6 mo",10,0.551556381497237,0.215210722098516,"cantonese",0,"typical","a.yes","3","a.cf","b.affect","b.video recording","other","significant",4,"within_two","Laboratory living room like setting","unfamiliar mother",1,0,1,"b.naturalistic","test_only","a.native","yes",NA,NA,NA,10,NA,131.6,NA,15.02,12.86,3.25,3.09,NA,NA,NA,"classic_cohen_d_within_two",NA,FALSE,"a.no",TRUE,FALSE,-0.653398638155537,1,0,0,1,0,0,0,1,0,0,1,0,1,0,1,1,0,"Werker1994, #6",0.551556381497237,0.215210722098516,0.463908096608063,-0.357686779991095,1.46079954298557,"Meta-analysis","Meta-analysis",0.23446540831002,FALSE
"110","MA","Werker1994","2","Werker et al. (1994)",284.8,"6-9 mo",10,0.295540231644524,0.204367201426025,"cantonese",0,"typical","a.yes","4","a.cf","a.preference","b.video recording","eye-tracking","significant",4,"within_two","Laboratory living room like setting","unfamiliar mother",1,0,1,"b.naturalistic","test_only","a.native","yes",NA,NA,NA,10,NA,284.8,NA,0.59,0.52,0.19,0.2,NA,NA,NA,"classic_cohen_d_within_two",NA,TRUE,"a.no",TRUE,FALSE,4.37945287301398,1,0,0,1,0,0,0,1,0,0,1,0,1,1,0,1,0,"Werker1994, #7",0.295540231644524,0.204367201426025,0.452069907675821,-0.590500505894431,1.18158096918348,"Meta-analysis","Meta-analysis",0.513273554988635,FALSE
"111","MA","Werker1994","2","Werker et al. (1994)",284.8,"6-9 mo",10,0.917271107180443,0.242069314203402,"cantonese",0,"typical","a.yes","4","a.cf","b.affect","b.video recording","other","significant",4,"within_two","Laboratory living room like setting","unfamiliar mother",1,0,1,"b.naturalistic","test_only","a.native","yes",NA,NA,NA,10,NA,284.8,NA,13.99,11.89,2.01,1.55,NA,NA,NA,"classic_cohen_d_within_two",NA,FALSE,"a.no",TRUE,FALSE,4.37945287301398,1,0,0,1,0,0,0,1,0,0,1,0,1,0,1,1,0,"Werker1994, #8",0.917271107180443,0.242069314203402,0.492005400583573,-0.0470417581625613,1.88158397252345,"Meta-analysis","Meta-analysis",0.0622723303324295,FALSE
