study_type,study_id,expt_num,short_cite,mean_age,age_group,n,d_calc,d_var_calc,native_lang,prop_nae,infant_type,main_question_ids_preference,same_infant,method,dependent_measure,presentation,response_mode,effect_significance_reported,num_trials,participant_design,setting,speaker,speaker_experience,speaker_fam,speaker_female,speech_type,exposure_phase,test_lang,original_ma,group_name_1,group_name_2,t,n_1,n_2,mean_age_1,mean_age_2,x_1,x_2,sd_1,sd_2,r,corr,gender_1,es_method,prop_female,unique_infants
MB,babylabbrookes,NA,ManyBabies Consortium (2020),414.21875,12-15 mo,16,0.26802580999683756,0.1261224661691322,english,0,typical,yes,1,singlescreen,looking_time,tape recording,eye-tracking,NA,16,within_two,laboratory,unfamiliar mother,1,0,1,naturalistic,test_only,nonnative,NA,NA,NA,NA,NA,NA,NA,NA,NA,NA,NA,NA,NA,NA,NA,NA,NA,TRUE
MB,babylabbrookes,NA,ManyBabies Consortium (2020),138.39130434782606,3-6 mo,20,0.6740790358229656,0.10567978183170024,english,0,typical,yes,2,singlescreen,looking_time,tape recording,eye-tracking,NA,16,within_two,laboratory,unfamiliar mother,1,0,1,naturalistic,test_only,nonnative,NA,NA,NA,NA,NA,NA,NA,NA,NA,NA,NA,NA,NA,NA,NA,NA,NA,TRUE
MB,babylabbrookes,NA,ManyBabies Consortium (2020),230.4390243902439,6-9 mo,15,0.5748995814085148,0.13884182547839477,english,0,typical,yes,3,singlescreen,looking_time,tape recording,eye-tracking,NA,16,within_two,laboratory,unfamiliar mother,1,0,1,naturalistic,test_only,nonnative,NA,NA,NA,NA,NA,NA,NA,NA,NA,NA,NA,NA,NA,NA,NA,NA,NA,TRUE
MB,babylabkingswood,NA,ManyBabies Consortium (2020),408.6689189189189,12-15 mo,15,0.4267504781500884,0.13636859951002214,english,0,typical,yes,1,hpp,looking_time,tape recording,behavior,NA,16,within_two,laboratory,unfamiliar mother,1,0,1,naturalistic,test_only,nonnative,NA,NA,NA,NA,NA,NA,NA,NA,NA,NA,NA,NA,NA,NA,NA,NA,NA,TRUE
MB,babylabkingswood,NA,ManyBabies Consortium (2020),220.70992366412213,6-9 mo,15,0.3499786105726263,0.13537475046430578,english,0,typical,yes,2,hpp,looking_time,tape recording,behavior,NA,16,within_two,laboratory,unfamiliar mother,1,0,1,naturalistic,test_only,nonnative,NA,NA,NA,NA,NA,NA,NA,NA,NA,NA,NA,NA,NA,NA,NA,NA,NA,TRUE
MB,babylabkonstanz,NA,ManyBabies Consortium (2020),234.71818181818185,6-9 mo,15,0.8414381363175816,0.1451336356208267,german,0,typical,yes,1,hpp,looking_time,tape recording,behavior,NA,16,within_two,laboratory,unfamiliar mother,1,0,1,naturalistic,test_only,nonnative,NA,NA,NA,NA,NA,NA,NA,NA,NA,NA,NA,NA,NA,NA,NA,NA,NA,TRUE
MB,babylablangessex,NA,ManyBabies Consortium (2020),222.01769911504425,6-9 mo,11,0.6249728700373333,0.19069525200642504,english,0,typical,yes,1,eyetracking,looking_time,tape recording,eye-tracking,NA,16,within_two,laboratory,unfamiliar mother,1,0,1,naturalistic,test_only,nonnative,NA,NA,NA,NA,NA,NA,NA,NA,NA,NA,NA,NA,NA,NA,NA,NA,NA,TRUE
MB,babylableiden,NA,ManyBabies Consortium (2020),320.288,9-12 mo,15,1.121666737320017,0.15430227116016887,dutch,0,typical,yes,1,hpp,looking_time,tape recording,behavior,NA,16,within_two,laboratory,unfamiliar mother,1,0,1,naturalistic,test_only,nonnative,NA,NA,NA,NA,NA,NA,NA,NA,NA,NA,NA,NA,NA,NA,NA,NA,NA,TRUE
MB,babylablmu,NA,ManyBabies Consortium (2020),413.45454545454544,12-15 mo,21,0.5846241588067811,0.09930696913167304,german,0,typical,yes,1,eyetracking,looking_time,tape recording,eye-tracking,NA,16,within_two,laboratory,unfamiliar mother,1,0,1,naturalistic,test_only,nonnative,NA,NA,NA,NA,NA,NA,NA,NA,NA,NA,NA,NA,NA,NA,NA,NA,NA,TRUE
MB,babylablmu,NA,ManyBabies Consortium (2020),324.1210191082803,9-12 mo,16,0.5654433094630757,0.12999572087838368,german,0,typical,yes,2,eyetracking,looking_time,tape recording,eye-tracking,NA,16,within_two,laboratory,unfamiliar mother,1,0,1,naturalistic,test_only,nonnative,NA,NA,NA,NA,NA,NA,NA,NA,NA,NA,NA,NA,NA,NA,NA,NA,NA,TRUE
MB,babylabnijmegen,NA,ManyBabies Consortium (2020),235.1504424778761,6-9 mo,27,0.4879403110302646,0.07627857173266954,dutch,0,typical,yes,1,hpp,looking_time,tape recording,behavior,NA,16,within_two,laboratory,unfamiliar mother,1,0,1,naturalistic,test_only,nonnative,NA,NA,NA,NA,NA,NA,NA,NA,NA,NA,NA,NA,NA,NA,NA,NA,NA,TRUE
MB,babylabnijmegen,NA,ManyBabies Consortium (2020),329.90291262135923,9-12 mo,22,-0.02466172507351114,0.09091600228049548,dutch,0,typical,yes,2,hpp,looking_time,tape recording,behavior,NA,16,within_two,laboratory,unfamiliar mother,1,0,1,naturalistic,test_only,nonnative,NA,NA,NA,NA,NA,NA,NA,NA,NA,NA,NA,NA,NA,NA,NA,NA,NA,TRUE
MB,babylabparisdescartes1,NA,ManyBabies Consortium (2020),403.8074074074074,12-15 mo,15,0.5408548544438901,0.13820873289292537,french,0,typical,yes,1,hpp,looking_time,tape recording,behavior,NA,16,within_two,laboratory,unfamiliar mother,1,0,1,naturalistic,test_only,nonnative,NA,NA,NA,NA,NA,NA,NA,NA,NA,NA,NA,NA,NA,NA,NA,NA,NA,TRUE
MB,babylabplymouth,NA,ManyBabies Consortium (2020),319.977973568282,9-12 mo,26,0.6363593503321558,0.08081685791110735,english,0,typical,yes,1,hpp,looking_time,tape recording,behavior,NA,16,within_two,laboratory,unfamiliar mother,1,0,1,naturalistic,test_only,nonnative,NA,NA,NA,NA,NA,NA,NA,NA,NA,NA,NA,NA,NA,NA,NA,NA,NA,TRUE
MB,babylabpotsdam,NA,ManyBabies Consortium (2020),308.14805194805194,9-12 mo,45,0.5668763837056686,0.04622971574668454,german,0,typical,yes,1,hpp,looking_time,tape recording,behavior,NA,16,within_two,laboratory,unfamiliar mother,1,0,1,naturalistic,test_only,nonnative,NA,NA,NA,NA,NA,NA,NA,NA,NA,NA,NA,NA,NA,NA,NA,NA,NA,TRUE
MB,babylabpotsdam,NA,ManyBabies Consortium (2020),308.14805194805194,9-12 mo,45,0.5668763837056686,0.04622971574668454,german,0,typical,yes,2,hpp,looking_time,tape recording,eye-tracking,NA,16,within_two,laboratory,unfamiliar mother,1,0,1,naturalistic,test_only,nonnative,NA,NA,NA,NA,NA,NA,NA,NA,NA,NA,NA,NA,NA,NA,NA,NA,NA,TRUE
MB,babylabpotsdam,NA,ManyBabies Consortium (2020),308.14805194805194,9-12 mo,45,0.5668763837056686,0.04622971574668454,german,0,typical,yes,3,singlescreen,looking_time,tape recording,behavior,NA,16,within_two,laboratory,unfamiliar mother,1,0,1,naturalistic,test_only,nonnative,NA,NA,NA,NA,NA,NA,NA,NA,NA,NA,NA,NA,NA,NA,NA,NA,NA,TRUE
MB,babylabpotsdam,NA,ManyBabies Consortium (2020),308.14805194805194,9-12 mo,45,0.5668763837056686,0.04622971574668454,german,0,typical,yes,4,singlescreen,looking_time,tape recording,eye-tracking,NA,16,within_two,laboratory,unfamiliar mother,1,0,1,naturalistic,test_only,nonnative,NA,NA,NA,NA,NA,NA,NA,NA,NA,NA,NA,NA,NA,NA,NA,NA,NA,TRUE
MB,babylabprinceton,NA,ManyBabies Consortium (2020),414.58947368421053,12-15 mo,14,0.6617348037944475,0.15067665983130135,english,1,non-typical,yes,1,hpp,looking_time,tape recording,behavior,NA,16,within_two,laboratory,unfamiliar mother,1,0,1,naturalistic,test_only,native,NA,NA,NA,NA,NA,NA,NA,NA,NA,NA,NA,NA,NA,NA,NA,NA,NA,TRUE
MB,babylabshimane,NA,ManyBabies Consortium (2020),148.84552845528455,3-6 mo,13,-0.08307920348072034,0.15397888757790368,japanese,0,typical,yes,1,eyetracking,looking_time,tape recording,eye-tracking,NA,16,within_two,laboratory,unfamiliar mother,1,0,1,naturalistic,test_only,nonnative,NA,NA,NA,NA,NA,NA,NA,NA,NA,NA,NA,NA,NA,NA,NA,NA,NA,TRUE
MB,babylabshimane,NA,ManyBabies Consortium (2020),230.796875,6-9 mo,13,0.17161357774735542,0.15441252346283169,japanese,0,typical,yes,2,eyetracking,looking_time,tape recording,eye-tracking,NA,16,within_two,laboratory,unfamiliar mother,1,0,1,naturalistic,test_only,nonnative,NA,NA,NA,NA,NA,NA,NA,NA,NA,NA,NA,NA,NA,NA,NA,NA,NA,TRUE
MB,babylabuclajohnson,NA,ManyBabies Consortium (2020),406.2336956521739,12-15 mo,22,0.4016611745245197,0.09274240567182292,english,1,typical,yes,1,eyetracking,looking_time,tape recording,eye-tracking,NA,16,within_two,laboratory,unfamiliar mother,1,0,1,naturalistic,test_only,native,NA,NA,NA,NA,NA,NA,NA,NA,NA,NA,NA,NA,NA,NA,NA,NA,NA,TRUE
MB,babylabutrecht,NA,ManyBabies Consortium (2020),226.67153284671537,6-9 mo,30,0.17460611782741026,0.06692072746985633,dutch,0,typical,yes,1,hpp,looking_time,tape recording,behavior,NA,16,within_two,laboratory,unfamiliar mother,1,0,1,naturalistic,test_only,nonnative,NA,NA,NA,NA,NA,NA,NA,NA,NA,NA,NA,NA,NA,NA,NA,NA,NA,TRUE
MB,babylabutrecht,NA,ManyBabies Consortium (2020),325.44406779661006,9-12 mo,31,0.24701092264615884,0.06500818061214925,dutch,0,typical,yes,2,hpp,looking_time,tape recording,behavior,NA,16,within_two,laboratory,unfamiliar mother,1,0,1,naturalistic,test_only,nonnative,NA,NA,NA,NA,NA,NA,NA,NA,NA,NA,NA,NA,NA,NA,NA,NA,NA,TRUE
MB,babylabvuw,NA,ManyBabies Consortium (2020),228.74774774774775,6-9 mo,13,0.03108480233425014,0.15386473586415692,english,0,typical,yes,1,singlescreen,looking_time,tape recording,eye-tracking,NA,16,within_two,laboratory,unfamiliar mother,1,0,1,naturalistic,test_only,nonnative,NA,NA,NA,NA,NA,NA,NA,NA,NA,NA,NA,NA,NA,NA,NA,NA,NA,TRUE
MB,babylabyork,NA,ManyBabies Consortium (2020),220.4921875,6-9 mo,16,0.20782626968676823,0.1256748712245612,english,0,typical,yes,1,singlescreen,looking_time,tape recording,eye-tracking,NA,16,within_two,laboratory,unfamiliar mother,1,0,1,naturalistic,test_only,nonnative,NA,NA,NA,NA,NA,NA,NA,NA,NA,NA,NA,NA,NA,NA,NA,NA,NA,TRUE
MB,babylabyork,NA,ManyBabies Consortium (2020),316.0082644628099,9-12 mo,16,0.4311099311483351,0.12790399644898004,english,0,typical,yes,2,singlescreen,looking_time,tape recording,eye-tracking,NA,16,within_two,laboratory,unfamiliar mother,1,0,1,naturalistic,test_only,nonnative,NA,NA,NA,NA,NA,NA,NA,NA,NA,NA,NA,NA,NA,NA,NA,NA,NA,TRUE
MB,babylingoslo,NA,ManyBabies Consortium (2020),228.04436860068265,6-9 mo,18,0.16212851700155503,0.1114761896670156,norwegian,0,typical,yes,1,eyetracking,looking_time,tape recording,eye-tracking,NA,16,within_two,laboratory,unfamiliar mother,1,0,1,naturalistic,test_only,nonnative,NA,NA,NA,NA,NA,NA,NA,NA,NA,NA,NA,NA,NA,NA,NA,NA,NA,TRUE
MB,baldwinlabuoregon,NA,ManyBabies Consortium (2020),320.7518796992481,9-12 mo,16,0.5967969913106059,0.13056510388808423,english,1,typical,yes,1,singlescreen,looking_time,tape recording,eye-tracking,NA,16,within_two,laboratory,unfamiliar mother,1,0,1,naturalistic,test_only,native,NA,NA,NA,NA,NA,NA,NA,NA,NA,NA,NA,NA,NA,NA,NA,NA,NA,TRUE
MB,bchdosu,NA,ManyBabies Consortium (2020),410.7593984962406,12-15 mo,15,0.2507262368864611,0.13438106076438744,english,1,typical,yes,1,singlescreen,looking_time,tape recording,eye-tracking,NA,16,within_two,laboratory,unfamiliar mother,1,0,1,naturalistic,test_only,native,NA,NA,NA,NA,NA,NA,NA,NA,NA,NA,NA,NA,NA,NA,NA,NA,NA,TRUE
MB,bchdosu,NA,ManyBabies Consortium (2020),139.6707317073171,3-6 mo,20,0.44976968707527337,0.10252865964264736,english,1,typical,yes,2,singlescreen,looking_time,tape recording,eye-tracking,NA,16,within_two,laboratory,unfamiliar mother,1,0,1,naturalistic,test_only,native,NA,NA,NA,NA,NA,NA,NA,NA,NA,NA,NA,NA,NA,NA,NA,NA,NA,TRUE
MB,bchdosu,NA,ManyBabies Consortium (2020),242.38805970149252,6-9 mo,15,0.04668291533515761,0.13336965490973648,english,1,non-typical,yes,3,singlescreen,looking_time,tape recording,eye-tracking,NA,16,within_two,laboratory,unfamiliar mother,1,0,1,naturalistic,test_only,native,NA,NA,NA,NA,NA,NA,NA,NA,NA,NA,NA,NA,NA,NA,NA,NA,NA,TRUE
MB,bchdosu,NA,ManyBabies Consortium (2020),323.11538461538464,9-12 mo,16,0.3250812615917091,0.12665121604121965,english,1,typical,yes,4,singlescreen,looking_time,tape recording,eye-tracking,NA,16,within_two,laboratory,unfamiliar mother,1,0,1,naturalistic,test_only,native,NA,NA,NA,NA,NA,NA,NA,NA,NA,NA,NA,NA,NA,NA,NA,NA,NA,TRUE
MB,bcrlunlv,NA,ManyBabies Consortium (2020),409.786941580756,12-15 mo,27,0.5302962799024192,0.07667790874516986,english,1,typical,yes,1,singlescreen,looking_time,tape recording,eye-tracking,NA,16,within_two,laboratory,unfamiliar mother,1,0,1,naturalistic,test_only,native,NA,NA,NA,NA,NA,NA,NA,NA,NA,NA,NA,NA,NA,NA,NA,NA,NA,TRUE
MB,bllumanitoba,NA,ManyBabies Consortium (2020),413.4274809160305,12-15 mo,16,1.758851813985661,0.17333687036813517,english,1,typical,yes,1,hpp,looking_time,tape recording,behavior,NA,16,within_two,laboratory,unfamiliar mother,1,0,1,naturalistic,test_only,native,NA,NA,NA,NA,NA,NA,NA,NA,NA,NA,NA,NA,NA,NA,NA,NA,NA,TRUE
MB,bllumanitoba,NA,ManyBabies Consortium (2020),164.43636363636364,3-6 mo,13,0.4915985895813929,0.15849363794766183,english,1,typical,yes,2,hpp,looking_time,tape recording,behavior,NA,16,within_two,laboratory,unfamiliar mother,1,0,1,naturalistic,test_only,native,NA,NA,NA,NA,NA,NA,NA,NA,NA,NA,NA,NA,NA,NA,NA,NA,NA,TRUE
MB,bllumanitoba,NA,ManyBabies Consortium (2020),234.23004694835677,6-9 mo,26,-0.10203015946674648,0.07702317455231548,english,1,typical,yes,3,hpp,looking_time,tape recording,behavior,NA,16,within_two,laboratory,unfamiliar mother,1,0,1,naturalistic,test_only,native,NA,NA,NA,NA,NA,NA,NA,NA,NA,NA,NA,NA,NA,NA,NA,NA,NA,TRUE
MB,bllumanitoba,NA,ManyBabies Consortium (2020),314.0952380952381,9-12 mo,23,0.6351034305894019,0.09134083008202638,english,1,typical,yes,4,hpp,looking_time,tape recording,behavior,NA,16,within_two,laboratory,unfamiliar mother,1,0,1,naturalistic,test_only,native,NA,NA,NA,NA,NA,NA,NA,NA,NA,NA,NA,NA,NA,NA,NA,NA,NA,TRUE
MB,bounbcl,NA,ManyBabies Consortium (2020),407.5991379310345,12-15 mo,31,0.26673376261395765,0.06508989435579193,turkish,0,typical,yes,1,singlescreen,looking_time,tape recording,eye-tracking,NA,16,within_two,laboratory,unfamiliar mother,1,0,1,naturalistic,test_only,nonnative,NA,NA,NA,NA,NA,NA,NA,NA,NA,NA,NA,NA,NA,NA,NA,NA,NA,TRUE
MB,callab,NA,ManyBabies Consortium (2020),336.1707317073171,9-12 mo,15,0.05962292674529391,0.13339258155656125,english,1,typical,yes,1,eyetracking,looking_time,tape recording,eye-tracking,NA,16,within_two,laboratory,unfamiliar mother,1,0,1,naturalistic,test_only,native,NA,NA,NA,NA,NA,NA,NA,NA,NA,NA,NA,NA,NA,NA,NA,NA,NA,TRUE
MB,cdcceu,NA,ManyBabies Consortium (2020),398.9072164948454,12-15 mo,13,0.8139833991531293,0.16658786488647853,hungarian,0,typical,yes,1,eyetracking,looking_time,tape recording,eye-tracking,NA,16,within_two,laboratory,unfamiliar mother,1,0,1,naturalistic,test_only,nonnative,NA,NA,NA,NA,NA,NA,NA,NA,NA,NA,NA,NA,NA,NA,NA,NA,NA,TRUE
MB,cdcceu,NA,ManyBabies Consortium (2020),146,3-6 mo,12,-0.3006911989495903,0.1685503166067863,hungarian,0,typical,yes,2,eyetracking,looking_time,tape recording,eye-tracking,NA,16,within_two,laboratory,unfamiliar mother,1,0,1,naturalistic,test_only,nonnative,NA,NA,NA,NA,NA,NA,NA,NA,NA,NA,NA,NA,NA,NA,NA,NA,NA,TRUE
MB,childlabmanchester,NA,ManyBabies Consortium (2020),241.05714285714288,6-9 mo,11,-0.30544767400737416,0.1839385973081026,english,0,typical,yes,1,eyetracking,looking_time,tape recording,eye-tracking,NA,16,within_two,laboratory,unfamiliar mother,1,0,1,naturalistic,test_only,nonnative,NA,NA,NA,NA,NA,NA,NA,NA,NA,NA,NA,NA,NA,NA,NA,NA,NA,TRUE
MB,chosunbaby,NA,ManyBabies Consortium (2020),403.7451737451737,12-15 mo,30,0.6603488796153675,0.07030050535674393,korean,0,typical,yes,1,hpp,looking_time,tape recording,behavior,NA,16,within_two,laboratory,unfamiliar mother,1,0,1,naturalistic,test_only,nonnative,NA,NA,NA,NA,NA,NA,NA,NA,NA,NA,NA,NA,NA,NA,NA,NA,NA,TRUE
MB,chosunbaby,NA,ManyBabies Consortium (2020),227.7966804979253,6-9 mo,28,0.17531489363381342,0.07170299385651638,korean,0,typical,yes,2,hpp,looking_time,tape recording,behavior,NA,16,within_two,laboratory,unfamiliar mother,1,0,1,naturalistic,test_only,nonnative,NA,NA,NA,NA,NA,NA,NA,NA,NA,NA,NA,NA,NA,NA,NA,NA,NA,TRUE
MB,chosunbaby,NA,ManyBabies Consortium (2020),296.6746987951807,9-12 mo,19,0.5530360176286022,0.10928748469466452,korean,0,typical,yes,3,hpp,looking_time,tape recording,behavior,NA,16,within_two,laboratory,unfamiliar mother,1,0,1,naturalistic,test_only,nonnative,NA,NA,NA,NA,NA,NA,NA,NA,NA,NA,NA,NA,NA,NA,NA,NA,NA,TRUE
MB,cogdevlabbyu,NA,ManyBabies Consortium (2020),136.93617021276594,3-6 mo,18,-0.2091851655738925,0.11171886713189134,english,1,non-typical,yes,1,eyetracking,looking_time,tape recording,eye-tracking,NA,16,within_two,laboratory,unfamiliar mother,1,0,1,naturalistic,test_only,native,NA,NA,NA,NA,NA,NA,NA,NA,NA,NA,NA,NA,NA,NA,NA,NA,NA,TRUE
MB,cogdevlabbyu,NA,ManyBabies Consortium (2020),194.23529411764707,6-9 mo,10,0.02408594673008579,0.20001450332074713,english,1,non-typical,yes,2,eyetracking,looking_time,tape recording,eye-tracking,NA,16,within_two,laboratory,unfamiliar mother,1,0,1,naturalistic,test_only,native,NA,NA,NA,NA,NA,NA,NA,NA,NA,NA,NA,NA,NA,NA,NA,NA,NA,TRUE
MB,dcnlabtennessee,NA,ManyBabies Consortium (2020),404.60416666666663,12-15 mo,13,0.5372982055390684,0.15939787233991354,english,1,typical,yes,1,eyetracking,looking_time,tape recording,eye-tracking,NA,16,within_two,laboratory,unfamiliar mother,1,0,1,naturalistic,test_only,native,NA,NA,NA,NA,NA,NA,NA,NA,NA,NA,NA,NA,NA,NA,NA,NA,NA,TRUE
MB,earlysocogfm,NA,ManyBabies Consortium (2020),226.4913793103448,6-9 mo,13,-0.2105806159317521,0.15469892684242686,english,1,typical,yes,1,eyetracking,looking_time,tape recording,eye-tracking,NA,16,within_two,laboratory,unfamiliar mother,1,0,1,naturalistic,test_only,native,NA,NA,NA,NA,NA,NA,NA,NA,NA,NA,NA,NA,NA,NA,NA,NA,NA,TRUE
MB,earlysocogfm,NA,ManyBabies Consortium (2020),315.3965517241379,9-12 mo,12,0.5088002978605678,0.17205995298131255,english,1,typical,yes,2,eyetracking,looking_time,tape recording,eye-tracking,NA,16,within_two,laboratory,unfamiliar mother,1,0,1,naturalistic,test_only,native,NA,NA,NA,NA,NA,NA,NA,NA,NA,NA,NA,NA,NA,NA,NA,NA,NA,TRUE
MB,escompicbsleipzig,NA,ManyBabies Consortium (2020),155.71875,3-6 mo,13,0.14265281736141971,0.1542374966596375,german,0,typical,yes,1,eyetracking,looking_time,tape recording,eye-tracking,NA,16,within_two,laboratory,unfamiliar mother,1,0,1,naturalistic,test_only,nonnative,NA,NA,NA,NA,NA,NA,NA,NA,NA,NA,NA,NA,NA,NA,NA,NA,NA,TRUE
MB,ethosrennes,NA,ManyBabies Consortium (2020),145.64248704663208,3-6 mo,46,-0.21962754628970757,0.04374041445157194,french,0,typical,yes,1,eyetracking,looking_time,tape recording,eye-tracking,NA,16,within_two,laboratory,unfamiliar mother,1,0,1,naturalistic,test_only,nonnative,NA,NA,NA,NA,NA,NA,NA,NA,NA,NA,NA,NA,NA,NA,NA,NA,NA,TRUE
MB,ethosrennes,NA,ManyBabies Consortium (2020),235.8054862842893,6-9 mo,41,0.1017056033387902,0.04884356115701529,french,0,typical,yes,2,eyetracking,looking_time,tape recording,eye-tracking,NA,16,within_two,laboratory,unfamiliar mother,1,0,1,naturalistic,test_only,nonnative,NA,NA,NA,NA,NA,NA,NA,NA,NA,NA,NA,NA,NA,NA,NA,NA,NA,TRUE
MB,icclbc,NA,ManyBabies Consortium (2020),231.66304347826087,6-9 mo,13,0.1814476244473635,0.1544792930849537,english,1,typical,yes,1,singlescreen,looking_time,tape recording,eye-tracking,NA,16,within_two,laboratory,unfamiliar mother,1,0,1,naturalistic,test_only,native,NA,NA,NA,NA,NA,NA,NA,NA,NA,NA,NA,NA,NA,NA,NA,NA,NA,TRUE
MB,infantcoglablouisville,NA,ManyBabies Consortium (2020),325.433242506812,9-12 mo,34,0.02318579853485531,0.05882748221510073,english,1,typical,yes,1,singlescreen,looking_time,tape recording,eye-tracking,NA,16,within_two,laboratory,unfamiliar mother,1,0,1,naturalistic,test_only,native,NA,NA,NA,NA,NA,NA,NA,NA,NA,NA,NA,NA,NA,NA,NA,NA,NA,TRUE
MB,infantcogubc,NA,ManyBabies Consortium (2020),140.85344827586206,3-6 mo,28,0.3353204198814508,0.07243249807133458,english,1,typical,yes,1,singlescreen,looking_time,tape recording,eye-tracking,NA,16,within_two,laboratory,unfamiliar mother,1,0,1,naturalistic,test_only,native,NA,NA,NA,NA,NA,NA,NA,NA,NA,NA,NA,NA,NA,NA,NA,NA,NA,TRUE
MB,infantcogubc,NA,ManyBabies Consortium (2020),226.44642857142856,6-9 mo,10,-0.1112507371805703,0.2003094181630805,english,1,typical,yes,2,eyetracking,looking_time,tape recording,eye-tracking,NA,16,within_two,laboratory,unfamiliar mother,1,0,1,naturalistic,test_only,native,NA,NA,NA,NA,NA,NA,NA,NA,NA,NA,NA,NA,NA,NA,NA,NA,NA,TRUE
MB,infantlanglabutk,NA,ManyBabies Consortium (2020),417.0434782608696,12-15 mo,33,0.5463652957320767,0.06286753815439697,english,1,typical,yes,1,hpp,looking_time,tape recording,behavior,NA,16,within_two,laboratory,unfamiliar mother,1,0,1,naturalistic,test_only,native,NA,NA,NA,NA,NA,NA,NA,NA,NA,NA,NA,NA,NA,NA,NA,NA,NA,TRUE
MB,infantlanglabutk,NA,ManyBabies Consortium (2020),226.68421052631575,6-9 mo,32,0.5427216958610118,0.06480114718092385,english,1,typical,yes,2,hpp,looking_time,tape recording,behavior,NA,16,within_two,laboratory,unfamiliar mother,1,0,1,naturalistic,test_only,native,NA,NA,NA,NA,NA,NA,NA,NA,NA,NA,NA,NA,NA,NA,NA,NA,NA,TRUE
MB,infantllmadison,NA,ManyBabies Consortium (2020),409.5708502024292,12-15 mo,28,1.0479464756264492,0.08123385549801693,english,1,typical,yes,1,hpp,looking_time,tape recording,behavior,NA,16,within_two,laboratory,unfamiliar mother,1,0,1,naturalistic,test_only,native,NA,NA,NA,NA,NA,NA,NA,NA,NA,NA,NA,NA,NA,NA,NA,NA,NA,TRUE
MB,infantllmadison,NA,ManyBabies Consortium (2020),223.4860557768924,6-9 mo,31,0.3145890842370835,0.0653142442896865,english,1,typical,yes,2,hpp,looking_time,tape recording,behavior,NA,16,within_two,laboratory,unfamiliar mother,1,0,1,naturalistic,test_only,native,NA,NA,NA,NA,NA,NA,NA,NA,NA,NA,NA,NA,NA,NA,NA,NA,NA,TRUE
MB,infantllmadison,NA,ManyBabies Consortium (2020),315.685393258427,9-12 mo,31,0.9317680678467752,0.07151767526015251,english,1,typical,yes,3,hpp,looking_time,tape recording,behavior,NA,16,within_two,laboratory,unfamiliar mother,1,0,1,naturalistic,test_only,native,NA,NA,NA,NA,NA,NA,NA,NA,NA,NA,NA,NA,NA,NA,NA,NA,NA,TRUE
MB,infantstudiesubc,NA,ManyBabies Consortium (2020),228.66331658291455,6-9 mo,20,0.5226703344421588,0.10341480348132348,english,1,typical,yes,1,hpp,looking_time,tape recording,behavior,NA,16,within_two,laboratory,unfamiliar mother,1,0,1,naturalistic,test_only,native,NA,NA,NA,NA,NA,NA,NA,NA,NA,NA,NA,NA,NA,NA,NA,NA,NA,TRUE
MB,irlconcordia,NA,ManyBabies Consortium (2020),394.5982905982906,12-15 mo,16,1.0398180799369985,0.1418940881150604,english,1,typical,yes,1,eyetracking,looking_time,tape recording,eye-tracking,NA,16,within_two,laboratory,unfamiliar mother,1,0,1,naturalistic,test_only,native,NA,NA,NA,NA,NA,NA,NA,NA,NA,NA,NA,NA,NA,NA,NA,NA,NA,TRUE
MB,irlconcordia,NA,ManyBabies Consortium (2020),219.74285714285713,6-9 mo,16,-0.10481754011964411,0.12517166744869895,english,1,typical,yes,2,eyetracking,looking_time,tape recording,eye-tracking,NA,16,within_two,laboratory,unfamiliar mother,1,0,1,naturalistic,test_only,native,NA,NA,NA,NA,NA,NA,NA,NA,NA,NA,NA,NA,NA,NA,NA,NA,NA,TRUE
MB,islnotredame,NA,ManyBabies Consortium (2020),411.3953488372092,12-15 mo,28,0.5127359572216238,0.07377587644489263,english,1,typical,yes,1,hpp,looking_time,tape recording,behavior,NA,16,within_two,laboratory,unfamiliar mother,1,0,1,naturalistic,test_only,native,NA,NA,NA,NA,NA,NA,NA,NA,NA,NA,NA,NA,NA,NA,NA,NA,NA,TRUE
MB,isplabmcgill,NA,ManyBabies Consortium (2020),414.5375,12-15 mo,11,1.288849019231454,0.21957117714486096,french,0,typical,yes,1,hpp,looking_time,tape recording,behavior,NA,16,within_two,laboratory,unfamiliar mother,1,0,1,naturalistic,test_only,nonnative,NA,NA,NA,NA,NA,NA,NA,NA,NA,NA,NA,NA,NA,NA,NA,NA,NA,TRUE
MB,kokuhamburg,NA,ManyBabies Consortium (2020),224.08045977011497,6-9 mo,13,-0.2895712652962874,0.15545868303240948,german,0,typical,yes,1,eyetracking,looking_time,tape recording,eye-tracking,NA,16,within_two,laboratory,unfamiliar mother,1,0,1,naturalistic,test_only,nonnative,NA,NA,NA,NA,NA,NA,NA,NA,NA,NA,NA,NA,NA,NA,NA,NA,NA,TRUE
MB,kyotobabylab,NA,ManyBabies Consortium (2020),222.41666666666669,6-9 mo,10,-0.366800913782895,0.2033635727587992,japanese,0,typical,yes,1,eyetracking,looking_time,tape recording,eye-tracking,NA,16,within_two,laboratory,unfamiliar mother,1,0,1,naturalistic,test_only,nonnative,NA,NA,NA,NA,NA,NA,NA,NA,NA,NA,NA,NA,NA,NA,NA,NA,NA,TRUE
MB,kyotobabylab,NA,ManyBabies Consortium (2020),299.09554140127386,9-12 mo,14,0.2563985790302091,0.14403107555944125,japanese,0,typical,yes,2,eyetracking,looking_time,tape recording,eye-tracking,NA,16,within_two,laboratory,unfamiliar mother,1,0,1,naturalistic,test_only,nonnative,NA,NA,NA,NA,NA,NA,NA,NA,NA,NA,NA,NA,NA,NA,NA,NA,NA,TRUE
MB,labunam,NA,ManyBabies Consortium (2020),404.900826446281,12-15 mo,11,0.2422574666604632,0.18315201545801696,spanish,0,typical,yes,1,eyetracking,looking_time,tape recording,eye-tracking,NA,16,within_two,laboratory,unfamiliar mother,1,0,1,naturalistic,test_only,nonnative,NA,NA,NA,NA,NA,NA,NA,NA,NA,NA,NA,NA,NA,NA,NA,NA,NA,TRUE
MB,labunam,NA,ManyBabies Consortium (2020),221.96575342465752,6-9 mo,14,0.41778926083129153,0.14597406904403493,spanish,0,typical,yes,2,eyetracking,looking_time,tape recording,eye-tracking,NA,16,within_two,laboratory,unfamiliar mother,1,0,1,naturalistic,test_only,nonnative,NA,NA,NA,NA,NA,NA,NA,NA,NA,NA,NA,NA,NA,NA,NA,NA,NA,TRUE
MB,lancaster,NA,ManyBabies Consortium (2020),409,12-15 mo,20,0.02751283559617483,0.10000946195153178,english,0,typical,yes,1,singlescreen,looking_time,tape recording,eye-tracking,NA,16,within_two,laboratory,unfamiliar mother,1,0,1,naturalistic,test_only,nonnative,NA,NA,NA,NA,NA,NA,NA,NA,NA,NA,NA,NA,NA,NA,NA,NA,NA,TRUE
MB,lancaster,NA,ManyBabies Consortium (2020),225.31481481481484,6-9 mo,19,0.22717694507153685,0.1059422284785794,english,0,typical,yes,2,eyetracking,looking_time,tape recording,eye-tracking,NA,16,within_two,laboratory,unfamiliar mother,1,0,1,naturalistic,test_only,nonnative,NA,NA,NA,NA,NA,NA,NA,NA,NA,NA,NA,NA,NA,NA,NA,NA,NA,TRUE
MB,langlabucla,NA,ManyBabies Consortium (2020),155.12820512820517,3-6 mo,29,0.42533286095719874,0.07052506933284514,english,1,typical,yes,1,hpp,looking_time,tape recording,behavior,NA,16,within_two,laboratory,unfamiliar mother,1,0,1,naturalistic,test_only,native,NA,NA,NA,NA,NA,NA,NA,NA,NA,NA,NA,NA,NA,NA,NA,NA,NA,TRUE
MB,langlabucla,NA,ManyBabies Consortium (2020),324.23873873873873,9-12 mo,29,0.6318455950694778,0.07240714531041985,english,1,typical,yes,2,hpp,looking_time,tape recording,behavior,NA,16,within_two,laboratory,unfamiliar mother,1,0,1,naturalistic,test_only,native,NA,NA,NA,NA,NA,NA,NA,NA,NA,NA,NA,NA,NA,NA,NA,NA,NA,TRUE
MB,lcdfsu,NA,ManyBabies Consortium (2020),319.3888888888889,9-12 mo,13,0.25789518536935296,0.1551251908968595,english,1,typical,yes,1,eyetracking,looking_time,tape recording,eye-tracking,NA,16,within_two,laboratory,unfamiliar mother,1,0,1,naturalistic,test_only,native,NA,NA,NA,NA,NA,NA,NA,NA,NA,NA,NA,NA,NA,NA,NA,NA,NA,TRUE
MB,ldlottawa,NA,ManyBabies Consortium (2020),414.88235294117646,12-15 mo,10,0.7076878133647777,0.21252055102962553,english,1,typical,yes,1,singlescreen,looking_time,tape recording,eye-tracking,NA,16,within_two,laboratory,unfamiliar mother,1,0,1,naturalistic,test_only,native,NA,NA,NA,NA,NA,NA,NA,NA,NA,NA,NA,NA,NA,NA,NA,NA,NA,TRUE
MB,ldlottawa,NA,ManyBabies Consortium (2020),147.35766423357666,3-6 mo,12,0.28255623908756317,0.1683299589218189,english,1,typical,yes,2,singlescreen,looking_time,tape recording,eye-tracking,NA,16,within_two,laboratory,unfamiliar mother,1,0,1,naturalistic,test_only,native,NA,NA,NA,NA,NA,NA,NA,NA,NA,NA,NA,NA,NA,NA,NA,NA,NA,TRUE
MB,ldlottawa,NA,ManyBabies Consortium (2020),241.10493827160496,6-9 mo,16,0.5350852940556281,0.1294736917486656,english,1,typical,yes,3,singlescreen,looking_time,tape recording,eye-tracking,NA,16,within_two,laboratory,unfamiliar mother,1,0,1,naturalistic,test_only,native,NA,NA,NA,NA,NA,NA,NA,NA,NA,NA,NA,NA,NA,NA,NA,NA,NA,TRUE
MB,ldlottawa,NA,ManyBabies Consortium (2020),315.23870967741937,9-12 mo,15,0.25982181219607775,0.1344584562348809,english,1,typical,yes,4,singlescreen,looking_time,tape recording,eye-tracking,NA,16,within_two,laboratory,unfamiliar mother,1,0,1,naturalistic,test_only,native,NA,NA,NA,NA,NA,NA,NA,NA,NA,NA,NA,NA,NA,NA,NA,NA,NA,TRUE
MB,lllliv,NA,ManyBabies Consortium (2020),399.2533333333334,12-15 mo,13,0.5927610212629129,0.1606031851601664,english,0,typical,yes,1,eyetracking,looking_time,tape recording,eye-tracking,NA,16,within_two,laboratory,unfamiliar mother,1,0,1,naturalistic,test_only,nonnative,NA,NA,NA,NA,NA,NA,NA,NA,NA,NA,NA,NA,NA,NA,NA,NA,NA,TRUE
MB,lllliv,NA,ManyBabies Consortium (2020),225.1173184357542,6-9 mo,16,0.31837995198014135,0.12658384052848246,english,0,typical,yes,2,eyetracking,looking_time,tape recording,eye-tracking,NA,16,within_two,laboratory,unfamiliar mother,1,0,1,naturalistic,test_only,nonnative,NA,NA,NA,NA,NA,NA,NA,NA,NA,NA,NA,NA,NA,NA,NA,NA,NA,TRUE
MB,lppparisdescartes2,NA,ManyBabies Consortium (2020),241.6,6-9 mo,25,-0.05469479432512925,0.08002991520526269,french,0,typical,yes,1,hpp,looking_time,tape recording,behavior,NA,16,within_two,laboratory,unfamiliar mother,1,0,1,naturalistic,test_only,nonnative,NA,NA,NA,NA,NA,NA,NA,NA,NA,NA,NA,NA,NA,NA,NA,NA,NA,TRUE
MB,lscppsl,NA,ManyBabies Consortium (2020),401.6776859504132,12-15 mo,11,0.1393481048920746,0.1822594975985685,french,0,typical,yes,1,eyetracking,looking_time,tape recording,eye-tracking,NA,16,within_two,laboratory,unfamiliar mother,1,0,1,naturalistic,test_only,nonnative,NA,NA,NA,NA,NA,NA,NA,NA,NA,NA,NA,NA,NA,NA,NA,NA,NA,TRUE
MB,madlabucsd,NA,ManyBabies Consortium (2020),234.85882352941175,6-9 mo,10,0.14274992667470185,0.20050943853914083,english,1,typical,yes,1,singlescreen,looking_time,tape recording,eye-tracking,NA,16,within_two,laboratory,unfamiliar mother,1,0,1,naturalistic,test_only,native,NA,NA,NA,NA,NA,NA,NA,NA,NA,NA,NA,NA,NA,NA,NA,NA,NA,TRUE
MB,minddevlabbicocca,NA,ManyBabies Consortium (2020),144.75,3-6 mo,11,0.498240237567761,0.18746007578026316,italian,0,typical,yes,1,singlescreen,looking_time,tape recording,eye-tracking,NA,16,within_two,laboratory,unfamiliar mother,1,0,1,naturalistic,test_only,nonnative,NA,NA,NA,NA,NA,NA,NA,NA,NA,NA,NA,NA,NA,NA,NA,NA,NA,TRUE
MB,musdevutm,NA,ManyBabies Consortium (2020),226.72888888888892,6-9 mo,30,0.19473312513925575,0.0669826749168875,english,1,typical,yes,1,hpp,looking_time,tape recording,behavior,NA,16,within_two,laboratory,unfamiliar mother,1,0,1,naturalistic,test_only,native,NA,NA,NA,NA,NA,NA,NA,NA,NA,NA,NA,NA,NA,NA,NA,NA,NA,TRUE
MB,pocdnorthwestern,NA,ManyBabies Consortium (2020),408.59027777777777,12-15 mo,28,0.3834645977815071,0.07274147408706905,english,1,typical,yes,1,eyetracking,looking_time,tape recording,eye-tracking,NA,16,within_two,laboratory,unfamiliar mother,1,0,1,naturalistic,test_only,native,NA,NA,NA,NA,NA,NA,NA,NA,NA,NA,NA,NA,NA,NA,NA,NA,NA,TRUE
MB,purdueinfantspeech,NA,ManyBabies Consortium (2020),393.50218340611355,12-15 mo,31,0.818275779793498,0.06991592944997305,english,1,typical,yes,1,hpp,looking_time,tape recording,behavior,NA,16,within_two,laboratory,unfamiliar mother,1,0,1,naturalistic,test_only,native,NA,NA,NA,NA,NA,NA,NA,NA,NA,NA,NA,NA,NA,NA,NA,NA,NA,TRUE
MB,purdueinfantspeech,NA,ManyBabies Consortium (2020),312.28837209302327,9-12 mo,26,0.4990496242367993,0.07931779353318165,english,1,typical,yes,2,hpp,looking_time,tape recording,behavior,NA,16,within_two,laboratory,unfamiliar mother,1,0,1,naturalistic,test_only,native,NA,NA,NA,NA,NA,NA,NA,NA,NA,NA,NA,NA,NA,NA,NA,NA,NA,TRUE
MB,socialcogumiami,NA,ManyBabies Consortium (2020),135.6068376068376,3-6 mo,18,-0.28437012832864705,0.1122342551373007,english,1,typical,yes,1,eyetracking,looking_time,tape recording,eye-tracking,NA,16,within_two,laboratory,unfamiliar mother,1,0,1,naturalistic,test_only,native,NA,NA,NA,NA,NA,NA,NA,NA,NA,NA,NA,NA,NA,NA,NA,NA,NA,TRUE
MB,trainorlab,NA,ManyBabies Consortium (2020),243.00507614213197,6-9 mo,24,0.5282912274497675,0.08624053771875398,english,1,typical,yes,1,hpp,looking_time,tape recording,behavior,NA,16,within_two,laboratory,unfamiliar mother,1,0,1,naturalistic,test_only,native,NA,NA,NA,NA,NA,NA,NA,NA,NA,NA,NA,NA,NA,NA,NA,NA,NA,TRUE
MB,udssaarland,NA,ManyBabies Consortium (2020),407.5099337748344,12-15 mo,17,0.33531696517250614,0.11930055098724264,german,0,typical,yes,1,singlescreen,looking_time,tape recording,eye-tracking,NA,16,within_two,laboratory,unfamiliar mother,1,0,1,naturalistic,test_only,nonnative,NA,NA,NA,NA,NA,NA,NA,NA,NA,NA,NA,NA,NA,NA,NA,NA,NA,TRUE
MB,udssaarland,NA,ManyBabies Consortium (2020),237.61052631578949,6-9 mo,11,-0.02449129590510849,0.18183181417216163,german,0,typical,yes,2,singlescreen,looking_time,tape recording,eye-tracking,NA,16,within_two,laboratory,unfamiliar mother,1,0,1,naturalistic,test_only,nonnative,NA,NA,NA,NA,NA,NA,NA,NA,NA,NA,NA,NA,NA,NA,NA,NA,NA,TRUE
MB,udssaarland,NA,ManyBabies Consortium (2020),315.58156028368796,9-12 mo,15,-0.2693459079769168,0.13454245363573183,german,0,typical,yes,3,singlescreen,looking_time,tape recording,eye-tracking,NA,16,within_two,laboratory,unfamiliar mother,1,0,1,naturalistic,test_only,nonnative,NA,NA,NA,NA,NA,NA,NA,NA,NA,NA,NA,NA,NA,NA,NA,NA,NA,TRUE
MB,unlvmusiclab,NA,ManyBabies Consortium (2020),139.89285714285717,3-6 mo,20,0.812014922883943,0.10824210293732772,english,1,typical,yes,1,singlescreen,looking_time,tape recording,eye-tracking,NA,16,within_two,laboratory,unfamiliar mother,1,0,1,naturalistic,test_only,native,NA,NA,NA,NA,NA,NA,NA,NA,NA,NA,NA,NA,NA,NA,NA,NA,NA,TRUE
MB,weescienceedinburgh,NA,ManyBabies Consortium (2020),213.7142857142857,6-9 mo,32,0.02083591022472658,0.0625033916808976,english,0,typical,yes,1,singlescreen,looking_time,tape recording,eye-tracking,NA,16,within_two,laboratory,unfamiliar mother,1,0,1,naturalistic,test_only,nonnative,NA,NA,NA,NA,NA,NA,NA,NA,NA,NA,NA,NA,NA,NA,NA,NA,NA,TRUE
MB,weltentdeckerzurich,NA,ManyBabies Consortium (2020),413.963768115942,12-15 mo,30,0.2652589635012967,0.06725301931431485,swissgerman,0,typical,yes,1,eyetracking,looking_time,tape recording,eye-tracking,NA,16,within_two,laboratory,unfamiliar mother,1,0,1,naturalistic,test_only,nonnative,NA,NA,NA,NA,NA,NA,NA,NA,NA,NA,NA,NA,NA,NA,NA,NA,NA,TRUE
MB,wsigoettingen,NA,ManyBabies Consortium (2020),411.93939393939394,12-15 mo,15,0.4188916040661352,0.13625783626595167,german,0,typical,yes,1,singlescreen,looking_time,tape recording,eye-tracking,NA,16,within_two,laboratory,unfamiliar mother,1,0,1,naturalistic,test_only,nonnative,NA,NA,NA,NA,NA,NA,NA,NA,NA,NA,NA,NA,NA,NA,NA,NA,NA,TRUE
MB,wsigoettingen,NA,ManyBabies Consortium (2020),147.29591836734693,3-6 mo,12,-0.3841716342015899,0.16974141342760665,german,0,typical,yes,2,singlescreen,looking_time,tape recording,eye-tracking,NA,16,within_two,laboratory,unfamiliar mother,1,0,1,naturalistic,test_only,nonnative,NA,NA,NA,NA,NA,NA,NA,NA,NA,NA,NA,NA,NA,NA,NA,NA,NA,TRUE
MB,wsigoettingen,NA,ManyBabies Consortium (2020),222.17716535433073,6-9 mo,31,0.2879483193088247,0.06518479221445787,german,0,typical,yes,3,singlescreen,looking_time,tape recording,eye-tracking,NA,16,within_two,laboratory,unfamiliar mother,1,0,1,naturalistic,test_only,nonnative,NA,NA,NA,NA,NA,NA,NA,NA,NA,NA,NA,NA,NA,NA,NA,NA,NA,TRUE
MB,wsigoettingen,NA,ManyBabies Consortium (2020),311.6466165413534,9-12 mo,30,0.2844136877933894,0.06734075954836863,german,0,typical,yes,4,singlescreen,looking_time,tape recording,eye-tracking,NA,16,within_two,laboratory,unfamiliar mother,1,0,1,naturalistic,test_only,nonnative,NA,NA,NA,NA,NA,NA,NA,NA,NA,NA,NA,NA,NA,NA,NA,NA,NA,TRUE
MB,babylabbrookes,NA,ManyBabies Consortium (2020),360.5,9-12 mo,NA,NA,NA,english,0,typical,yes,4,singlescreen,looking_time,tape recording,eye-tracking,NA,16,within_two,laboratory,unfamiliar mother,1,0,1,naturalistic,test_only,nonnative,NA,NA,NA,NA,NA,NA,NA,NA,NA,NA,NA,NA,NA,NA,NA,NA,NA,TRUE
MB,babylabkingswood,NA,ManyBabies Consortium (2020),274,9-12 mo,NA,NA,NA,english,0,typical,yes,3,hpp,looking_time,tape recording,behavior,NA,16,within_two,laboratory,unfamiliar mother,1,0,1,naturalistic,test_only,nonnative,NA,NA,NA,NA,NA,NA,NA,NA,NA,NA,NA,NA,NA,NA,NA,NA,NA,TRUE
MB,babylablangessex,NA,ManyBabies Consortium (2020),400.5441176470589,12-15 mo,NA,NA,NA,english,0,typical,yes,2,eyetracking,looking_time,tape recording,eye-tracking,NA,16,within_two,laboratory,unfamiliar mother,1,0,1,naturalistic,test_only,nonnative,NA,NA,NA,NA,NA,NA,NA,NA,NA,NA,NA,NA,NA,NA,NA,NA,NA,TRUE
MB,babylablangessex,NA,ManyBabies Consortium (2020),305.0425531914894,9-12 mo,NA,NA,NA,english,0,typical,yes,3,eyetracking,looking_time,tape recording,eye-tracking,NA,16,within_two,laboratory,unfamiliar mother,1,0,1,naturalistic,test_only,nonnative,NA,NA,NA,NA,NA,NA,NA,NA,NA,NA,NA,NA,NA,NA,NA,NA,NA,TRUE
MB,babylablmu,NA,ManyBabies Consortium (2020),263,6-9 mo,NA,NA,NA,german,0,typical,yes,3,eyetracking,looking_time,tape recording,eye-tracking,NA,16,within_two,laboratory,unfamiliar mother,1,0,1,naturalistic,test_only,nonnative,NA,NA,NA,NA,NA,NA,NA,NA,NA,NA,NA,NA,NA,NA,NA,NA,NA,TRUE
MB,babylabplymouth,NA,ManyBabies Consortium (2020),377.71666666666664,12-15 mo,NA,NA,NA,english,0,typical,yes,2,hpp,looking_time,tape recording,behavior,NA,16,within_two,laboratory,unfamiliar mother,1,0,1,naturalistic,test_only,nonnative,NA,NA,NA,NA,NA,NA,NA,NA,NA,NA,NA,NA,NA,NA,NA,NA,NA,TRUE
MB,babylabpotsdam,NA,ManyBabies Consortium (2020),249,6-9 mo,NA,NA,NA,german,0,typical,yes,5,singlescreen,looking_time,tape recording,eye-tracking,NA,16,within_two,laboratory,unfamiliar mother,1,0,1,naturalistic,test_only,nonnative,NA,NA,NA,NA,NA,NA,NA,NA,NA,NA,NA,NA,NA,NA,NA,NA,NA,TRUE
MB,babylabprinceton,NA,ManyBabies Consortium (2020),157.44615384615383,3-6 mo,NA,NA,NA,english,1,non-typical,yes,2,hpp,looking_time,tape recording,behavior,NA,16,within_two,laboratory,unfamiliar mother,1,0,1,naturalistic,test_only,native,NA,NA,NA,NA,NA,NA,NA,NA,NA,NA,NA,NA,NA,NA,NA,NA,NA,TRUE
MB,babylabprinceton,NA,ManyBabies Consortium (2020),183,6-9 mo,NA,NA,NA,english,1,non-typical,yes,3,hpp,looking_time,tape recording,behavior,NA,16,within_two,laboratory,unfamiliar mother,1,0,1,naturalistic,test_only,native,NA,NA,NA,NA,NA,NA,NA,NA,NA,NA,NA,NA,NA,NA,NA,NA,NA,TRUE
MB,babylabshimane,NA,ManyBabies Consortium (2020),274,9-12 mo,NA,NA,NA,japanese,0,typical,yes,3,eyetracking,looking_time,tape recording,eye-tracking,NA,16,within_two,laboratory,unfamiliar mother,1,0,1,naturalistic,test_only,nonnative,NA,NA,NA,NA,NA,NA,NA,NA,NA,NA,NA,NA,NA,NA,NA,NA,NA,TRUE
MB,babylabumassb,NA,ManyBabies Consortium (2020),223.73636363636365,6-9 mo,NA,NA,NA,english,1,typical,yes,1,eyetracking,looking_time,tape recording,eye-tracking,NA,16,within_two,laboratory,unfamiliar mother,1,0,1,naturalistic,test_only,native,NA,NA,NA,NA,NA,NA,NA,NA,NA,NA,NA,NA,NA,NA,NA,NA,NA,TRUE
MB,babylabumassb,NA,ManyBabies Consortium (2020),331.6623376623377,9-12 mo,NA,NA,NA,english,1,typical,yes,2,eyetracking,looking_time,tape recording,eye-tracking,NA,16,within_two,laboratory,unfamiliar mother,1,0,1,naturalistic,test_only,native,NA,NA,NA,NA,NA,NA,NA,NA,NA,NA,NA,NA,NA,NA,NA,NA,NA,TRUE
MB,babylabumassb,NA,ManyBabies Consortium (2020),425.811320754717,12-15 mo,NA,NA,NA,english,1,typical,yes,3,eyetracking,looking_time,tape recording,eye-tracking,NA,16,within_two,laboratory,unfamiliar mother,1,0,1,naturalistic,test_only,native,NA,NA,NA,NA,NA,NA,NA,NA,NA,NA,NA,NA,NA,NA,NA,NA,NA,TRUE
MB,babylabvuw,NA,ManyBabies Consortium (2020),278,9-12 mo,NA,NA,NA,english,0,typical,yes,2,singlescreen,looking_time,tape recording,eye-tracking,NA,16,within_two,laboratory,unfamiliar mother,1,0,1,naturalistic,test_only,nonnative,NA,NA,NA,NA,NA,NA,NA,NA,NA,NA,NA,NA,NA,NA,NA,NA,NA,TRUE
MB,babylabvuw,NA,ManyBabies Consortium (2020),107,3-6 mo,NA,NA,NA,english,0,typical,yes,3,singlescreen,looking_time,tape recording,eye-tracking,NA,16,within_two,laboratory,unfamiliar mother,1,0,1,naturalistic,test_only,nonnative,NA,NA,NA,NA,NA,NA,NA,NA,NA,NA,NA,NA,NA,NA,NA,NA,NA,TRUE
MB,callab,NA,ManyBabies Consortium (2020),407.074074074074,12-15 mo,NA,NA,NA,english,1,typical,yes,2,eyetracking,looking_time,tape recording,eye-tracking,NA,16,within_two,laboratory,unfamiliar mother,1,0,1,naturalistic,test_only,native,NA,NA,NA,NA,NA,NA,NA,NA,NA,NA,NA,NA,NA,NA,NA,NA,NA,TRUE
MB,cdcceu,NA,ManyBabies Consortium (2020),183,6-9 mo,NA,NA,NA,hungarian,0,typical,yes,3,eyetracking,looking_time,tape recording,eye-tracking,NA,16,within_two,laboratory,unfamiliar mother,1,0,1,naturalistic,test_only,nonnative,NA,NA,NA,NA,NA,NA,NA,NA,NA,NA,NA,NA,NA,NA,NA,NA,NA,TRUE
MB,cfnuofn,NA,ManyBabies Consortium (2020),392.73846153846154,12-15 mo,NA,NA,NA,english,0,typical,yes,1,eyetracking,looking_time,tape recording,eye-tracking,NA,16,within_two,laboratory,unfamiliar mother,1,0,1,naturalistic,test_only,nonnative,NA,NA,NA,NA,NA,NA,NA,NA,NA,NA,NA,NA,NA,NA,NA,NA,NA,TRUE
MB,cfnuofn,NA,ManyBabies Consortium (2020),193.377358490566,6-9 mo,NA,NA,NA,english,0,typical,yes,2,eyetracking,looking_time,tape recording,eye-tracking,NA,16,within_two,laboratory,unfamiliar mother,1,0,1,naturalistic,test_only,nonnative,NA,NA,NA,NA,NA,NA,NA,NA,NA,NA,NA,NA,NA,NA,NA,NA,NA,TRUE
MB,cfnuofn,NA,ManyBabies Consortium (2020),178,3-6 mo,NA,NA,NA,english,0,non-typical,yes,3,eyetracking,looking_time,tape recording,eye-tracking,NA,16,within_two,laboratory,unfamiliar mother,1,0,1,naturalistic,test_only,nonnative,NA,NA,NA,NA,NA,NA,NA,NA,NA,NA,NA,NA,NA,NA,NA,NA,NA,TRUE
MB,childlabmanchester,NA,ManyBabies Consortium (2020),309.44262295081967,9-12 mo,NA,NA,NA,english,0,typical,yes,2,eyetracking,looking_time,tape recording,eye-tracking,NA,16,within_two,laboratory,unfamiliar mother,1,0,1,naturalistic,test_only,nonnative,NA,NA,NA,NA,NA,NA,NA,NA,NA,NA,NA,NA,NA,NA,NA,NA,NA,TRUE
MB,childlabmanchester,NA,ManyBabies Consortium (2020),370,12-15 mo,NA,NA,NA,english,0,typical,yes,3,eyetracking,looking_time,tape recording,eye-tracking,NA,16,within_two,laboratory,unfamiliar mother,1,0,1,naturalistic,test_only,nonnative,NA,NA,NA,NA,NA,NA,NA,NA,NA,NA,NA,NA,NA,NA,NA,NA,NA,TRUE
MB,childlabmanchester,NA,ManyBabies Consortium (2020),182,3-6 mo,NA,NA,NA,english,0,typical,yes,4,eyetracking,looking_time,tape recording,eye-tracking,NA,16,within_two,laboratory,unfamiliar mother,1,0,1,naturalistic,test_only,nonnative,NA,NA,NA,NA,NA,NA,NA,NA,NA,NA,NA,NA,NA,NA,NA,NA,NA,TRUE
MB,dcnlabtennessee,NA,ManyBabies Consortium (2020),163.1,3-6 mo,NA,NA,NA,english,1,typical,yes,2,eyetracking,looking_time,tape recording,eye-tracking,NA,16,within_two,laboratory,unfamiliar mother,1,0,1,naturalistic,test_only,native,NA,NA,NA,NA,NA,NA,NA,NA,NA,NA,NA,NA,NA,NA,NA,NA,NA,TRUE
MB,dcnlabtennessee,NA,ManyBabies Consortium (2020),194.5,6-9 mo,NA,NA,NA,english,1,typical,yes,3,eyetracking,looking_time,tape recording,eye-tracking,NA,16,within_two,laboratory,unfamiliar mother,1,0,1,naturalistic,test_only,native,NA,NA,NA,NA,NA,NA,NA,NA,NA,NA,NA,NA,NA,NA,NA,NA,NA,TRUE
MB,earlysocogfm,NA,ManyBabies Consortium (2020),406,12-15 mo,NA,NA,NA,english,1,typical,yes,3,eyetracking,looking_time,tape recording,eye-tracking,NA,16,within_two,laboratory,unfamiliar mother,1,0,1,naturalistic,test_only,native,NA,NA,NA,NA,NA,NA,NA,NA,NA,NA,NA,NA,NA,NA,NA,NA,NA,TRUE
MB,escompicbsleipzig,NA,ManyBabies Consortium (2020),184,6-9 mo,NA,NA,NA,german,0,typical,yes,2,eyetracking,looking_time,tape recording,eye-tracking,NA,16,within_two,laboratory,unfamiliar mother,1,0,1,naturalistic,test_only,nonnative,NA,NA,NA,NA,NA,NA,NA,NA,NA,NA,NA,NA,NA,NA,NA,NA,NA,TRUE
MB,icclbc,NA,ManyBabies Consortium (2020),182,3-6 mo,NA,NA,NA,english,1,typical,yes,2,singlescreen,looking_time,tape recording,eye-tracking,NA,16,within_two,laboratory,unfamiliar mother,1,0,1,naturalistic,test_only,native,NA,NA,NA,NA,NA,NA,NA,NA,NA,NA,NA,NA,NA,NA,NA,NA,NA,TRUE
MB,irlconcordia,NA,ManyBabies Consortium (2020),289.75,9-12 mo,NA,NA,NA,english,1,typical,yes,3,eyetracking,looking_time,tape recording,eye-tracking,NA,16,within_two,laboratory,unfamiliar mother,1,0,1,naturalistic,test_only,native,NA,NA,NA,NA,NA,NA,NA,NA,NA,NA,NA,NA,NA,NA,NA,NA,NA,TRUE
MB,jmucdl,NA,ManyBabies Consortium (2020),405.05172413793105,12-15 mo,NA,NA,NA,english,1,typical,yes,1,eyetracking,looking_time,tape recording,eye-tracking,NA,16,within_two,laboratory,unfamiliar mother,1,0,1,naturalistic,test_only,native,NA,NA,NA,NA,NA,NA,NA,NA,NA,NA,NA,NA,NA,NA,NA,NA,NA,TRUE
MB,jmucdl,NA,ManyBabies Consortium (2020),320.77464788732397,9-12 mo,NA,NA,NA,english,1,typical,yes,2,eyetracking,looking_time,tape recording,eye-tracking,NA,16,within_two,laboratory,unfamiliar mother,1,0,1,naturalistic,test_only,native,NA,NA,NA,NA,NA,NA,NA,NA,NA,NA,NA,NA,NA,NA,NA,NA,NA,TRUE
MB,jmucdl,NA,ManyBabies Consortium (2020),273,6-9 mo,NA,NA,NA,english,1,typical,yes,3,eyetracking,looking_time,tape recording,eye-tracking,NA,16,within_two,laboratory,unfamiliar mother,1,0,1,naturalistic,test_only,native,NA,NA,NA,NA,NA,NA,NA,NA,NA,NA,NA,NA,NA,NA,NA,NA,NA,TRUE
MB,jmucdl,NA,ManyBabies Consortium (2020),110,3-6 mo,NA,NA,NA,english,1,typical,yes,4,eyetracking,looking_time,tape recording,eye-tracking,NA,16,within_two,laboratory,unfamiliar mother,1,0,1,naturalistic,test_only,native,NA,NA,NA,NA,NA,NA,NA,NA,NA,NA,NA,NA,NA,NA,NA,NA,NA,TRUE
MB,kokuhamburg,NA,ManyBabies Consortium (2020),407.7368421052632,12-15 mo,NA,NA,NA,german,0,typical,yes,2,eyetracking,looking_time,tape recording,eye-tracking,NA,16,within_two,laboratory,unfamiliar mother,1,0,1,naturalistic,test_only,nonnative,NA,NA,NA,NA,NA,NA,NA,NA,NA,NA,NA,NA,NA,NA,NA,NA,NA,TRUE
MB,kyotobabylab,NA,ManyBabies Consortium (2020),371.57142857142856,12-15 mo,NA,NA,NA,japanese,0,typical,yes,3,eyetracking,looking_time,tape recording,eye-tracking,NA,16,within_two,laboratory,unfamiliar mother,1,0,1,naturalistic,test_only,nonnative,NA,NA,NA,NA,NA,NA,NA,NA,NA,NA,NA,NA,NA,NA,NA,NA,NA,TRUE
MB,labunam,NA,ManyBabies Consortium (2020),96,3-6 mo,NA,NA,NA,spanish,0,typical,yes,3,eyetracking,looking_time,tape recording,eye-tracking,NA,16,within_two,laboratory,unfamiliar mother,1,0,1,naturalistic,test_only,nonnative,NA,NA,NA,NA,NA,NA,NA,NA,NA,NA,NA,NA,NA,NA,NA,NA,NA,TRUE
MB,labunam,NA,ManyBabies Consortium (2020),327.37142857142857,9-12 mo,NA,NA,NA,spanish,0,typical,yes,4,eyetracking,looking_time,tape recording,eye-tracking,NA,16,within_two,laboratory,unfamiliar mother,1,0,1,naturalistic,test_only,nonnative,NA,NA,NA,NA,NA,NA,NA,NA,NA,NA,NA,NA,NA,NA,NA,NA,NA,TRUE
MB,langlabucla,NA,ManyBabies Consortium (2020),225,6-9 mo,NA,NA,NA,english,1,typical,yes,3,hpp,looking_time,tape recording,behavior,NA,16,within_two,laboratory,unfamiliar mother,1,0,1,naturalistic,test_only,native,NA,NA,NA,NA,NA,NA,NA,NA,NA,NA,NA,NA,NA,NA,NA,NA,NA,TRUE
MB,langlabucla,NA,ManyBabies Consortium (2020),454.7619047619048,12-15 mo,NA,NA,NA,english,1,non-typical,yes,4,hpp,looking_time,tape recording,behavior,NA,16,within_two,laboratory,unfamiliar mother,1,0,1,naturalistic,test_only,native,NA,NA,NA,NA,NA,NA,NA,NA,NA,NA,NA,NA,NA,NA,NA,NA,NA,TRUE
MB,lcdfsu,NA,ManyBabies Consortium (2020),425.8313253012048,12-15 mo,NA,NA,NA,english,1,typical,yes,2,eyetracking,looking_time,tape recording,eye-tracking,NA,16,within_two,laboratory,unfamiliar mother,1,0,1,naturalistic,test_only,native,NA,NA,NA,NA,NA,NA,NA,NA,NA,NA,NA,NA,NA,NA,NA,NA,NA,TRUE
MB,lcduleeds,NA,ManyBabies Consortium (2020),413.531746031746,12-15 mo,NA,NA,NA,english,0,typical,yes,1,eyetracking,looking_time,tape recording,eye-tracking,NA,16,within_two,laboratory,unfamiliar mother,1,0,1,naturalistic,test_only,nonnative,NA,NA,NA,NA,NA,NA,NA,NA,NA,NA,NA,NA,NA,NA,NA,NA,NA,TRUE
MB,lllliv,NA,ManyBabies Consortium (2020),292.6666666666667,9-12 mo,NA,NA,NA,english,0,typical,yes,3,eyetracking,looking_time,tape recording,eye-tracking,NA,16,within_two,laboratory,unfamiliar mother,1,0,1,naturalistic,test_only,nonnative,NA,NA,NA,NA,NA,NA,NA,NA,NA,NA,NA,NA,NA,NA,NA,NA,NA,TRUE
MB,minddevlabbicocca,NA,ManyBabies Consortium (2020),193.41176470588235,6-9 mo,NA,NA,NA,italian,0,typical,yes,2,singlescreen,looking_time,tape recording,eye-tracking,NA,16,within_two,laboratory,unfamiliar mother,1,0,1,naturalistic,test_only,nonnative,NA,NA,NA,NA,NA,NA,NA,NA,NA,NA,NA,NA,NA,NA,NA,NA,NA,TRUE
MB,musdevutm,NA,ManyBabies Consortium (2020),283,9-12 mo,NA,NA,NA,english,1,typical,yes,2,hpp,looking_time,tape recording,behavior,NA,16,within_two,laboratory,unfamiliar mother,1,0,1,naturalistic,test_only,native,NA,NA,NA,NA,NA,NA,NA,NA,NA,NA,NA,NA,NA,NA,NA,NA,NA,TRUE
MB,nusinfantlanguagecentre,NA,ManyBabies Consortium (2020),429.4492753623188,12-15 mo,NA,NA,NA,english,0,typical,yes,1,eyetracking,looking_time,tape recording,eye-tracking,NA,16,within_two,laboratory,unfamiliar mother,1,0,1,naturalistic,test_only,nonnative,NA,NA,NA,NA,NA,NA,NA,NA,NA,NA,NA,NA,NA,NA,NA,NA,NA,TRUE
MB,nusinfantlanguagecentre,NA,ManyBabies Consortium (2020),251.4179104477612,6-9 mo,NA,NA,NA,english,0,typical,yes,2,eyetracking,looking_time,tape recording,eye-tracking,NA,16,within_two,laboratory,unfamiliar mother,1,0,1,naturalistic,test_only,nonnative,NA,NA,NA,NA,NA,NA,NA,NA,NA,NA,NA,NA,NA,NA,NA,NA,NA,TRUE
MB,nusinfantlanguagecentre,NA,ManyBabies Consortium (2020),251.4179104477612,6-9 mo,NA,NA,NA,english,0,typical,yes,3,eyetracking,looking_time,tape recording,eye-tracking,NA,16,within_two,laboratory,unfamiliar mother,1,0,1,naturalistic,test_only,nonnative,NA,NA,NA,NA,NA,NA,NA,NA,NA,NA,NA,NA,NA,NA,NA,NA,NA,TRUE
MB,nusinfantlanguagecentre,NA,ManyBabies Consortium (2020),251.4179104477612,6-9 mo,NA,NA,NA,english,0,typical,yes,4,singlescreen,looking_time,tape recording,eye-tracking,NA,16,within_two,laboratory,unfamiliar mother,1,0,1,naturalistic,test_only,nonnative,NA,NA,NA,NA,NA,NA,NA,NA,NA,NA,NA,NA,NA,NA,NA,NA,NA,TRUE
MB,nusinfantlanguagecentre,NA,ManyBabies Consortium (2020),251.4179104477612,6-9 mo,NA,NA,NA,english,0,typical,yes,5,singlescreen,looking_time,tape recording,eye-tracking,NA,16,within_two,laboratory,unfamiliar mother,1,0,1,naturalistic,test_only,nonnative,NA,NA,NA,NA,NA,NA,NA,NA,NA,NA,NA,NA,NA,NA,NA,NA,NA,TRUE
MB,nusinfantlanguagecentre,NA,ManyBabies Consortium (2020),278,9-12 mo,NA,NA,NA,english,0,typical,yes,6,eyetracking,looking_time,NA,NA,NA,NA,NA,NA,NA,NA,NA,NA,NA,test_only,nonnative,NA,NA,NA,NA,NA,NA,NA,NA,NA,NA,NA,NA,NA,NA,NA,NA,NA,TRUE
MB,purdueinfantspeech,NA,ManyBabies Consortium (2020),273,6-9 mo,NA,NA,NA,english,1,typical,yes,3,hpp,looking_time,tape recording,behavior,NA,16,within_two,laboratory,unfamiliar mother,1,0,1,naturalistic,test_only,native,NA,NA,NA,NA,NA,NA,NA,NA,NA,NA,NA,NA,NA,NA,NA,NA,NA,TRUE
MA,Cooper1990,1,Cooper & Aslin (1990),34,0-3 mo,12,0.6895131800095373,0.10314285105861935,english,1,typical,yes,1,CF,looking_time,Tape recording,eye-tracking,significant,NA,within_two,Laboratory,Unfamiliar mother,1,0,1,Simulated,test_only,native,yes,NA,NA,NA,12,NA,34,NA,33.6,21.4,19.8,15.3,NA,NA,0.583333333,d_within_two,0.583333333,TRUE
MA,Cooper1990,2,Cooper & Aslin (1990),2,0-3 mo,16,0.7899448669548809,0.0820004029008864,english,1,typical,yes,2,CF,looking_time,Tape recording,eye-tracking,significant,NA,within_two,Hospital room,Unfamiliar mother,1,0,1,Simulated,test_only,native,yes,NA,NA,NA,16,NA,2,NA,18.3,13.9,6.6,4.3,NA,NA,0.4375,d_within_two,0.4375,TRUE
MA,Cooper1994,1,Cooper & Aslin (1994),35,0-3 mo,12,-0.03867468079537439,0.08339565545560933,english,1,typical,yes,1,CF,looking_time,Tape recording,eye-tracking,non-significant,NA,within_two,Laboratory,Unfamiliar mother,1,0,1,filtered/synthesized,test_only,native,yes,NA,NA,NA,12,NA,35,NA,30.4,31,17.6,13.1,NA,NA,0.666666667,d_within_two,0.666666667,TRUE
MA,Cooper1994,2,Cooper & Aslin (1994),35,0-3 mo,20,0.27,0.2018225,english,1,typical,no,2,CF,looking_time,Tape recording,eye-tracking,not reported,3,between,Laboratory,Unfamiliar mother,1,0,1,filtered/synthesized,test_only,native,yes,IDS,ADS,0.57,10,10,35,35,38.6,33.4,NA,NA,NA,NA,0.55,reported_d,0.55,TRUE
MA,Cooper1994,3,Cooper & Aslin (1994),35,0-3 mo,10,1.2418498466216583,0.17710955207771184,english,1,typical,yes,3_IDS_first,CF,looking_time,Tape recording,eye-tracking,significant,NA,within_two,Laboratory,Unfamiliar mother,1,0,1,filtered/synthesized,test_only,native,yes,NA,NA,NA,10,NA,35,NA,44.6,25.7,19.9,8.2,NA,NA,0.4,d_within_two,0.4,TRUE
MA,Cooper1994,3,Cooper & Aslin (1994),35,0-3 mo,10,-0.2798913342484817,0.10391695794936975,english,1,typical,yes,3_ADS_first,CF,looking_time,Tape recording,eye-tracking,non-significant,NA,within_two,Laboratory,Unfamiliar mother,1,0,1,filtered/synthesized,test_only,native,yes,NA,NA,NA,10,NA,35,NA,23.1,27.4,12.6,17.7,NA,NA,0.4,d_within_two,0.4,TRUE
MA,Cooper1997,1,Cooper et al. (1997),38.7,0-3 mo,20,-0.36041251604643065,0.05324742954307297,english,1,typical,yes,1,CF,looking_time,Tape recording,eye-tracking,non-significant,10,within_two,Laboratory,Childs mother,1,1,1,Naturalistic,test_only,native,yes,NA,NA,NA,20,NA,38.7,NA,30.6,36.3,13.37,17.93,NA,NA,0.4,d_within_two,0.4,TRUE
MA,Cooper1997,2,Cooper et al. (1997),42.7,0-3 mo,20,0.44618742687558094,0.0549770804975463,english,1,typical,yes,2,CF,looking_time,Tape recording,eye-tracking,significant,10,within_two,Laboratory,Unfamiliar mother,1,0,1,Naturalistic,test_only,native,yes,NA,NA,NA,20,NA,42.7,NA,34.25,24.82,25.04,16.32,NA,NA,0.2,d_within_two,0.2,TRUE
MA,Cooper1997,3,Cooper et al. (1997),126,3-6 mo,23,0.3371738132826634,0.04594969957312114,english,1,typical,yes,3,CF,looking_time,Tape recording,eye-tracking,significant,10,within_two,Laboratory,Childs mother,1,1,1,Naturalistic,test_only,native,yes,NA,NA,NA,23,NA,126,NA,23.72,19.9,12.76,9.69,NA,NA,0.47826087,d_within_two,0.47826087,TRUE
MA,Droucker2013,1,Droucker et al. (2013),183,3-6 mo,22,0.28717017987250104,0.04732878891381829,english,1,typical,yes,1,CF,looking_time,Tape recording,eye-tracking,non-significant,NA,within_two,Laboratory,Unfamiliar female,0,0,1,Simulated,test_only,native,no,NA,NA,1.44,22,NA,183,NA,19.21,17.74,4.45,5.71,0.3,0.576,NA,d_within_two,NA,TRUE
MA,Droucker2013,1,Droucker et al. (2013),244,6-9 mo,22,0.2886244008088586,0.04734781919868802,english,1,typical,yes,1,CF,looking_time,Tape recording,eye-tracking,non-significant,NA,within_two,Laboratory,Unfamiliar female,0,0,1,Simulated,test_only,native,no,NA,NA,2.04,22,NA,244,NA,19.66,17.97,4.88,6.69,0.41,0.819,NA,d_within_two,NA,FALSE
MA,Droucker2013,1,Droucker et al. (2013),365,9-12 mo,22,0.2425958123612905,0.04679210745852805,english,1,typical,yes,1,CF,looking_time,Tape recording,eye-tracking,non-significant,NA,within_two,Laboratory,Unfamiliar female,0,0,1,Simulated,test_only,native,no,NA,NA,1.98,22,NA,365,NA,20.86,19.5,5.34,5.86,0.4,0.837,NA,d_within_two,NA,FALSE
MA,Droucker2013,1,Droucker et al. (2013),548,15-18 mo,22,0.5207614940945862,0.05161801213026422,english,1,typical,yes,1,CF,looking_time,Tape recording,eye-tracking,significant,NA,within_two,Laboratory,Unfamiliar female,0,0,1,Simulated,test_only,native,no,NA,NA,2.49,22,NA,548,NA,19.3,15.74,6.96,6.71,0.48,0.521,NA,d_within_two,NA,FALSE
MA,Droucker2013,1,Droucker et al. (2013),183,3-6 mo,14,-0.00716643363694475,0.07143040563468117,english,1,non-typical,yes,2,CF,looking_time,Tape recording,eye-tracking,non-significant,NA,within_two,Laboratory,Unfamiliar female,0,0,1,Simulated,test_only,native,no,NA,NA,-0.04,14,NA,183,NA,19.26,19.3,6.22,4.86,0.01,0.74,NA,d_within_two,NA,TRUE
MA,Droucker2013,1,Droucker et al. (2013),244,6-9 mo,14,0.10967684332783872,0.07185817892722711,english,1,non-typical,yes,2,CF,looking_time,Tape recording,eye-tracking,non-significant,NA,within_two,Laboratory,Unfamiliar female,0,0,1,Simulated,test_only,native,no,NA,NA,0.48,14,NA,244,NA,23.42,22.82,6.13,4.72,0.13,0.654,NA,d_within_two,NA,FALSE
MA,Droucker2013,1,Droucker et al. (2013),365,9-12 mo,14,0.28928968957970647,0.07441744730346868,english,1,non-typical,yes,2,CF,looking_time,Tape recording,eye-tracking,non-significant,NA,within_two,Laboratory,Unfamiliar female,0,0,1,Simulated,test_only,native,no,NA,NA,1.9,14,NA,365,NA,20.83,18.91,7.34,5.85,0.47,0.86,NA,d_within_two,NA,FALSE
MA,Droucker2013,1,Droucker et al. (2013),548,15-18 mo,14,0.6963241284216916,0.08874526042222244,english,1,non-typical,yes,2,CF,looking_time,Tape recording,eye-tracking,significant,NA,within_two,Laboratory,Unfamiliar female,0,0,1,Simulated,test_only,native,no,NA,NA,2.77,14,NA,548,NA,25.02,20.02,7.09,7.27,0.61,0.558,NA,d_within_two,NA,FALSE
MA,Fernald1985,1,Fernald (1985),123,3-6 mo,48,0.32,0.0219,english,1,typical,yes,1,CHT,target_selection,Tape recording,behavior,significant,15,within_two,Laboratory,Unfamiliar mother,1,0,1,Naturalistic,conditioning,native,yes,NA,NA,2.24,48,NA,123,NA,8.73,7.5,NA,NA,NA,NA,0.4375,reported_d,0.4375,TRUE
MA,Fernald1987,1,Fernald & Kuhl (1987),124,3-6 mo,20,0.771,0.064861025,english,1,typical,yes,1,CHT,target_selection,Tape recording,behavior,significant,15,within_one,Laboratory,Unfamiliar mother,1,0,1,filtered/synthesized,conditioning,artificial,yes,NA,NA,3.45,20,NA,124,NA,9.8,7.5,NA,NA,NA,NA,0.45,reported_d,0.45,TRUE
MA,Fernald1987,2,Fernald & Kuhl (1987),122,3-6 mo,20,0.148,0.0505476,english,1,typical,yes,2,CHT,target_selection,Tape recording,behavior,non-significant,15,within_one,Laboratory,Unfamiliar mother,1,0,1,filtered/synthesized,conditioning,artificial,yes,NA,NA,0.66,20,NA,122,NA,8.15,7.5,NA,NA,NA,NA,0.5,reported_d,0.5,TRUE
MA,Fernald1987,3,Fernald & Kuhl (1987),125,3-6 mo,20,0.246,0.0515129,english,1,typical,yes,3,CHT,target_selection,Tape recording,behavior,non-significant,15,within_one,Laboratory,Unfamiliar mother,1,0,1,filtered/synthesized,conditioning,artificial,yes,NA,NA,1.1,20,NA,125,NA,8.6,7.5,NA,NA,NA,NA,0.5,reported_d,0.5,TRUE
MA,Hayashi2001,2,Hayashi et al. (2001),167.5,3-6 mo,24,0.7744500263621509,0.05416193423609034,japanese,0,typical,yes,1,HPP,looking_time,Tape recording,behavior,significant,16,within_two,Laboratory,unfamiliar mother,1,0,1,Naturalistic,familiarization,native,no,NA,NA,5.6,24,NA,167.5,NA,11.48,8.87,3.4,3.34,NA,NA,0.39,d_within_two,0.39,TRUE
MA,Hayashi2001,2,Hayashi et al. (2001),257.5,6-9 mo,31,0.0906008237768767,0.03239045982692014,japanese,0,typical,yes,2,HPP,looking_time,Tape recording,behavior,non-significant,16,within_two,Laboratory,unfamiliar mother,1,0,1,Naturalistic,familiarization,native,no,NA,NA,0.37,31,NA,257.5,NA,8.96,8.71,2.91,2.6,NA,NA,0.39,d_within_two,0.39,TRUE
MA,Hayashi2001,2,Hayashi et al. (2001),377,9-12 mo,34,1.3821507384652174,0.05750500976235214,japanese,0,typical,yes,3,HPP,looking_time,Tape recording,behavior,significant,16,within_two,Laboratory,unfamiliar mother,1,0,1,Naturalistic,familiarization,native,no,NA,NA,8.33,34,NA,377,NA,10.66,6.95,3.05,2.26,NA,NA,0.39,d_within_two,0.39,TRUE
MA,Inoue2011,3,Inoue et al. (2011),244,6-9 mo,17,0.4756514941813785,0.06547777482108759,japanese,0,typical,yes,1,HPP,looking_time,Tape recording,behavior,significant,12,within_two,Laboratory,Unfamiliar mother,1,0,1,Naturalistic,familiarization,native,no,High MLS,NA,NA,17,NA,244,NA,4.12,3.97,0.2473863375,0.3710795063,0.24,NA,0.41,d_within_two,0.41,TRUE
MA,Inoue2011,3,Inoue et al. (2011),255,6-9 mo,17,0.12499003627067264,0.05928301497549835,japanese,0,typical,yes,2,HPP,looking_time,Tape recording,behavior,non-significant,12,within_two,Laboratory,Unfamiliar mother,1,0,1,Naturalistic,familiarization,native,no,Low MLS,NA,NA,17,NA,255,NA,3.78,3.71,0.4947726751,0.6184658438,0.06,NA,0.235,d_within_two,0.235,TRUE
MA,Kaplan1995a,1,Kaplan et al. (1995a),124,3-6 mo,77,0.76,0.05577767637767638,english,1,typical,yes,1,CF,looking_time,Tape recording,eye-tracking,significant,10,between,Laboratory,Unfamiliar mother; Unfamiliar female,1,0,1,Simulated,test_only,native,yes,IDS,ADS,NA,40,37,124,124,7.218868,5.878491,NA,NA,NA,NA,NA,reported_d,NA,TRUE
MA,Kaplan1995a,2,Kaplan et al. (1995a),126,3-6 mo,26,0.82,0.05139230769230769,english,1,typical,yes,2,CF,looking_time,Tape recording,eye-tracking,non-significant,NA,within_two,Laboratory,Unfamiliar mother; Unfamiliar female,0,0,1,Simulated,test_only,native,yes,NA,NA,NA,26,NA,126,NA,6.330532,5.747899,NA,NA,NA,NA,NA,reported_d,NA,TRUE
MA,Kaplan1995b,1,Kaplan et al. (1995b),124,3-6 mo,30,0.28983830054631726,0.1347334373410596,english,1,typical,no,1,CF,looking_time,Tape recording,eye-tracking,non-significant,NA,between,Laboratory,Unfamiliar mother,1,0,1,Simulated,familiarization,native,yes,NA,NA,NA,15,15,124,124,6.88,6.18,2.67,2.13,NA,NA,0.6,classic_cohen_d_between,0.6,TRUE
MA,Kaplan1995b,2,Kaplan et al. (1995b),121,3-6 mo,40,0.25036135889735395,0.10078351012536164,english,1,typical,no,2,CF,looking_time,Tape recording,eye-tracking,non-significant,NA,between,Laboratory,Unfamiliar female,0,0,1,Simulated,familiarization,native,yes,NA,NA,NA,20,20,121,121,6.17,5.52,2.41,2.77,NA,NA,0.55,classic_cohen_d_between,0.55,TRUE
MA,Newman2006,1,Newman & Hussain (2006),131,3-6 mo,30,0.1718278125610738,0.03382541328615873,english,1,typical,yes,1,HPP,looking_time,Tape recording,behavior,significant,16,within_two,Laboratory,Unfamiliar female,0,0,1,Simulated,familiarization,native,no,4.5 months old,NA,NA,30,NA,131,NA,10.42,9.98,2.5,2.62,NA,NA,0.66,d_within_two,0.66,TRUE
MA,Newman2006,1,Newman & Hussain (2006),131,3-6 mo,30,0.4281899653978693,0.03638911077445714,english,1,typical,yes,1,HPP,looking_time,Tape recording,behavior,significant,16,within_two,Laboratory,Unfamiliar female,0,0,1,Simulated,familiarization,native,no,4.5 months old,NA,NA,30,NA,131,NA,9.92,8.63,3.45,2.5,NA,NA,0.66,d_within_two,0.66,FALSE
MA,Newman2006,1,Newman & Hussain (2006),271,6-9 mo,30,0.05531639445364543,0.03338433172492252,english,1,typical,yes,2,HPP,looking_time,Tape recording,behavior,non-significant,16,within_two,Laboratory,Unfamiliar female,0,0,1,Simulated,familiarization,native,no,9 months old,NA,NA,30,NA,271,NA,6.96,6.83,2.5,2.19,NA,NA,0.66,d_within_two,0.66,TRUE
MA,Newman2006,1,Newman & Hussain (2006),271,6-9 mo,30,-0.16434286045925872,0.03378347626306552,english,1,typical,yes,2,HPP,looking_time,Tape recording,behavior,non-significant,16,within_two,Laboratory,Unfamiliar female,0,0,1,Simulated,familiarization,native,no,9 months old,NA,NA,30,NA,271,NA,6.46,6.84,1.8,2.73,NA,NA,0.66,d_within_two,0.66,FALSE
MA,Newman2006,1,Newman & Hussain (2006),405,12-15 mo,30,-0.03820399272072028,0.03335765908433008,english,1,typical,yes,3,HPP,looking_time,Tape recording,behavior,non-significant,16,within_two,Laboratory,Unfamiliar female,0,0,1,Simulated,familiarization,native,no,13 months old,NA,NA,30,NA,405,NA,6.65,6.75,2.5,2.73,NA,NA,0.66,d_within_two,0.66,TRUE
MA,Newman2006,1,Newman & Hussain (2006),405,12-15 mo,30,-0.2290076335877861,0.0342074082706913,english,1,typical,yes,3,HPP,looking_time,Tape recording,behavior,non-significant,16,within_two,Laboratory,Unfamiliar female,0,0,1,Simulated,familiarization,native,no,13 months old,NA,NA,30,NA,405,NA,5.96,6.56,2.62,2.62,NA,NA,0.66,d_within_two,0.66,FALSE
MA,Pegg1992,2,Pegg et al. (1992),49,0-3 mo,24,0.45811237950044664,0.04603889483857419,english,1,typical,yes,2,CF,looking_time,Tape recording,eye-tracking,significant,NA,within_two,Laboratory,Unfamiliar female,0,0,1,Simulated,habituation,native,yes,femaleVoice,NA,NA,24,NA,49,NA,78.75,56.89,57.63,35.11,NA,NA,NA,d_within_two,NA,TRUE
MA,Pegg1992,2,Pegg et al. (1992),49,0-3 mo,24,1.1533917847890995,0.06938151269206218,english,1,typical,yes,3,CF,looking_time,Tape recording,eye-tracking,significant,NA,within_two,Laboratory,Unfamiliar male,1,0,0,Simulated,habituation,native,yes,maleVoice,NA,NA,24,NA,49,NA,50.375,24.12,31.27,7.65,NA,NA,NA,d_within_two,NA,TRUE
MA,Robertson2013,1,Robertson et al. (2013),581,NA,9,0.9494531338380628,0.161192291853051,english,1,non-typical,yes,1,CF,looking_time,Tape recording,eye-tracking,significant,12,within_two,Laboratory,Unfamiliar female,1,0,1,Simulated,test_only,native,no,HI,NA,2.5,9,NA,581,NA,7.7,5.4,2.98,1.69,NA,NA,0.22,d_within_two,0.22,TRUE
MA,Robertson2013,1,Robertson et al. (2013),237,6-9 mo,9,0.37534287691222445,0.11893790418048585,english,1,typical,yes,2,CF,looking_time,Tape recording,eye-tracking,significant,12,within_two,Laboratory,Unfamiliar female,1,0,1,Simulated,test_only,native,no,younger,NA,2.52,9,NA,237,NA,11.7,9.7,5.85,4.75,NA,NA,NA,d_within_two,NA,TRUE
MA,Robertson2013,1,Robertson et al. (2013),566,NA,9,0.0448259205897816,0.11122274239759562,english,1,typical,yes,3,CF,looking_time,Tape recording,eye-tracking,non-significant,12,within_two,Laboratory,Unfamiliar female,1,0,1,Simulated,test_only,native,no,older,NA,0.168,9,NA,566,NA,11.75,11.49,5.85,5.75,NA,NA,NA,d_within_two,NA,TRUE
MA,Schachner2011,1,Schachner & Hannon (2011),158.2,3-6 mo,20,0.30558907997338647,0.05233461714497452,english,1,typical,no,1,FC,target_selection,Video recording,behavior,non-significant,NA,within_two,Laboratory,Unfamiliar females,0,0,1,Simulated,familiarization,native,yes,NA,NA,1.43,20,NA,158.2,NA,46.65,43.47,7.815,12.47,NA,NA,0.5,d_within_two,0.5,TRUE
MA,Schachner2011,1,Schachner & Hannon (2011),158.2,3-6 mo,20,1.26,0.08969,english,1,typical,no,1,FC,target_selection,Video recording,behavior,significant,NA,within_two,Laboratory,Unfamiliar females,0,0,1,Simulated,familiarization,native,yes,NA,NA,NA,20,NA,158.2,NA,NA,NA,NA,NA,NA,NA,0.5,reported_d,0.5,FALSE
MA,Segal2015,1,Segal & Newman (2015),365.25,9-12 mo,36,0.248387096774194,0.02863466874783212,english,1,typical,yes,1,HPP,looking_time,Tape recording,behavior,not reported,NA,within_two,Laboratory,Unfamiliar female,1,0,1,Simulated,familiarization,native,no,NA,NA,NA,36,NA,365.25,NA,9.22,8.45,3.1,3.1,NA,NA,0.53,d_within_two,0.53,TRUE
MA,Segal2015,1,Segal & Newman (2015),487,15-18 mo,24,0.35028306389557423,0.04422287968441814,english,1,typical,yes,2,HPP,looking_time,Tape recording,behavior,not reported,NA,within_two,Laboratory,Unfamiliar female,1,0,1,Simulated,familiarization,native,no,NA,NA,NA,24,NA,487,NA,10.82,9.38,4.4,3.8,NA,NA,0.42,d_within_two,0.42,TRUE
MA,Segal2015,1,Segal & Newman (2015),365.25,9-12 mo,36,0.07056077897395766,0.02784692810457516,english,1,typical,yes,1,HPP,looking_time,Tape recording,behavior,not reported,NA,within_two,Laboratory,Unfamiliar female,1,0,1,Simulated,familiarization,native,no,NA,NA,NA,36,NA,365.25,NA,8.95,8.72,3,3.5,NA,NA,0.53,d_within_two,0.53,FALSE
MA,Segal2015,1,Segal & Newman (2015),487,15-18 mo,24,0.00974451074268171,0.04166864490603363,english,1,typical,yes,2,HPP,looking_time,Tape recording,behavior,not reported,NA,within_two,Laboratory,Unfamiliar female,1,0,1,Simulated,familiarization,native,no,NA,NA,NA,24,NA,487,NA,10.12,10.08,4.3,3.9,NA,NA,0.42,d_within_two,0.42,FALSE
MA,Singh2002,1,Singh et al. (2002),185,3-6 mo,13,1.3951070693582772,0.1517816821143631,english,1,typical,yes,1,HPP,looking_time,Tape recording,behavior,significant,12,within_two,Laboratory,Unfamiliar mother,1,0,1,Simulated,familiarization,native,no,NA,NA,3.72,13,NA,185,NA,12.6,6.7,5.6,2.1,NA,NA,0.3076923,d_within_two,0.3076923,TRUE
MA,Singh2002,2,Singh et al. (2002),179,3-6 mo,12,-0.04273504273504258,0.08340942849489857,english,1,typical,yes,happy,HPP,looking_time,Tape recording,behavior,non-significant,12,within_two,Laboratory,Unfamiliar mother,1,0,1,Simulated,familiarization,native,yes,NA,NA,-0.09,12,NA,179,NA,5.9,6,2.34,2.34,NA,NA,0.388888889,d_within_two,0.388888889,TRUE
MA,Singh2002,2,Singh et al. (2002),179,3-6 mo,12,-0.13461681592234928,0.08408840363037798,english,1,typical,yes,neutral,HPP,looking_time,Tape recording,behavior,non-significant,12,within_two,Laboratory,Unfamiliar mother,1,0,1,Simulated,familiarization,native,yes,NA,NA,-0.54,12,NA,179,NA,5.9,6.3,3.22,2.7,NA,NA,0.388888889,d_within_two,0.388888889,TRUE
MA,Singh2002,2,Singh et al. (2002),179,3-6 mo,12,-0.17317622045830294,0.08458291680550928,english,1,typical,yes,sad,HPP,looking_time,Tape recording,behavior,non-significant,12,within_two,Laboratory,Unfamiliar mother,1,0,1,Simulated,familiarization,native,yes,NA,NA,-0.99,12,NA,179,NA,7.1,7.4,1.64,1.82,NA,NA,0.388888889,d_within_two,0.388888889,TRUE
MA,Singh2002,2A,Singh et al. (2002),189,3-6 mo,24,0.0495362209691309,0.04171778827474796,english,1,typical,yes,2,HPP,looking_time,Tape recording,behavior,non-significant,12,within_two,Laboratory,Unfamiliar mother,1,0,1,Simulated,familiarization,native,yes,NA,NA,0.38,24,NA,189,NA,8.5,8.3,3.54,4.48,NA,NA,0.541666667,d_within_two,0.541666667,TRUE
MA,Singh2002,3,Singh et al. (2002),187,3-6 mo,28,0.12777406134184416,0.14314868233485337,english,1,typical,no,3,HPP,looking_time,Tape recording,behavior,not reported,12,between,Laboratory,Unfamiliar mother,1,0,1,Simulated,familiarization,native,yes,NA,NA,NA,14,14,187,187,10.2,9.7,5.16,2,NA,NA,0.428571429,classic_cohen_d_between,0.428571429,TRUE
MA,Singh2002,3,Singh et al. (2002),187,3-6 mo,28,0.15355906685409945,0.14327822119666253,english,1,typical,no,3,HPP,looking_time,Tape recording,behavior,not reported,12,between,Laboratory,Unfamiliar mother,1,0,1,Simulated,familiarization,native,yes,NA,NA,NA,14,14,187,187,7.6,7.2,1.91,3.15,NA,NA,0.428571429,classic_cohen_d_between,0.428571429,FALSE
MA,Singh2002,4,Singh et al. (2002),183,3-6 mo,16,1.2684761956593948,0.1127822455923291,english,1,typical,no,happyIDS_vs_neutralADS,HPP,looking_time,Tape recording,behavior,significant,12,within_two,Laboratory,Unfamiliar mother,1,0,1,Simulated,familiarization,native,no,NA,NA,3.11,16,NA,183,NA,12.9,7.8,4.7,3.2,NA,NA,0.4375,d_within_two,0.4375,TRUE
MA,Singh2002,4,Singh et al. (2002),183,3-6 mo,16,-0.5495574790854837,0.07193791946308725,english,1,typical,no,neutralIDS_vs_happyADS,HPP,looking_time,Tape recording,behavior,significant,12,within_two,Laboratory,Unfamiliar mother,1,0,1,Simulated,familiarization,native,no,NA,NA,-2.2,16,NA,183,NA,8,9.5,3.1,2.3,NA,NA,0.4375,d_within_two,0.4375,TRUE
MA,Singh2002,5,Singh et al. (2002),187,3-6 mo,14,1.0338118979247726,0.1095988228675293,english,1,typical,no,neutralIDS_vs_sadADS,HPP,looking_time,Tape recording,behavior,significant,12,within_two,Laboratory,Unfamiliar mother,1,0,1,Simulated,familiarization,native,no,NA,NA,2.31,14,NA,187,NA,11.7,7.5,4.9,3,NA,NA,0.4285714,d_within_two,0.4285714,TRUE
MA,Singh2002,5,Singh et al. (2002),187,3-6 mo,14,-0.2962009528618633,0.07456196444558127,english,1,typical,no,sadIDS_vs_neutralADS,HPP,looking_time,Tape recording,behavior,non-significant,12,within_two,Laboratory,Unfamiliar mother,1,0,1,Simulated,familiarization,native,no,NA,NA,-1.07,14,NA,187,NA,7.8,8.5,2.1,2.6,NA,NA,0.4285714,d_within_two,0.4285714,TRUE
MA,Singh2009,1,Singh et al. (2009),224,6-9 mo,32,0.33000000105500016,0.1267015625108797,english,1,typical,no,1,HPP,looking_time,Tape recording,behavior,not reported,8,between,Laboratory,Unfamiliar mother,1,0,1,Simulated,familiarization,native,yes,NA,NA,NA,16,16,224,224,10.492891,9.55450237,2.8436019,2.8436019,NA,NA,0.375,classic_cohen_d_between,0.375,TRUE
MA,Singh2009,1,Singh et al. (2009),224,6-9 mo,32,0.34484733299473425,0.12685812004802471,english,1,typical,no,1,HPP,looking_time,Tape recording,behavior,not reported,8,between,Laboratory,Unfamiliar mother,1,0,1,Simulated,familiarization,native,yes,NA,NA,NA,16,16,224,224,8.616113744,7.791469194,2.50236967,2.27488152,NA,NA,0.375,classic_cohen_d_between,0.375,FALSE
MA,Singh2009,1,Singh et al. (2009),224,6-9 mo,32,0.01840525433767746,0.12500529302167554,english,1,typical,no,1,HPP,looking_time,Tape recording,behavior,not reported,8,between,Laboratory,Unfamiliar mother,1,0,1,Simulated,familiarization,native,no,NA,NA,NA,16,16,224,224,8.061349693,8.024539877,1.76687117,2.20858896,NA,NA,0.375,classic_cohen_d_between,0.375,FALSE
MA,Trainor1996,2,Trainor et al. (1996),185.92,3-6 mo,10,1.222222222222222,0.17469135802469135,english,1,typical,yes,1,HPP,looking_time,Tape recording,behavior,significant,NA,within_one,Laboratory,Unfamiliar mother,1,0,1,Naturalistic,test_only,native,yes,NA,NA,NA,10,NA,185.92,NA,0.61,0.5,0.09,NA,NA,NA,NA,classic_cohen_d_within_one,NA,TRUE
MA,Trainor1996,2,Trainor et al. (1996),185.92,3-6 mo,10,0.6666666666666665,0.12222222222222222,english,1,typical,yes,2,HPP,looking_time,Tape recording,behavior,significant,NA,within_one,Laboratory,Unfamiliar mother,1,0,1,Naturalistic,test_only,native,yes,NA,NA,NA,10,NA,185.92,NA,0.6,0.5,0.15,NA,NA,NA,NA,classic_cohen_d_within_one,NA,TRUE
MA,Trainor1996,2,Trainor et al. (1996),185.92,3-6 mo,10,0.8333333333333341,0.1347222222222223,english,1,typical,yes,3,HPP,looking_time,Tape recording,behavior,significant,NA,within_one,Laboratory,Unfamiliar mother,1,0,1,Naturalistic,test_only,native,yes,NA,NA,NA,10,NA,185.92,NA,0.55,0.5,0.06,NA,NA,NA,NA,classic_cohen_d_within_one,NA,TRUE
MA,Trainor1996,2,Trainor et al. (1996),185.92,3-6 mo,10,1.714285714285714,0.246938775510204,english,1,typical,yes,4,HPP,looking_time,Tape recording,behavior,significant,NA,within_one,Laboratory,Unfamiliar mother,1,0,1,Naturalistic,test_only,native,yes,NA,NA,NA,10,NA,185.92,NA,0.62,0.5,0.07,NA,NA,NA,NA,classic_cohen_d_within_one,NA,TRUE
MA,Trainor1996,2,Trainor et al. (1996),185.92,3-6 mo,10,0.8999999999999997,0.14049999999999996,english,1,typical,yes,5,HPP,looking_time,Tape recording,behavior,significant,NA,within_one,Laboratory,Unfamiliar mother,1,0,1,Naturalistic,test_only,native,yes,NA,NA,NA,10,NA,185.92,NA,0.59,0.5,0.1,NA,NA,NA,NA,classic_cohen_d_within_one,NA,TRUE
MA,Trainor1996,2,Trainor et al. (1996),185.92,3-6 mo,10,-1.3333333333333337,0.18888888888888897,english,1,typical,yes,6,HPP,looking_time,Tape recording,behavior,significant,NA,within_one,Laboratory,Unfamiliar mother,1,0,1,Naturalistic,test_only,native,yes,NA,NA,NA,10,NA,185.92,NA,0.42,0.5,0.06,NA,NA,NA,NA,classic_cohen_d_within_one,NA,TRUE
MA,Werker1989,1,Werker & McLeod (1989),154,3-6 mo,12,3.15,0.4967708333333333,english,1,typical,yes,1,CF,looking_time,Video recording,eye-tracking,significant,4,within_two,Laboratory,Unfamiliar female and male,0,0,NA,Simulated,test_only,native,yes,NA,NA,NA,12,NA,154,NA,81.92,61.3,NA,NA,NA,NA,NA,reported_d,NA,TRUE
MA,Werker1989,2,Werker & McLeod (1989),134,3-6 mo,16,0.66,0.0761125,english,1,typical,yes,2,CF,looking_time,Video recording,eye-tracking,significant,4,within_two,Laboratory living room like setting,Unfamiliar female and male,0,0,NA,Simulated,test_only,native,yes,NA,NA,NA,16,NA,134,NA,62.67,58.17,NA,NA,NA,NA,NA,reported_d,NA,TRUE
MA,Werker1989,2,Werker & McLeod (1989),134,3-6 mo,16,0.54,0.0716125,english,1,typical,yes,2,CF,facial_expression,Video recording,other,significant,4,within_two,Laboratory living room like setting,Unfamiliar female and male,0,0,NA,Simulated,test_only,native,yes,NA,NA,NA,16,NA,134,NA,4.31,3.99,NA,NA,NA,NA,NA,reported_d,NA,FALSE
MA,Werker1989,2,Werker & McLeod (1989),253,6-9 mo,16,1.27,0.112903125,english,1,typical,yes,3,CF,looking_time,Video recording,eye-tracking,significant,4,within_two,Laboratory living room like setting,Unfamiliar female and male,0,0,NA,Simulated,test_only,native,yes,NA,NA,NA,16,NA,253,NA,46.71,36.77,NA,NA,NA,NA,NA,reported_d,NA,TRUE
MA,Werker1989,2,Werker & McLeod (1989),253,6-9 mo,16,1.17,0.105278125,english,1,typical,yes,3,CF,facial_expression,Video recording,other,significant,4,within_two,Laboratory living room like setting,Unfamiliar female and male,0,0,NA,Simulated,test_only,native,yes,NA,NA,NA,16,NA,253,NA,3.47,3.1,NA,NA,NA,NA,NA,reported_d,NA,FALSE
MA,Werker1989,3,Werker & McLeod (1989),139,3-6 mo,16,1.15,0.103828125,english,1,typical,yes,4,CF,facial_expression,Tape recording,other,significant,4,within_two,Laboratory,Unfamiliar female,0,0,1,Simulated,test_only,native,yes,NA,NA,NA,16,NA,139,NA,4.72,4.18,NA,NA,NA,NA,NA,reported_d,NA,TRUE
MA,Werker1994,1,Werker et al. (1994),131.6,3-6 mo,10,0.565685424949238,0.116,english,1,typical,yes,1,CF,looking_time,Video recording,eye-tracking,significant,4,within_two,Laboratory living room like setting,Unfamiliar mother,1,0,1,Naturalistic,test_only,nonnative,yes,NA,NA,NA,10,NA,131.6,NA,0.74,0.62,0.18,0.24,NA,NA,NA,d_within_two,NA,TRUE
MA,Werker1994,1,Werker et al. (1994),131.6,3-6 mo,10,0.7085218539335332,0.12510016087507056,english,1,typical,yes,1,CF,facial_expression,Video recording,other,significant,4,within_two,Laboratory living room like setting,Unfamiliar mother,1,0,1,Naturalistic,test_only,nonnative,yes,NA,NA,NA,10,NA,131.6,NA,15.9,12.91,4.79,3.56,NA,NA,NA,d_within_two,NA,FALSE
MA,Werker1994,1,Werker et al. (1994),284.8,6-9 mo,10,0.6428086293643936,0.12066014669926652,english,1,typical,yes,2,CF,looking_time,Video recording,eye-tracking,significant,4,within_two,Laboratory living room like setting,Unfamiliar mother,1,0,1,Naturalistic,test_only,nonnative,yes,NA,NA,NA,10,NA,284.8,NA,0.54,0.41,0.23,0.17,NA,NA,NA,d_within_two,NA,TRUE
MA,Werker1994,1,Werker et al. (1994),284.8,6-9 mo,10,0.5050412868502963,0.11275333507117016,english,1,typical,yes,2,CF,facial_expression,Video recording,other,significant,4,within_two,Laboratory living room like setting,Unfamiliar mother,1,0,1,Naturalistic,test_only,nonnative,yes,NA,NA,NA,10,NA,284.8,NA,15.46,13.35,4.33,4.02,NA,NA,NA,d_within_two,NA,FALSE
MA,Werker1994,2,Werker et al. (1994),131.6,3-6 mo,10,0.14724203476646217,0.1010840108401084,cantonese,0,typical,yes,3,CF,looking_time,Video recording,eye-tracking,significant,4,within_two,Laboratory living room like setting,Unfamiliar mother,1,0,1,Naturalistic,test_only,native,yes,NA,NA,NA,10,NA,131.6,NA,0.8,0.78,0.15,0.12,NA,NA,NA,d_within_two,NA,TRUE
MA,Werker1994,2,Werker et al. (1994),131.6,3-6 mo,10,0.6811711330917928,0.12319970562787784,cantonese,0,typical,yes,3,CF,facial_expression,Video recording,other,significant,4,within_two,Laboratory living room like setting,Unfamiliar mother,1,0,1,Naturalistic,test_only,native,yes,NA,NA,NA,10,NA,131.6,NA,15.02,12.86,3.25,3.09,NA,NA,NA,d_within_two,NA,FALSE
MA,Werker1994,2,Werker et al. (1994),284.8,6-9 mo,10,0.358856411095711,0.1064388961892247,cantonese,0,typical,yes,4,CF,looking_time,Video recording,eye-tracking,significant,4,within_two,Laboratory living room like setting,Unfamiliar mother,1,0,1,Naturalistic,test_only,native,yes,NA,NA,NA,10,NA,284.8,NA,0.59,0.52,0.19,0.2,NA,NA,NA,d_within_two,NA,TRUE
MA,Werker1994,2,Werker et al. (1994),284.8,6-9 mo,10,1.1700480804125684,0.1684506255238568,cantonese,0,typical,yes,4,CF,facial_expression,Video recording,other,significant,4,within_two,Laboratory living room like setting,Unfamiliar mother,1,0,1,Naturalistic,test_only,native,yes,NA,NA,NA,10,NA,284.8,NA,13.99,11.89,2.01,1.55,NA,NA,NA,d_within_two,NA,FALSE
MA,Newmanunpub,1,Newman (unpublished),147.79,3-6 mo,24,-0.00614722962124029,0.041667453925667,english,1,typical,yes,1,HPP,looking_time,Tape recording,behavior,non-significant,16,within_two,Laboratory,Unfamiliar female,0,0,1,Simulated,familiarization,native,no,quiet_1,NA,-0.03,24,NA,147.79,NA,10.2,10.22,3.01,3.48,NA,0.55,0.75,d_within_two,0.75,TRUE
MA,Newmanunpub,1,Newman (unpublished),147.79,3-6 mo,24,0.11439095972898544,0.04193927690974413,english,1,typical,yes,1,HPP,looking_time,Tape recording,behavior,non-significant,16,within_two,Laboratory,Unfamiliar female,0,0,1,Simulated,familiarization,native,no,noise_1,NA,0.66,24,NA,147.79,NA,10.28,9.92,3.03,3.26,NA,0.64,0.75,d_within_two,0.75,FALSE
MA,Newmanunpub,2,Newman (unpublished),145.27,3-6 mo,15,-0.0845064188079535,0.06690471116065817,english,1,typical,yes,2,HPP,looking_time,Tape recording,behavior,non-significant,16,within_two,Laboratory,Unfamiliar female,0,0,1,Simulated,familiarization,native,no,quiet_2,NA,-0.35,15,NA,145.27,NA,9.08,9.41,3.92,3.89,NA,0.57,0.27,d_within_two,0.27,TRUE
MA,Newmanunpub,2,Newman (unpublished),145.27,3-6 mo,15,0.18939509015246997,0.06786235000579541,english,1,typical,yes,2,HPP,looking_time,Tape recording,behavior,non-significant,16,within_two,Laboratory,Unfamiliar female,0,0,1,Simulated,familiarization,native,no,noise_2,NA,1.23,15,NA,145.27,NA,10.14,9.44,3.61,3.78,NA,0.83,0.27,d_within_two,0.27,FALSE
MA,Ward1999,1_2,Ward & Cooper (1999),129.95,3-6 mo,40,-0.6824001072978999,0.10582087383050232,english,1,typical,no,1_2,CF,looking_time,Tape recording,eye-tracking,NA,12,between,Laboratory living room like setting,Familiar father,1,1,0,Naturalistic,test_only,native,no,IDS,ADS,NA,20,20,127.7,132.2,15.14,22.3,7.54,12.78,NA,NA,0.45,classic_cohen_d_between,0.45,TRUE
MA,Ward1999,1_2,Ward & Cooper (1999),129.95,3-6 mo,40,-0.6263314304723496,0.10490363825996923,english,1,typical,no,1_2,CF,looking_time,Tape recording,eye-tracking,NA,12,between,Laboratory living room like setting,Unfamiliar father,1,0,0,Naturalistic,test_only,native,no,IDS,ADS,NA,20,20,127.7,132.2,14.26,18.8,5.64,8.56,NA,NA,0.45,classic_cohen_d_between,0.45,FALSE
MA,Ostroff1998,2,Ostroff (1998),316.82,9-12 mo,20,0.5463728845298153,0.05746308322373577,english,1,typical,yes,2,CF,looking_time,Tape Recording,eye-tracking,NA,12,within_two,Laboratoy,Unfamiliar mother,1,0,1,Naturalistic,test_only,other,no,NA,NA,NA,20,NA,316.82,NA,7.95,6.47,3.15,2.18,NA,NA,0.4,d_within_two,0.4,TRUE
MA,Wang 2018,1,Wang et al. (2018),534.83,15-18 mo,9,0.091613569120437,0.11157739144705472,english,1,non-typical,yes,Older_HA,CF,looking_time,Tape recording,eye-tracking,NA,8,within_two,Laboratory,Unfamiliar female,0,0,1,Simulated,test_only,native,no,NA,NA,NA,9,NA,534.83,NA,8.6,8.02,7.4,5.04,NA,NA,0.33,d_within_two,0.33,TRUE
MA,Wang 2018,1,Wang et al. (2018),533.92,15-18 mo,9,0.2608881034291236,0.11489236680615804,english,1,typical,yes,Older_NH,CF,looking_time,Tape recording,eye-tracking,NA,8,within_two,Laboratory,Unfamiliar female,0,0,1,Simulated,test_only,native,no,NA,NA,NA,9,NA,533.92,NA,11.08,9.59,5.83,5.59,NA,NA,0.67,d_within_two,0.67,TRUE
MA,Wang 2018,2,Wang et al. (2018),300.14,9-12 mo,10,0.8357633508908184,0.13492501893461248,english,1,non-typical,yes,Younger_HA,CF,looking_time,Tape recording,eye-tracking,NA,8,within_two,Laboratory,Unfamiliar female,0,0,1,Simulated,test_only,native,no,NA,NA,NA,10,NA,300.14,NA,8.09,5.46,3.53,2.71,NA,NA,0.4,d_within_two,0.4,TRUE
MA,Wang 2018,2,Wang et al. (2018),276.7,6-9 mo,14,0.5740475641844501,0.08319752164093215,english,1,typical,yes,Younger_NH,CF,looking_time,Tape recording,eye-tracking,NA,8,within_two,Laboratory,Unfamiliar female,0,0,1,Simulated,test_only,native,no,NA,NA,NA,14,NA,276.7,NA,7.74,5.35,4.8,3.41,NA,NA,0.71,d_within_two,0.71,TRUE
MA,Wang 2018,1,Wang et al. (2018),534.83,15-18 mo,9,-0.06187526926825501,0.1113238082748344,english,1,non-typical,yes,Older_HA,CF,looking_time,Tape recording,eye-tracking,NA,8,within_two,Laboratory,Unfamiliar female,0,0,1,Simulated,test_only,native,no,NA,NA,NA,9,NA,534.83,NA,9.45,9.92,7.89,7.29,NA,NA,0.33,d_within_two,0.33,FALSE
MA,Wang 2018,1,Wang et al. (2018),533.92,15-18 mo,9,0.34227313855183383,0.1176194945207846,english,1,typical,yes,Older_NH,CF,looking_time,Tape recording,eye-tracking,NA,8,within_two,Laboratory,Unfamiliar female,0,0,1,Simulated,test_only,native,no,NA,NA,NA,9,NA,533.92,NA,11.91,9.27,7.25,8.15,NA,NA,0.67,d_within_two,0.67,FALSE
MA,Wang 2018,2,Wang et al. (2018),300.14,9-12 mo,10,-0.8336317512781758,0.1347470948369559,english,1,non-typical,yes,Younger_HA,CF,looking_time,Tape recording,eye-tracking,NA,8,within_two,Laboratory,Unfamiliar female,0,0,1,Simulated,test_only,native,no,NA,NA,NA,10,NA,300.14,NA,6.44,10.41,2.7,6.17,NA,NA,0.4,d_within_two,0.4,FALSE
MA,Wang 2018,2,Wang et al. (2018),276.7,6-9 mo,14,-0.1586573300230764,0.07232757672750183,english,1,typical,yes,Younger_NH,CF,looking_time,Tape recording,eye-tracking,NA,8,within_two,Laboratory,Unfamiliar female,0,0,1,Simulated,test_only,native,no,NA,NA,NA,14,NA,276.7,NA,10.24,11.34,6.72,7.14,NA,NA,0.71,d_within_two,0.71,FALSE
MA,Kaplan2018,1,Kaplan et al. 2018,274.8,6-9 mo,45,0.3147195555559583,0.02332275998499266,english,1,typical,no,nonelevated,CF,looking_time,Tape recording,eye-tracking,NA,2,within_two,Laboratoy,Unfamiliar female,0,0,1,Simulated,test_only,native,no,NA,NA,NA,45,NA,274.8,NA,43.4,39,12.4,15.4,NA,NA,0.578,d_within_two,0.578,TRUE
MA,Kaplan2018,1,Kaplan et al. 2018,251.1,6-9 mo,21,-0.11851646147732606,0.04795347980097872,english,1,typical,no,elevated,CF,looking_time,Tape recording,eye-tracking,NA,2,within_two,Laboratoy,Unfamiliar female,0,0,1,Simulated,test_only,native,no,NA,NA,NA,21,NA,251.1,NA,42.8,44.9,13.2,21.3,NA,NA,0.571,d_within_two,0.571,TRUE
MA,McCartney1997,1,McCartney (1997),131.4,3-6 mo,24,-0.14255661537191958,0.04209004976221452,english,1,typical,yes,IDS,CF,looking_time,Tape recording,eye-tracking,NA,12,within_two,Laboratory,Unfamiliar mother,1,0,1,simulated,familiarization,native,no,NA,NA,NA,24,NA,131.4,NA,8.52,9,3.64,3.07,NA,NA,0.58,d_within_two,0.58,TRUE
MA,McFayden2020,1,McFayden et al. (2020),441.38,12-15 mo,10,0.633469571772469,0.12006418491807976,english,1,typical,no,social,CF,looking_time,Tape recording,eye-tracking,NA,16,within_two,Laboratory,Unfamiliar mother,1,0,1,Simulated,test_only,native,no,NA,NA,NA,10,NA,441.38,NA,8.79,5.99,4.39,4.45,NA,NA,0.6,d_within_two,0.6,TRUE
MA,McFayden2020,1,McFayden et al. (2020),441.38,12-15 mo,10,0.6219650747158247,0.11934202770831308,english,1,typical,no,nonsocial,CF,looking_time,Tape recording,eye-tracking,NA,16,within_two,Laboratory,Unfamiliar mother,1,0,1,Simulated,test_only,native,no,NA,NA,NA,10,NA,441.38,NA,8.57,5.97,4.23,4.13,NA,NA,0.7,d_within_two,0.7,TRUE
MA,Wang2017,1,Wang et al. (2017),829,NA,12,0.8731945666806943,0.11510286463669522,english,1,non-typical,yes,CI,CF,looking_time,Tape recording,eye-tracking,NA,8,within_two,Laboratory,Unfamiliar female,0,0,1,Simulated,test_only,native,no,NA,NA,NA,12,NA,829,NA,6.83,3.78,4.09,2.77,NA,NA,0.25,d_within_two,0.25,TRUE
MA,Wang2017,1,Wang et al. (2017),356,9-12 mo,22,0.4535748756279658,0.05013023108638465,english,1,typical,yes,NH-HEM,CF,looking_time,Tape recording,eye-tracking,NA,8,within_two,Laboratory,Unfamiliar female,0,0,1,Simulated,test_only,native,no,NA,NA,NA,22,NA,356,NA,7.27,5.28,4.76,3.98,NA,NA,0.55,d_within_two,0.55,TRUE
MA,Wang2017,1,Wang et al. (2017),839,NA,12,-0.0232736352308578,0.08335590258736912,english,1,typical,yes,NH-CAM,CF,looking_time,Tape recording,eye-tracking,NA,8,within_two,Laboratory,Unfamiliar female,0,0,1,Simulated,test_only,native,no,NA,NA,-1.12,12,NA,839,NA,7.15,7.26,3.98,5.37,NA,NA,0.42,d_within_two,0.42,TRUE
MA,Wang2017,1,Wang et al. (2017),829,NA,12,0.6601845928724247,0.10149348736108872,english,1,non-typical,yes,CI,CF,looking_time,Tape recording,eye-tracking,NA,4,within_two,Laboratory,Unfamiliar female,0,0,1,Simulated,test_only,native,no,NA,NA,NA,12,NA,829,NA,8.85,6.05,4.79,3.61,NA,NA,0.25,d_within_two,0.25,FALSE
MA,Wang2017,1,Wang et al. (2017),356,9-12 mo,22,0.4221307197301697,0.04950441692136161,english,1,typical,yes,NH-HEM,CF,looking_time,Tape recording,eye-tracking,NA,4,within_two,Laboratory,Unfamiliar female,0,0,1,Simulated,test_only,native,no,NA,NA,NA,22,NA,356,NA,7.69,6.12,4.67,2.42,NA,NA,0.55,d_within_two,0.55,FALSE
MA,Wang2017,1,Wang et al. (2017),839,NA,12,0.6216313610710047,0.09943439787779124,english,1,typical,yes,NH-CAM,CF,looking_time,Tape recording,eye-tracking,NA,4,within_two,Laboratory,Unfamiliar female,0,0,1,Simulated,test_only,native,no,NA,NA,NA,12,NA,839,NA,11.61,8.46,5.52,4.57,NA,NA,0.42,d_within_two,0.42,FALSE
MA,Corbeil2016,1,Corbeil et al. (2016),258.74,6-9 mo,20,0.10165743679456124,0.200258355861391,english,0,typical,yes,NA,CF,facial_expression,Tape Recording,behavior,NA,1,between,Laboratory,Unfamiliar female,0,0,1,Simulated,test_only,non-native,no,IDS,ADS,NA,10,10,258.74,258.74,4.2,3.91,3.42,2.14,NA,NA,0.533,classic_cohen_d_between,0.533,TRUE
MA,Kim2014,1,Kim & Johnson (2014),157.3748,3-6 mo,42,0.392027890588775,0.02563911746427957,english,1,typical,no,1,CF,looking_time,Video recording,eye-tracking,NA,12,within_two,Laboratory,Unfamiliar mother,1,0,1,Naturalistic,test_only,native,no,NA,NA,NA,42,NA,157.3748,NA,27.9,24.33,9.27,8.94,NA,NA,0.5,d_within_two,0.5,TRUE
MA,Kim2014,1,Kim & Johnson (2014),157.3748,3-6 mo,42,-0.1230906843165916,0.02398989662578008,english,1,typical,no,1,CF,looking_time,Video recording,eye-tracking,NA,12,within_two,Laboratory,Unfamiliar mother,1,0,1,Naturalistic,test_only,native,no,NA,NA,NA,42,NA,157.3748,NA,20.34,21.36,7.95,8.61,NA,NA,0.5,d_within_two,0.5,FALSE
MA,Kim2014,1,Kim & Johnson (2014),94.67,0-3 mo,33,0.43250952872482185,0.03313734079451163,english,1,typical,no,2,CF,looking_time,Video recording,eye-tracking,NA,12,within_two,Laboratory,Unfamiliar mother,1,0,1,Naturalistic,test_only,native,no,NA,NA,NA,33,NA,94.67,NA,27.89,24.35,8.46,7.9,NA,NA,0.48,d_within_two,0.48,TRUE
MA,Kim2014,1,Kim & Johnson (2014),94.67,0-3 mo,33,0.23669282827093052,0.03115187113568018,english,1,typical,no,2,CF,looking_time,Video recording,eye-tracking,NA,12,within_two,Laboratory,Unfamiliar mother,1,0,1,Naturalistic,test_only,native,no,NA,NA,NA,33,NA,94.67,NA,20.33,18.66,7.33,6.77,NA,NA,0.48,d_within_two,0.48,FALSE
