study_ID,long_cite,short_cite,doi,peer_reviewed,original_ma,coder,expt_num,expt_condition,response_mode,exposure_phase,method,dependent_measure,between_participant,same_infant,native_lang,infant_type,group_name_1,group_name_2,mean_age_1,mean_age_2,effect_significance_reported,age_range_1,age_range_2,n_excluded_1,n_excluded_2,gender_1,gender_2,num_trials,mean_vocab,method_secondary,stim_language,contrast,type,speaker_fam,speaker_experience,speaker_female,speaker,presentation,setting,speech_type,test_lang,trial_control,main_question_IDS_preference,My comments,unique_infants,participant_design,n_1,n_2,x_1,x_2,SD_1,SD_2,t,F,d,d_var,r,corr,d_calc,d_var_calc,g_calc,g_var_calc,r_calc,r_var_calc,z_calc,z_var_calc,log_odds_calc,log_odds_var_calc,es_method,ci_lower,ci_upper,inverse_d_var_calc,unique_obs,same_infant_calc
Cooper1990,"Cooper, R. P. & Aslin, N. R. (1990). Preference for Infant-directed Speech in the First Month after Birth. Child Development. 61(5), 1584-1595. DOI:10.1111/j.1467-8624.1990.tb02885.x",Cooper & Aslin (1990),10.1111/j.1467-8624.1990.tb02885.x,yes,yes,Alex Cristia,1,NA,eye-tracking,test_only,CF,looking_time,0,Cooper1990_1,American English,typical,NA,NA,34,NA,significant,NA,NA,NA,NA,0.583333333,NA,NA,NA,Amount of time looking at checkerboard while listening to either IDS or ADS,English,main,Infant directed and adult directed speech,0,0,1,Unfamiliar female,Tape recording,Laboratory,Simulated,native,infant_controlled,yes,NA,TRUE,within_two,12,NA,NA,NA,NA,NA,NA,NA,0.72,0.1774666667,NA,NA,0.72,0.1774666667,0.666,0.15184491669518752,0.33871946827274163,0.03078100175877389,0.3526453302527,0.1111111111111111,1.305935542248637,0.5838419315696594,d_two,-0.10566996564844189,1.5456699656484418,5.634861005703445,Cooper & Aslin (1990)_1,Cooper1990:Cooper1990_1
Cooper1990,"Cooper, R. P. & Aslin, N. R. (1990). Preference for Infant-directed Speech in the First Month after Birth. Child Development. 61(5), 1584-1595. DOI:10.1111/j.1467-8624.1990.tb02885.x",Cooper & Aslin (1990),10.1111/j.1467-8624.1990.tb02885.x,yes,yes,Alex Cristia,2,NA,eye-tracking,test_only,CF,looking_time,0,Cooper1990_2,American English,typical,NA,NA,2,NA,significant,NA,NA,NA,NA,0.4375,NA,NA,NA,Amount of time looking at checkerboard while listening to either IDS or ADS,English,main,Infant directed and adult directed speech,0,0,1,Unfamiliar female,Tape recording,Hospital room,Simulated,native,infant_controlled,yes,NA,TRUE,within_two,16,NA,NA,NA,NA,NA,NA,NA,0.72,0.1331,NA,NA,0.72,0.1331,0.6814285714285714,0.11922126913265305,0.33871946827274163,0.02308575131474425,0.3526453302527,0.07692307692307693,1.305935542248637,0.43788144859499784,d_two,0.004948834673778046,1.435051165326222,7.513148009015778,Cooper & Aslin (1990)_2,Cooper1990:Cooper1990_2
Cooper1994,"Cooper, R. P. & Aslin, N. R. (1990). Developmental Differences in Infant Attention to the Spectral Properties of Infant-directed Speech. Child Development. 65(6), 1663-1677. DOI:10.1111/j.1467-8624.1994.tb00841.x",Cooper & Aslin (1994),10.1111/j.1467-8624.1994.tb00841.x,yes,yes,Alex Cristia,1,NA,eye-tracking,test_only,CF,looking_time,0,Cooper1994_1,American English,typical,NA,NA,35,NA,non-significant,NA,NA,NA,NA,0.666666667,NA,NA,NA,Amount of time looking at checkerboard while listening to either IDS or ADS,English,component,Low-pass filtered infant directed and adult directed speech,0,1,1,Unfamiliar mother,Tape recording,Laboratory,Filtered,native,infant_controlled,yes,NA,TRUE,within_two,12,NA,NA,NA,NA,NA,NA,NA,-0.04,0.1667,NA,NA,-0.04,0.1667,-0.037000000000000005,0.1426326875,-0.01999600119960014,0.04162502998134399,-0.01999866690660953,0.1111111111111111,-0.07255197456936872,0.5484210178871985,d_two,-0.8402319572534644,0.7602319572534644,5.99880023995201,Cooper & Aslin (1994)_1,Cooper1994:Cooper1994_1
Cooper1994,"Cooper, R. P. & Aslin, N. R. (1990). Developmental Differences in Infant Attention to the Spectral Properties of Infant-directed Speech. Child Development. 65(6), 1663-1677. DOI:10.1111/j.1467-8624.1994.tb00841.x",Cooper & Aslin (1994),10.1111/j.1467-8624.1994.tb00841.x,yes,yes,Alex Cristia,2,NA,eye-tracking,test_only,CF,looking_time,0,Cooper1994_2,American English,typical,NA,NA,35,NA,not reported,NA,NA,NA,NA,0.55,NA,NA,NA,Amount of time looking at checkerboard during the first 3 trials while listening to either IDS or ADS,English,component,Low-pass filtered infant directed and adult directed speech,0,1,1,Unfamiliar mother,Tape recording,Laboratory,Filtered,native,infant_controlled,no,NA,TRUE,within_two,20,NA,NA,NA,NA,NA,NA,NA,0.27,0.10091125,NA,NA,0.27,0.10091125,0.25875000000000004,0.09267717230902779,0.13378637625248027,0.02389727201049862,0.13459326448877432,0.058823529411764705,0.48972582834323886,0.33198470570647615,d_two,-0.35261256927544427,0.8926125692754443,9.909697878085943,Cooper & Aslin (1994)_2,Cooper1994:Cooper1994_2
Cooper1994,"Cooper, R. P. & Aslin, N. R. (1990). Developmental Differences in Infant Attention to the Spectral Properties of Infant-directed Speech. Child Development. 65(6), 1663-1677. DOI:10.1111/j.1467-8624.1994.tb00841.x",Cooper & Aslin (1994),10.1111/j.1467-8624.1994.tb00841.x,yes,yes,Alex Cristia,3,IDS_first,eye-tracking,test_only,CF,looking_time,0,Cooper1994_3,American English,typical,NA,NA,35,NA,significant,NA,NA,NA,NA,0.4,NA,NA,NA,Amount of time looking at checkerboard while listening to either IDS or ADS with IDS heard first,English,component,Infant directed sine-wave and adult directed sine-wave,0,0,1,Unfamiliar female,Tape recording,Laboratory,Filtered,native,infant_controlled,yes,"why are there two ES associated with this study -- and they don't even go in the same direction? I suspect the table is wrong, and there's an order effect",TRUE,within_two,20,NA,NA,NA,NA,NA,NA,NA,1.24,0.11922,NA,NA,1.24,0.11922,1.1883333333333335,0.10949197916666668,0.5269396688616752,0.011233222322088714,0.5858989322591679,0.058823529411764705,2.24911121165043,0.3922180788992911,d_two,0.5632587491491644,1.9167412508508357,8.387854386847843,Cooper & Aslin (1994)_3_IDS_first,Cooper1994:Cooper1994_3
Cooper1994,"Cooper, R. P. & Aslin, N. R. (1990). Developmental Differences in Infant Attention to the Spectral Properties of Infant-directed Speech. Child Development. 65(6), 1663-1677. DOI:10.1111/j.1467-8624.1994.tb00841.x",Cooper & Aslin (1994),10.1111/j.1467-8624.1994.tb00841.x,yes,yes,Alex Cristia,3,ADS_first,eye-tracking,test_only,CF,looking_time,0,Cooper1994_3,American English,typical,NA,NA,35,NA,non-significant,NA,NA,NA,NA,0.4,NA,NA,NA,Amount of time looking at checkerboard while listening to either IDS or ADS with IDS heard first,English,component,Infant directed sine-wave and adult directed sine-wave,0,0,1,Unfamiliar female,Tape recording,Laboratory,Filtered,native,infant_controlled,yes,"why are there two ES associated with this study -- and they don't even go in the same direction? I suspect the table is wrong, and there's an order effect",FALSE,within_two,20,NA,NA,NA,NA,NA,NA,NA,-0.28,0.10098,NA,NA,-0.28,0.10098,-0.26833333333333337,0.09274031250000002,-0.13864784453440623,0.023816936273898724,-0.1395466539058653,0.058823529411764705,-0.5078638219855811,0.3322108841406678,d_two,-0.9028246235608325,0.34282462356083243,9.902951079421667,Cooper & Aslin (1994)_3_ADS_first,Cooper1994:Cooper1994_3
Cooper1997,"Cooper, R. P.; Abraham, J.; Berman, S. & Staska, M. (1997). The development of infants’ preference for Motherese. Infant Behavior and Development 20. 476–88.",Cooper et al. (1997),10.1016/S0163-6383(97)90037-0,yes,yes,Alex Cristia,1,NA,eye-tracking,test_only,CF,looking_time,0,Cooper1997_1,American English,typical,NA,NA,39,NA,non-significant,NA,NA,NA,NA,0.4,NA,NA,NA,Amount of time looking at checkerboard while listening to either Infant Directed Speech (IDS) or Adult Directed Speech (ADS),English,main,Infant directed and adult directed speech,1,1,1,Child’s mother,Tape recording,Laboratory,Naturalistic,native,infant_controlled,yes,NA,TRUE,within_two,20,NA,NA,NA,NA,NA,NA,NA,-0.36,0.10162,NA,NA,-0.36,0.10162,-0.345,0.09332809027777779,-0.17715299831526515,0.023087409795775435,-0.17904190433376588,0.058823529411764705,-0.6529677711243185,0.3343163997462335,d_two,-0.9847952027336133,0.26479520273361334,9.840582562487699,Cooper et al. (1997)_1,Cooper1997:Cooper1997_1
Cooper1997,"Cooper, R. P.; Abraham, J.; Berman, S. & Staska, M. (1997). The development of infants’ preference for Motherese. Infant Behavior and Development 20. 476–88.",Cooper et al. (1997),10.1016/S0163-6383(97)90037-0,yes,yes,Alex Cristia,2,NA,eye-tracking,test_only,CF,looking_time,0,Cooper1997_2,American English,typical,NA,NA,43,NA,significant,NA,NA,NA,NA,0.2,NA,NA,NA,Amount of time looking at checkerboard while listening to either IDS or ADS,English,main,Infant directed and adult directed speech,0,1,1,Unfamiliar mother,Tape recording,Laboratory,Naturalistic,native,infant_controlled,yes,NA,TRUE,within_two,20,NA,NA,NA,NA,NA,NA,NA,0.45,0.10253125,NA,NA,0.45,0.10253125,0.43125,0.0941649848090278,0.21951219512195125,0.022103093884503246,0.22314355131420976,0.058823529411764705,0.8162097139053981,0.33731429208306446,d_two,-0.17759029207700022,1.0775902920770002,9.753124047546478,Cooper et al. (1997)_2,Cooper1997:Cooper1997_2
Cooper1997,"Cooper, R. P.; Abraham, J.; Berman, S. & Staska, M. (1997). The development of infants’ preference for Motherese. Infant Behavior and Development 20. 476–88.",Cooper et al. (1997),10.1016/S0163-6383(97)90037-0,yes,yes,Alex Cristia,3,NA,eye-tracking,test_only,CF,looking_time,0,Cooper1997_3,American English,typical,NA,NA,126,NA,significant,NA,NA,NA,NA,0.47826087,NA,NA,NA,Amount of time looking at colored concentric circles while listening to either IDS or ADS,English,main,Infant directed and adult directed speech,1,1,1,Child’s mother,Tape recording,Laboratory,Naturalistic,native,infant_controlled,yes,NA,TRUE,within_two,23,NA,NA,NA,NA,NA,NA,NA,0.34,0.08821304348,NA,NA,0.34,0.08821304348,0.3278571428571429,0.08202462843994898,0.16759549393386897,0.020246656423299585,0.16919163593519537,0.05,0.6166917838396342,0.29020928072123164,d_two,-0.24212264513289666,0.9221226451328968,11.336192025011854,Cooper et al. (1997)_3,Cooper1997:Cooper1997_3
Fernald1985,"Fernald A. (1985). Four-month-old infants prefer to listen to motherese*. Infant Behavior and Development. 8(2), 181-195.",Fernald (1985),doi.org/10.1016/S0163-6383(85)80005-9,yes,yes,Alex Cristia,1,NA,behavior,conditioning,CHT,target_selection,0,Fernald1985,American English,typical,NA,NA,123,NA,significant,10,NA,NA,NA,0.4375,NA,NA,NA,Number of trials in which head turn was in the direction required to produce  either IDS or ADS,English,component,Infant directed and adult directed speech,0,1,1,Unfamiliar mother,Tape recording,Laboratory,Naturalistic,native,infant_controlled,yes,"I find the age ranges suspect, (why do they go up 1 day exactly with each experiment)",TRUE,within_two,48,NA,NA,NA,NA,NA,NA,NA,0.65,0.0438671875,NA,NA,0.65,0.0438671875,0.6394021739130435,0.04244839702526879,0.30908607233755814,0.00811439694296244,0.3195346320005721,0.022222222222222223,1.1789695867522416,0.14431726227113736,d_two,0.23949543929340078,1.0605045607065993,22.79608192341941,Fernald (1985)_1,Fernald1985:Fernald1985
Fernald1987,"Fernald A. & Kuhl, P. (1987). Acoustic determinants of infant preference for motherese speech. Infant Behavior and Development. 10(2), 279-293.",Fernald & Kuhl (1987),10.1016/0163-6383(87)90017-8,yes,yes,Alex Cristia,1,NA,behavior,conditioning,CHT,target_selection,0,Fernald1987_1,American English,typical,NA,NA,124,NA,significant,10,NA,NA,NA,0.45,NA,NA,NA,Number of trials  in which head turn was in the direction required to produce  either IDS or ADS,English,component,Computer synthesized infant directed and adult directed fundamental frequency contours,0,1,1,Unfamiliar mother,Tape recording,Laboratory,Synthesized,artificial,infant_controlled,yes,NA,TRUE,within_two,20,NA,NA,NA,NA,NA,NA,NA,1.54,0.129645,NA,NA,1.54,0.129645,1.4758333333333333,0.11906632812500002,0.6100935997982476,0.008019185208742759,0.709070440986388,0.058823529411764705,2.7932510209206955,0.4265149541930766,d_two,0.8342904784481864,2.245709521551814,7.713371128851864,Fernald & Kuhl (1987)_1,Fernald1987:Fernald1987_1
Fernald1987,"Fernald A. & Kuhl, P. (1987). Acoustic determinants of infant preference for motherese speech. Infant Behavior and Development. 10(2), 279-293.",Fernald & Kuhl (1987),10.1016/0163-6383(87)90017-8,yes,yes,Alex Cristia,2,NA,behavior,conditioning,CHT,target_selection,0,Fernald1987_2,American English,typical,NA,NA,122,NA,non-significant,10,NA,NA,NA,0.5,NA,NA,NA,Number of trials  in which head turn was in the direction required to produce either IDS or ADS,English,component,Computer synthesized infant directed and adult directed amplitude values,0,1,1,Unfamiliar mother,Tape recording,Laboratory,Synthesized,artificial,infant_controlled,yes,NA,TRUE,within_two,20,NA,NA,NA,NA,NA,NA,NA,0,0.1,NA,NA,0,0.1,0,0.0918402777777778,0,0.025,0,0.058823529411764705,0,0.32898681336964525,d_two,-0.6197950323045616,0.6197950323045616,10,Fernald & Kuhl (1987)_2,Fernald1987:Fernald1987_2
Fernald1987,"Fernald A. & Kuhl, P. (1987). Acoustic determinants of infant preference for motherese speech. Infant Behavior and Development. 10(2), 279-293.",Fernald & Kuhl (1987),10.1016/0163-6383(87)90017-8,yes,yes,Alex Cristia,3,NA,behavior,conditioning,CHT,target_selection,0,Fernald1987_3,American English,typical,NA,NA,125,NA,non-significant,6,NA,NA,NA,0.5,NA,NA,NA,Number of trials  in which head turn was in the direction required to produce either IDS or ADS,English,component,Computer synthesized infant directed and adult directed duration characteristics,0,1,1,Unfamiliar mother,Tape recording,Laboratory,Synthesized,artificial,infant_controlled,yes,NA,TRUE,within_two,20,NA,NA,NA,NA,NA,NA,NA,0.8,0.108,NA,NA,0.8,0.108,0.7666666666666667,0.09918750000000001,0.37139067635410367,0.01729775718561646,0.39003531977071526,0.058823529411764705,1.4510394913873743,0.3553057584392169,d_two,0.1558901082618236,1.4441098917381765,9.25925925925926,Fernald & Kuhl (1987)_3,Fernald1987:Fernald1987_3
Glenn1983,"Glenn, S. M. & Cunningham C. C. (1983). What do babies listen to most? A developmental study of auditory preferences in nonhandicapped infants and infants with Down's syndrome. Developmental Psychology, Vol 19(3), 332-337. http://dx.doi.org/10.1037/0012-1649.19.3.332",Glenn & Cunningham (1983),10.1037/0012-1649.19.3.332,yes,yes,Alex Cristia,1,sample2,behavior,conditioning,FC,target_selection,0,Glenn1983_1_sample2,British English,down_syndrome,NA,NA,372,NA,significant,NA,NA,NA,NA,0.5,NA,NA,NA,Amount of time child choose to listen to either IDS or ADS by activating a manipulanda,English,main,Infant directed and adult directed speech,0,1,1,Child’s mother,Tape recording,Home,Naturalistic,native,infant_controlled,yes,372 days is the mental age - probably replace with chronological??,TRUE,within_two,10,NA,NA,NA,NA,NA,NA,NA,2.56,0.36384,NA,NA,2.56,0.36384,2.32,0.2988178125,0.7880243737245634,0.004952546213885566,1.0661976449070125,0.14285714285714285,4.643326372439598,1.1969856217641173,d_two,1.3777663609415651,3.742233639058435,2.7484608619173265,Glenn & Cunningham (1983)_1_sample2,Glenn1983:Glenn1983_1_sample2
Glenn1983,"Glenn, S. M. & Cunningham C. C. (1983). What do babies listen to most? A developmental study of auditory preferences in nonhandicapped infants and infants with Down's syndrome. Developmental Psychology, Vol 19(3), 332-337. http://dx.doi.org/10.1037/0012-1649.19.3.332",Glenn & Cunningham (1983),10.1037/0012-1649.19.3.332,yes,yes,Alex Cristia,1,sample1,behavior,conditioning,FC,target_selection,0,Glenn1983_1_sample1,British English,typical,NA,NA,279,NA,significant,NA,NA,NA,NA,0.5,NA,NA,NA,Amount of time child choose to listen to either IDS or ADS by activating a manipulanda,English,main,Infant directed and adult directed speech,0,1,1,Child’s mother,Tape recording,Home,Naturalistic,native,infant_controlled,yes,what happened with phase 1/study 1??,TRUE,within_two,10,NA,NA,NA,NA,NA,NA,NA,2.39,0.3428025,NA,NA,2.39,0.3428025,2.1659375,0.28153994384765624,0.7669045743823308,0.005987210491426686,1.0127682724105018,0.14285714285714285,4.334980480519781,1.1277750209014783,d_two,1.2424540587057102,3.5375459412942902,2.917131584512948,Glenn & Cunningham (1983)_1_sample1,Glenn1983:Glenn1983_1_sample1
Kaplan1995a,"Kaplan, P. S., Goldstein, M. H., Huckeby, E. R., & Cooper, R. P. (1995). Habituation, sensitization, and infants' responses to motherese speech. Developmental Psychobiology, 28, 45-57.",Kaplan et al. (1995a),10.1002/dev.420280105,yes,yes,Alex Cristia,1,a,eye-tracking,test_only,CF,looking_time,1,Kaplan1995a_1_a,American English,typical,NA,NA,124,NA,significant,28,NA,NA,NA,NA,NA,NA,NA,Amount of time looking at checkerboard while listening to either IDS or ADS,English,main,Spontaneous and previously recorded infant directed speech and adult directed speech,0,1,1,Unfamiliar mother,Tape recording,Laboratory,Simulated,native,infant_controlled,yes,NA,TRUE,between,38,39,NA,NA,NA,NA,NA,NA,0.76,0.05643157895,NA,NA,0.76,0.05643157895,0.7522972972972973,0.055293492299106906,0.3551915829756439,0.009412026381749948,0.371372434082053,0.02857142857142857,1.3784875168180055,0.18565245332178051,between,0.2944040520760792,1.225595947923921,17.7205745188528,Kaplan et al. (1995a)_1_a,Kaplan1995a:Kaplan1995a_1_a
Kaplan1995a,"Kaplan, P. S., Goldstein, M. H., Huckeby, E. R., & Cooper, R. P. (1995). Habituation, sensitization, and infants' responses to motherese speech. Developmental Psychobiology, 28, 45-57.",Kaplan et al. (1995a),10.1002/dev.420280105,yes,yes,Alex Cristia,2,a,eye-tracking,test_only,CF,looking_time,0,Kaplan1995a_2_a,American English,typical,NA,NA,126,NA,non-significant,27,NA,NA,NA,NA,NA,NA,NA,Amount of time looking at checkerboard while listening to alternating IDS and ADS with either IDS heard first or ADS  heard first,English,main,Infant directed and adult directed speech,0,0,1,Unfamiliar female,Tape recording,Laboratory,Simulated,native,infant_controlled,yes,NA,TRUE,within_two,26,NA,NA,NA,NA,NA,NA,NA,0.82,0.08338846154,NA,NA,0.82,0.08338846154,0.7943749999999999,0.07825811673822265,0.3793532811354438,0.013079944413604314,0.39930400105592406,0.043478260869565216,1.4873154786720584,0.2743370423384182,d_two,0.2540200170262682,1.3859799829737316,11.992066786366088,Kaplan et al. (1995a)_2_a,Kaplan1995a:Kaplan1995a_2_a
Kaplan1995b,"Kaplan, P. S., Goldstein, M. H., Huckeby, E. R., Owren, M. J., & Cooper, R. P. (1995). Dishabituation of visual attention by infant- versus adult-directed speech: Effects of frequency modulation and spectral composition. Infant Behavior and Development, 18, 209-223.",Kaplan et al. (1995b),10.1016/0163-6383(95)90050-0,yes,yes,Alex Cristia,1,after_9th_trial,eye-tracking,familiarization,CF,looking_time,1,Kaplan1995b_1_after_9th_trial,American English,typical,NA,NA,124,NA,non-significant,15,NA,NA,NA,0.6,NA,NA,NA,Amount of time looking at check pattern before hearing either IDS or ADS,English,main,Spontaneous infant directed speech and adult directed speech,0,1,1,Unfamiliar mother,Tape recording,Laboratory,Simulated,native,fixed_length,no,NB change in condition name across appendices; repeated measures is before & after,TRUE,between,15,15,NA,NA,NA,NA,NA,NA,0.44,0.13656,NA,NA,0.44,0.13656,0.42777777777777776,0.12907870370370367,0.21486178267511977,0.029626645433292253,0.21826290743988225,0.08333333333333333,0.7980717202630558,0.4492643923375876,between,-0.2842855904641411,1.1642855904641412,7.322788517867605,Kaplan et al. (1995b)_1_after_9th_trial,Kaplan1995b:Kaplan1995b_1_after_9th_trial
Kaplan1995b,"Kaplan, P. S., Goldstein, M. H., Huckeby, E. R., Owren, M. J., & Cooper, R. P. (1995). Dishabituation of visual attention by infant- versus adult-directed speech: Effects of frequency modulation and spectral composition. Infant Behavior and Development, 18, 209-223.",Kaplan et al. (1995b),10.1016/0163-6383(95)90050-0,yes,yes,Alex Cristia,1,after_10th_trial,eye-tracking,familiarization,CF,looking_time,1,Kaplan1995b_1_after_10th_trial,American English,typical,NA,NA,124,NA,significant,15,NA,NA,NA,0.6,NA,NA,NA,Amount of time looking at check pattern after hearing either IDS or ADS speech,English,main,Spontaneous infant directed speech and adult directed speech,0,1,1,Unfamiliar mother,Tape recording,Laboratory,Simulated,native,fixed_length,no,NB change in condition name across appendices; repeated measures is before & after,TRUE,between,15,15,NA,NA,NA,NA,NA,NA,0.88,0.14624,NA,NA,0.88,0.14624,0.8555555555555555,0.1382283950617284,0.40273861426601687,0.02149956914539763,0.4269134541261166,0.08333333333333333,1.5961434405261117,0.4811103158717693,between,0.13048353057567252,1.6295164694243276,6.838074398249453,Kaplan et al. (1995b)_1_after_10th_trial,Kaplan1995b:Kaplan1995b_1_after_10th_trial
Kaplan1995b,"Kaplan, P. S., Goldstein, M. H., Huckeby, E. R., Owren, M. J., & Cooper, R. P. (1995). Dishabituation of visual attention by infant- versus adult-directed speech: Effects of frequency modulation and spectral composition. Infant Behavior and Development, 18, 209-223.",Kaplan et al. (1995b),10.1016/0163-6383(95)90050-0,yes,yes,Alex Cristia,2,after_9th_trial,eye-tracking,familiarization,CF,looking_time,1,Kaplan1995b_2_after_9th_trial,American English,typical,NA,NA,121,NA,non-significant,17,NA,NA,NA,0.55,NA,NA,NA,Amount of time looking at check pattern before hearing either IDS or ADS,English,main,Infant directed and adult directed speech,0,0,1,Unfamiliar female,Tape recording,Laboratory,Simulated,native,fixed_length,no,NB change in condition name across appendices; repeated measures is before & after,TRUE,between,20,20,NA,NA,NA,NA,NA,NA,0.14,0.100245,NA,NA,0.14,0.100245,0.13716216216216218,0.09622220256574142,0.06982912769991387,0.024696430679597696,0.0699429590194018,0.058823529411764705,0.25393191099279055,0.3297928310624009,between,-0.4805538167479775,0.7605538167479775,9.975559878298169,Kaplan et al. (1995b)_2_after_9th_trial,Kaplan1995b:Kaplan1995b_2_after_9th_trial
Kaplan1995b,"Kaplan, P. S., Goldstein, M. H., Huckeby, E. R., Owren, M. J., & Cooper, R. P. (1995). Dishabituation of visual attention by infant- versus adult-directed speech: Effects of frequency modulation and spectral composition. Infant Behavior and Development, 18, 209-223.",Kaplan et al. (1995b),10.1016/0163-6383(95)90050-0,yes,yes,Alex Cristia,2,after_10th_trial,eye-tracking,familiarization,CF,looking_time,1,Kaplan1995b_2_after_10th_trial,American English,typical,NA,NA,121,NA,non-significant,17,NA,NA,NA,0.55,NA,NA,NA,Amount of time looking at check after hearing either IDS or ADS,English,main,Infant directed and adult directed speech,0,0,1,Unfamiliar female,Tape recording,Laboratory,Simulated,native,fixed_length,no,NB change in condition name across appendices; repeated measures is before & after,TRUE,between,20,20,NA,NA,NA,NA,NA,NA,0.36,0.10162,NA,NA,0.36,0.10162,0.3527027027027027,0.09754202428780132,0.17715299831526515,0.023087409795775435,0.17904190433376585,0.058823529411764705,0.6529677711243185,0.3343163997462335,between,-0.26479520273361334,0.9847952027336133,9.840582562487699,Kaplan et al. (1995b)_2_after_10th_trial,Kaplan1995b:Kaplan1995b_2_after_10th_trial
Pegg1989,"Pegg, J.E.; Werker, J.F. & McLeod, P.J. (1989). infants discriminate between infutlrdirected and adult-directed tulk in both males and females. Paper presented at the meeting for the Society for Research in Child Development, Kansas City, MO.",Pegg et al. (1989),https://files.eric.ed.gov/fulltext/ED306007.pdf,yes,yes,Alex Cristia,1,femaleVoice,eye-tracking,test_only,CF,looking_time,0,Pegg1989,Canadian English,typical,NA,NA,49,NA,non-significant,NA,NA,NA,NA,NA,NA,NA,NA,Amount of time looking at checkerboard while listening to female IDS or ADS speech during the criterion setting trials,English,main,Infant directed and adult directed speech,0,0,1,Unfamiliar female,Tape recording,Laboratory,Simulated,native,infant_controlled,yes,NA,TRUE,within_two,48,NA,NA,NA,NA,NA,NA,NA,0.56,0.0433,NA,NA,0.56,0.0433,0.5508695652173914,0.04189955399338375,0.2696299255199709,0.008631539602158355,0.2764646913656615,0.022222222222222223,1.0157276439711622,0.1424512901890564,d_two,0.15215791421672098,0.9678420857832791,23.094688221709006,Pegg et al. (1989)_1_femaleVoice,Pegg1989:Pegg1989
Pegg1989,"Pegg, J.E.; Werker, J.F. & McLeod, P.J. (1989). infants discriminate between infutlrdirected and adult-directed tulk in both males and females. Paper presented at the meeting for the Society for Research in Child Development, Kansas City, MO.",Pegg et al. (1989),https://files.eric.ed.gov/fulltext/ED306007.pdf,yes,yes,Alex Cristia,1,maleVoice,eye-tracking,test_only,CF,looking_time,0,Pegg1989,Canadian English,typical,NA,NA,49,NA,significant,NA,NA,NA,NA,NA,NA,NA,NA,Amount of time looking at checkerboard while listening to male IDS or ADS speech during the criterion setting trials,English,main,Infant directed and adult directed speech,0,0,0,Unfamiliar male,Tape recording,Laboratory,Simulated,native,infant_controlled,yes,the speaker column must have been wrong in the table so I corrected it,FALSE,within_two,48,NA,NA,NA,NA,NA,NA,NA,1.15,0.0485546875,NA,NA,1.15,0.0485546875,1.1312499999999999,0.04698428985076501,0.49847112425808277,0.005152335509712427,0.5472697161573442,0.022222222222222223,2.08586926886935,0.15973851914783946,d_two,0.7181194232395698,1.58188057676043,20.595333869670153,Pegg et al. (1989)_1_maleVoice,Pegg1989:Pegg1989
Pegg1992,"Pegg, J.E. & Werker J. (1992). Preference for infant-directed over adult-directed speech: Evidence from 7-week-old infants. Infant Behavior and Development. 15(3), 325-345.",Pegg et al. (1992),10.1016/0163-6383(92)80003-D,yes,yes,Alex Cristia,2,femaleVoice,eye-tracking,test_only,CF,looking_time,0,Pegg1992_2_femaleVoice,Canadian English,typical,NA,NA,49,NA,significant,NA,NA,NA,NA,NA,NA,NA,NA,Differences in looking time of female IDS or ADS during 2  longest of first three trails (criterion mean) of habituation phase,English,main,Infant directed and adult directed speech,0,0,1,Unfamiliar female,Tape recording,Laboratory,Simulated,native,infant_controlled,yes,NA,TRUE,within_two,48,NA,NA,NA,NA,NA,NA,NA,0.46,0.04276875,NA,NA,0.46,0.04276875,0.4525,0.04138548613982751,0.22414769292142694,0.00916020491397445,0.2280189719025822,0.022222222222222223,0.8343477075477402,0.14070354774303015,d_two,0.05466755380606181,0.8653324461939382,23.381557796288178,Pegg et al. (1992)_2_femaleVoice,Pegg1992:Pegg1992_2_femaleVoice
Pegg1992,"Pegg, J.E. & Werker J. (1992). Preference for infant-directed over adult-directed speech: Evidence from 7-week-old infants. Infant Behavior and Development. 15(3), 325-345.",Pegg et al. (1992),10.1016/0163-6383(92)80003-D,yes,yes,Alex Cristia,2,maleVoice,eye-tracking,test_only,CF,looking_time,0,Pegg1992_2_maleVoice,Canadian English,typical,NA,NA,49,NA,significant,NA,NA,NA,NA,NA,NA,NA,NA,Differences in looking time of male IDS or ADS during 2 longest of first three trails (criterion mean) of habituation phase,English,main,Infant directed and adult directed speech,0,0,0,Unfamiliar male,Tape recording,Laboratory,Simulated,native,infant_controlled,yes,the speaker column must have been wrong in the table so I corrected it,TRUE,within_two,48,NA,NA,NA,NA,NA,NA,NA,1.15,0.0485546875,NA,NA,1.15,0.0485546875,1.1312499999999999,0.04698428985076501,0.49847112425808277,0.005152335509712427,0.5472697161573442,0.022222222222222223,2.08586926886935,0.15973851914783946,d_two,0.7181194232395698,1.58188057676043,20.595333869670153,Pegg et al. (1992)_2_maleVoice,Pegg1992:Pegg1992_2_maleVoice
Schachner2011,"Schachner, A.; Hannon, E. E. (2011). Infant-directed speech drives social preferences in 5-month-old infants. Developmental Psychology, Vol 47(1), 19-25.",Schachner & Hannon (2011),10.1037/a0020740,yes,yes,Alex Cristia,1,looking_fam,eye-tracking,test_only,CF,looking_time,0,Schachner2011,American English,typical,NA,NA,156,NA,non-significant,55,NA,NA,NA,0.5,NA,NA,NA,Looking time during familiarization phase of  a woman speaking either IDS or ADS,English,main,Infant directed and adult directed,0,0,1,Unfamiliar females,Video recording,Laboratory,Simulated,native,fixed_length,no,NA,TRUE,within_two,20,NA,NA,NA,NA,NA,NA,NA,0.31,0.10120125,NA,NA,0.31,0.10120125,0.29708333333333337,0.09294350911458335,0.15317095441319076,0.02356102647282682,0.15438596970922094,0.058823529411764705,0.5622778029126075,0.33293876746524814,d_two,-0.3135065632996748,0.9335065632996749,9.881300873259963,Schachner & Hannon (2011)_1_looking_fam,Schachner2011:Schachner2011
Schachner2011,"Schachner, A.; Hannon, E. E. (2011). Infant-directed speech drives social preferences in 5-month-old infants. Developmental Psychology, Vol 47(1), 19-25.",Schachner & Hannon (2011),10.1037/a0020740,yes,yes,Alex Cristia,1,face_pref_test,behavior,familiarization,FC,target_selection,0,Schachner2011,American English,typical,NA,NA,156,NA,significant,55,NA,NA,NA,0.5,NA,NA,NA,Preference for familiar face during test phase for IDS or ADS,English,main,Infant directed and adult directed,0,0,1,Unfamiliar females,Video recording,Laboratory,Simulated,native,fixed_length,no,NA,FALSE,within_two,20,NA,NA,NA,NA,NA,NA,NA,1.26,0.119845,NA,NA,1.26,0.119845,1.2075,0.11006598090277779,0.5330376563645239,0.010991677470223851,0.5943789113022424,0.058823529411764705,2.285387198935114,0.3942742464828513,d_two,0.5814871907133312,1.9385128092866688,8.344111143560433,Schachner & Hannon (2011)_1_face_pref_test,Schachner2011:Schachner2011
Singh2002,"Singh, L.; Morgan, J.L. & Best, C.T. (2002). Infants' Listening Preferences: Baby Talk or Happy Talk? Infancy. 3(3), 365-394.",Singh et al. (2002),10.1207/S15327078IN0303_5,yes,yes,Alex Cristia,2,happy,behavior,familiarization,HPP,looking_time,0,Singh2002_2,American English,typical,NA,NA,179,NA,non-significant,46,NA,NA,NA,0.388888889,NA,NA,NA,Amount of time looking at flashing light while listening to either happy IDS or happy ADS,English,affect_controlled,"Happy, neutral, or sad (controls for affect, set to happy)",0,1,1,Unfamiliar mother,Tape recording,Laboratory,Simulated,native,infant_controlled,yes,how is this study different from second one?,TRUE,within_two,36,NA,NA,NA,NA,NA,NA,NA,-0.16,0.05573333333,NA,NA,-0.16,0.05573333333,-0.1564705882352941,0.0533016291778963,-0.07974522228289,0.013669201410647104,-0.07991491149449682,0.030303030303030304,-0.2902078982774749,0.18335531730704943,d_two,-0.6227064997676328,0.30270649976763275,17.942583733130537,Singh et al. (2002)_2_happy,Singh2002:Singh2002_2
Singh2002,"Singh, L.; Morgan, J.L. & Best, C.T. (2002). Infants' Listening Preferences: Baby Talk or Happy Talk? Infancy. 3(3), 365-394.",Singh et al. (2002),10.1207/S15327078IN0303_5,yes,yes,Alex Cristia,2,neutral,behavior,familiarization,HPP,looking_time,0,Singh2002_2,American English,typical,NA,NA,179,NA,non-significant,46,NA,NA,NA,0.388888889,NA,NA,NA,Amount of time looking at flashing light while listening to either neutral IDS or neutral ADS,English,affect_controlled,"Happy, neutral, or sad (controls for affect, set to neutral)",0,1,1,Unfamiliar mother,Tape recording,Laboratory,Simulated,native,infant_controlled,yes,NA,FALSE,within_two,36,NA,NA,NA,NA,NA,NA,NA,-0.3,0.05618055556,NA,NA,-0.3,0.05618055556,-0.2933823529411764,0.053729338630019455,-0.14834045293024462,0.013138206638204442,-0.14944312018495756,0.030303030303030304,-0.5441398092702654,0.18482661947020707,d_two,-0.7645592434851106,0.16455924348511064,17.799752779803235,Singh et al. (2002)_2_neutral,Singh2002:Singh2002_2
Singh2002,"Singh, L.; Morgan, J.L. & Best, C.T. (2002). Infants' Listening Preferences: Baby Talk or Happy Talk? Infancy. 3(3), 365-394.",Singh et al. (2002),10.1207/S15327078IN0303_5,yes,yes,Martin Zettersten,2,sad,behavior,familiarization,HPP,looking_time,0,Singh2002_2,American English,typical,NA,NA,179,NA,non-significant,46,NA,NA,NA,0.388888889,NA,NA,NA,Amount of time looking at flashing light while listening to either neutral IDS or neutral ADS,English,affect_controlled,"Happy, neutral, or sad (controls for affect, set to neutral)",0,1,1,Unfamiliar mother,Tape recording,Laboratory,Simulated,native,infant_controlled,yes,added by Martin Zettersten mirroring Alex Cristia's coding (omitted in the initial transcribing of the Dunst et al. meta-analysis); note that N is incorrect (should be 12),FALSE,within_two,36,NA,NA,NA,NA,NA,NA,NA,-0.54,0.05758055556,NA,NA,-0.54,0.05758055556,-0.5280882352941176,0.05506825515251081,-0.26066585229076455,0.011655693633433606,-0.26682266690994083,0.030303030303030304,-0.9794516566864777,0.18943243485738212,d_two,-1.0103119529168167,-0.06968804708318321,17.366973803474014,Singh et al. (2002)_2_sad,Singh2002:Singh2002_2
Singh2002,"Singh, L.; Morgan, J.L. & Best, C.T. (2002). Infants' Listening Preferences: Baby Talk or Happy Talk? Infancy. 3(3), 365-394.",Singh et al. (2002),10.1207/S15327078IN0303_5,yes,yes,Alex Cristia,2A,NA,behavior,familiarization,HPP,looking_time,0,Singh2002_2A,American English,typical,NA,NA,189,NA,non-significant,36,NA,NA,NA,0.541666667,NA,NA,NA,Amount of time looking at flashing light while listening to either happy IDS or happy ADS,English,affect_controlled,Happy infant directed and adult directed speech,0,1,1,Unfamiliar mother,Tape recording,Laboratory,Simulated,native,infant_controlled,yes,"how is this study different from first one, happy condition?",TRUE,within_two,24,NA,NA,NA,NA,NA,NA,NA,0.24,0.08393333333,NA,NA,0.24,0.08393333333,0.2318181818181818,0.07830815254509943,0.11914522061843064,0.020102346663537243,0.1197138503987774,0.047619047619047616,0.43531184741621226,0.27612959867728937,d_two,-0.3278260681500882,0.8078260681500882,11.914217633515259,Singh et al. (2002)_2A,Singh2002:Singh2002_2A
Singh2002,"Singh, L.; Morgan, J.L. & Best, C.T. (2002). Infants' Listening Preferences: Baby Talk or Happy Talk? Infancy. 3(3), 365-394.",Singh et al. (2002),10.1207/S15327078IN0303_5,yes,yes,Alex Cristia,3,happy,behavior,familiarization,HPP,looking_time,1,Singh2002_3,American English,typical,NA,NA,187,187,not reported,31,NA,NA,NA,0.428571429,NA,NA,NA,Amount of time looking at flashing light while listening to either happy IDS or happy ADS,English,affect_controlled,Happy or neutral infant,0,1,1,Unfamiliar mother,Tape recording,Laboratory,Simulated,native,infant_controlled,no,"how is this study different from first one, happy condition?",TRUE,between,14,14,NA,NA,NA,NA,NA,NA,0.5,0.1473214286,NA,NA,0.5,0.1473214286,0.485,0.13861473216974,0.24253562503633297,0.030705707894646855,0.24746646154726348,0.09090909090909091,0.9068996821171089,0.4846680733617772,between,-0.25228266055567805,1.252282660555678,6.78787878656235,Singh et al. (2002)_3_happy,Singh2002:Singh2002_3
Singh2002,"Singh, L.; Morgan, J.L. & Best, C.T. (2002). Infants' Listening Preferences: Baby Talk or Happy Talk? Infancy. 3(3), 365-394.",Singh et al. (2002),10.1207/S15327078IN0303_5,yes,yes,Alex Cristia,3,neutral,behavior,familiarization,HPP,looking_time,1,Singh2002_3,American English,typical,NA,NA,187,187,not reported,31,NA,NA,NA,0.428571429,NA,NA,NA,Amount of time looking at flashing light while listening to either neutral IDS or neutral ADS,English,affect_controlled,Happy or neutral infant,0,1,1,Unfamiliar mother,Tape recording,Laboratory,Simulated,native,infant_controlled,no,"how is this study different from first one, neutral condition?",FALSE,between,14,14,NA,NA,NA,NA,NA,NA,0.61,0.1495017857,NA,NA,0.61,0.1495017857,0.5917,0.14066623016513,0.2917324851863718,0.028621744634302112,0.3004588699922459,0.09090909090909091,1.106417612182873,0.49184116070514605,between,-0.14782910566089225,1.3678291056608922,6.688883315458619,Singh et al. (2002)_3_neutral,Singh2002:Singh2002_3
Singh2009,"Singh, L.; Nestor, S.; Parikh, C. & Yull, A. (209). Influences of Infant-Directed Speech on Early Word Recognition. Infancy. 14(6), 654-666.",Singh et al. (2009),10.1080/15250000903263973,yes,yes,Alex Cristia,1,IDS,behavior,familiarization,HPP,looking_time,1,Singh2009,American English,typical,NA,NA,224,224,not reported,31,NA,NA,NA,0.375,NA,NA,NA,Amount of time looking at flashing light while listening to passages containing words familiarized in IDS,English,main,Infant directed and adult directed sentences,0,1,1,Unfamiliar mother,Tape recording,Laboratory,Simulated,native,infant_controlled,no,NA,TRUE,between,16,16,NA,NA,NA,NA,NA,NA,0.29,0.1263140625,NA,NA,0.29,0.1263140625,0.2825,0.11986506124126783,0.14349931046699432,0.02966761153461542,0.1444966438188224,0.07692307692307693,0.5260018156279231,0.415556609056492,between,-0.4065847181558995,0.9865847181558995,7.916774903823556,Singh et al. (2009)_1_IDS,Singh2009:Singh2009
Singh2009,"Singh, L.; Nestor, S.; Parikh, C. & Yull, A. (209). Influences of Infant-Directed Speech on Early Word Recognition. Infancy. 14(6), 654-666.",Singh et al. (2009),10.1080/15250000903263973,yes,yes,Alex Cristia,1,ADS,behavior,familiarization,HPP,looking_time,1,Singh2009,American English,typical,NA,NA,224,224,not reported,31,NA,NA,NA,0.375,NA,NA,NA,Amount of time looking at flashing light while listening to passages containing words familiarized in ADS,English,main,Infant directed and adult directed sentences,0,1,1,Unfamiliar mother,Tape recording,Laboratory,Simulated,native,infant_controlled,no,NA,FALSE,between,16,16,NA,NA,NA,NA,NA,NA,0.29,0.1263140625,NA,NA,0.29,0.1263140625,0.2825,0.11986506124126783,0.14349931046699432,0.02966761153461542,0.1444966438188224,0.07692307692307693,0.5260018156279231,0.415556609056492,between,-0.4065847181558995,0.9865847181558995,7.916774903823556,Singh et al. (2009)_1_ADS,Singh2009:Singh2009
Trainor1996,"Trainor, L.J. (1996). Infant preferences for infant-directed versus noninfant-directed playsongs and lullabies. Infant Behavior and Development. 19(1), 83-92.",Trainor et al. (1996),http://dx.doi.org/10.1016/S0163-6383(96)90046-6,yes,yes,Alex Cristia,2,playsongs,behavior,test_only,HPP,looking_time,0,Trainor1996_2,Canadian English,typical,NA,NA,179,NA,significant,51,NA,NA,NA,NA,NA,NA,NA,Amount of time looking at light and illuminated toy while listening to ID or AD playsongs,English,main,Playsongs and lullabies with infant present (infant directed) and infant absent (adult directed),0,1,1,Unfamiliar mother,Tape recording,Laboratory,Naturalistic,native,infant_controlled,yes,"borderline case for reporting effect as significant, because analyses are on individual items (while the d reported here appears to be collapsing across those items)",TRUE,within_two,60,NA,NA,NA,NA,NA,NA,NA,2.27,0.05480375,NA,NA,2.27,0.05480375,2.240646551724138,0.053395575463547854,0.7503199578268503,0.0011435472311146163,0.9736868081891193,0.017543859649122806,4.117324556811674,0.18029711073206697,d_two,1.811168496237872,2.728831503762128,18.246926533312045,Trainor et al. (1996)_2_playsongs,Trainor1996:Trainor1996_2
Trainor1996,"Trainor, L.J. (1996). Infant preferences for infant-directed versus noninfant-directed playsongs and lullabies. Infant Behavior and Development. 19(1), 83-92.",Trainor et al. (1996),http://dx.doi.org/10.1016/S0163-6383(96)90046-6,yes,yes,Alex Cristia,2,lullabies,behavior,test_only,HPP,looking_time,0,Trainor1996_2,Canadian English,typical,NA,NA,179,NA,significant,51,NA,NA,NA,NA,NA,NA,NA,Amount of time looking at light and illuminated toy while listening to ID or AD playsongs,English,main,Playsongs and lullabies with infant present (infant directed) and infant absent (adult directed),0,1,1,Unfamiliar mother,Tape recording,Laboratory,Naturalistic,native,infant_controlled,yes,"borderline case for reporting effect as significant, because analyses are on individual items (while the d reported here appears to be collapsing across a subset of those items)",FALSE,within_two,60,NA,NA,NA,NA,NA,NA,NA,1.94,0.049015,NA,NA,1.94,0.049015,1.9149137931034481,0.04775556656881688,0.6962579294579282,0.0016759441255388115,0.8600004983671399,0.017543859649122806,3.5187707666143826,0.16125288657313164,d_two,1.5060770758575637,2.373922924142436,20.401917780271344,Trainor et al. (1996)_2_lullabies,Trainor1996:Trainor1996_2
Werker1989,"Werker, J.F. & McLeod, P.J. (1989). Infant preference for both male and female infant-directed talk: A developmental study of attentional and affective responsiveness.Canadian Journal of Psychology/Revue canadienne de psychologie, Vol 43(2), 230-246.",Werker & McLeod (1989),http://dx.doi.org/10.1037/h0084224,yes,yes,Alex Cristia,1,NA,eye-tracking,test_only,CF,looking_time,0,Werker1989_1,Canadian English,typical,NA,NA,154,NA,significant,84,NA,NA,NA,NA,NA,NA,NA,Amount of time looking at videos of a female or a male speaking in either IDS or ADS,English,main,Infant directed and adult directed speech,0,0,NA,Unfamiliar female,Video recording,Laboratory,Simulated,native,fixed_length,yes,the speaker column must have been wrong in the table,TRUE,within_two,12,NA,NA,NA,NA,NA,NA,NA,3.15,0.3733854167,NA,NA,3.15,0.3733854167,2.91375,0.3194778971639375,0.8442128152478039,0.002213735118310953,1.2356584657265204,0.1111111111111111,5.713467997337786,1.2283887839883012,d_two,1.952358692053098,4.347641307946902,2.6781977958273058,Werker & McLeod (1989)_1,Werker1989:Werker1989_1
Werker1989,"Werker, J.F. & McLeod, P.J. (1989). Infant preference for both male and female infant-directed talk: A developmental study of attentional and affective responsiveness.Canadian Journal of Psychology/Revue canadienne de psychologie, Vol 43(2), 230-246.",Werker & McLeod (1989),http://dx.doi.org/10.1037/h0084224,yes,yes,Alex Cristia,2,younger_attn,eye-tracking,test_only,CF,looking_time,0,Werker1989_2_4m.o.,Canadian English,typical,NA,NA,132,NA,significant,45,NA,NA,NA,NA,NA,NA,NA,Amount of time looking at videos of a female or a male speaking in either IDS or ADS,English,main,Infant directed and adult directed speech,0,0,NA,Unfamiliar female,Video recording,Laboratory living room like setting,Simulated,native,fixed_length,yes,the speaker column must have been wrong in the table,TRUE,within_two,16,NA,NA,NA,NA,NA,NA,NA,0.66,0.13180625,NA,NA,0.66,0.13180625,0.6246428571428572,0.11806242227359695,0.31337745420390184,0.0241656712146678,0.3242862951374632,0.07692307692307693,1.1971075803945839,0.4336251816970281,d_two,-0.05156748217236218,1.3715674821723622,7.5868936412347665,Werker & McLeod (1989)_2_younger_attn,Werker1989:Werker1989_2_4m.o.
Werker1989,"Werker, J.F. & McLeod, P.J. (1989). Infant preference for both male and female infant-directed talk: A developmental study of attentional and affective responsiveness.Canadian Journal of Psychology/Revue canadienne de psychologie, Vol 43(2), 230-246.",Werker & McLeod (1989),http://dx.doi.org/10.1037/h0084224,yes,yes,Alex Cristia,2,younger_emo,other,test_only,CF,facial_expression,0,Werker1989_2_4m.o.,Canadian English,typical,NA,NA,132,NA,significant,45,NA,NA,NA,NA,NA,NA,NA,Affective responsiveness while listening to a female or a male speaking either IDS or ADS,English,main,Infant directed and adult directed speech,0,0,NA,Unfamiliar female,Video recording,Laboratory living room like setting,Simulated,native,fixed_length,yes,the speaker column must have been wrong in the table,FALSE,within_two,16,NA,NA,NA,NA,NA,NA,NA,0.54,0.12955625,NA,NA,0.54,0.12955625,0.5110714285714286,0.1160470364317602,0.26066585229076455,0.026225310673201375,0.2668226669099409,0.07692307692307693,0.9794516566864777,0.4262229783962111,d_two,-0.16546792934799892,1.245467929347999,7.718655024362004,Werker & McLeod (1989)_2_younger_emo,Werker1989:Werker1989_2_4m.o.
Werker1989,"Werker, J.F. & McLeod, P.J. (1989). Infant preference for both male and female infant-directed talk: A developmental study of attentional and affective responsiveness.Canadian Journal of Psychology/Revue canadienne de psychologie, Vol 43(2), 230-246.",Werker & McLeod (1989),http://dx.doi.org/10.1037/h0084224,yes,yes,Alex Cristia,2,older_attn,eye-tracking,test_only,CF,looking_time,0,Werker1989_2_8m.o.,Canadian English,typical,NA,NA,249,NA,significant,45,NA,NA,NA,NA,NA,NA,NA,Amount of time looking at videos of a female or a male speaking either IDS or ADS,English,main,Infant directed and adult directed speech,0,0,NA,Unfamiliar female,Video recording,Laboratory living room like setting,Simulated,native,fixed_length,yes,the speaker column must have been wrong in the table,TRUE,within_two,16,NA,NA,NA,NA,NA,NA,NA,1.27,0.1502015625,NA,NA,1.27,0.1502015625,1.2019642857142856,0.1345396011041135,0.5360558854014317,0.013590408740334814,0.5986045972368409,0.07692307692307693,2.3035251925774567,0.49414333410016603,d_two,0.5103993699662533,2.029600630033747,6.657720354939716,Werker & McLeod (1989)_2_older_attn,Werker1989:Werker1989_2_8m.o.
Werker1989,"Werker, J.F. & McLeod, P.J. (1989). Infant preference for both male and female infant-directed talk: A developmental study of attentional and affective responsiveness.Canadian Journal of Psychology/Revue canadienne de psychologie, Vol 43(2), 230-246.",Werker & McLeod (1989),http://dx.doi.org/10.1037/h0084224,yes,yes,Alex Cristia,2,older_emo,other,test_only,CF,facial_expression,0,Werker1989_2_8m.o.,Canadian English,typical,NA,NA,249,NA,significant,45,NA,NA,NA,NA,NA,NA,NA,Affective responsiveness while listening to a female or a male speaking either IDS or ADS,English,main,Infant directed and adult directed speech,0,0,NA,Unfamiliar female,Video recording,Laboratory living room like setting,Simulated,native,fixed_length,yes,the speaker column must have been wrong in the table,FALSE,within_two,16,NA,NA,NA,NA,NA,NA,NA,1.17,0.1463890625,NA,NA,1.17,0.1463890625,1.1073214285714286,0.13112464176100128,0.5049439862867872,0.015134659940485996,0.5559200214464878,0.07692307692307693,2.1221452561540346,0.4816007118404484,d_two,0.42010163662415656,1.9198983633758433,6.8311114431790285,Werker & McLeod (1989)_2_older_emo,Werker1989:Werker1989_2_8m.o.
Werker1989,"Werker, J.F. & McLeod, P.J. (1989). Infant preference for both male and female infant-directed talk: A developmental study of attentional and affective responsiveness.Canadian Journal of Psychology/Revue canadienne de psychologie, Vol 43(2), 230-246.",Werker & McLeod (1989),http://dx.doi.org/10.1037/h0084224,yes,yes,Alex Cristia,3,NA,other,test_only,CF,facial_expression,0,Werker1989_3,Canadian English,typical,NA,NA,142,NA,significant,45,NA,NA,NA,NA,NA,NA,NA,Affective responsiveness while looking at a neutral nodding female face while listening to either IDS or ADS,English,main,Infant directed and adult directed speech,0,0,1,Unfamiliar female,Tape recording,Laboratory,Simulated,native,fixed_length,yes,NA,TRUE,within_two,16,NA,NA,NA,NA,NA,NA,NA,1.15,0.1456640625,NA,NA,1.15,0.1456640625,1.088392857142857,0.13047523965640942,0.49847112425808277,0.01545700652913728,0.5472697161573442,0.07692307692307693,2.08586926886935,0.4792155574435184,d_two,0.40196089824878445,1.8980391017512153,6.865111289890051,Werker & McLeod (1989)_3,Werker1989:Werker1989_3
Werker1994,"Werker, J.F. & Pegg, J.E. (1994).A cross-language investigation of infant preference for infant-directed communication. Infant Behavior and Development. 17(3), 323-333.",Werker et al. (1994),10.1016/0163-6383(94)90012-4,yes,yes,Alex Cristia,1,younger_en_attn,eye-tracking,test_only,CF,looking_time,0,Werker1994_1_5m.o.,Canadian English,typical,NA,NA,142,NA,significant,15,NA,NA,NA,NA,NA,NA,NA,Amount of time looking at videos of a female speaking either IDS or ADS in Cantonese,English,main,Cantonese infant directed and adult directed speech,0,1,1,Unfamiliar mother,Video recording,Laboratory living room like setting,Naturalistic,nonnative,fixed_length,yes,NA,TRUE,within_two,10,NA,NA,NA,NA,NA,NA,NA,0.62,0.20961,NA,NA,0.62,0.20961,0.561875,0.17215040039062499,0.29609877111408056,0.0397925227641849,0.3052380199252282,0.14285714285714285,1.124555605825215,0.6895892595041134,d_two,-0.2773339308226873,1.5173339308226872,4.770764753590001,Werker et al. (1994)_1_younger_en_attn,Werker1994:Werker1994_1_5m.o.
Werker1994,"Werker, J.F. & Pegg, J.E. (1994).A cross-language investigation of infant preference for infant-directed communication. Infant Behavior and Development. 17(3), 323-333.",Werker et al. (1994),10.1016/0163-6383(94)90012-4,yes,yes,Alex Cristia,1,younger_en_emo,other,test_only,CF,facial_expression,0,Werker1994_1_5m.o.,Canadian English,typical,NA,NA,142,NA,significant,15,NA,NA,NA,NA,NA,NA,NA,Affective responsiveness while listening to a female speaking either IDS or ADS in Cantonese,English,main,Cantonese infant directed and adult directed speech,0,1,1,Unfamiliar mother,Video recording,Laboratory living room like setting,Naturalistic,nonnative,fixed_length,yes,NA,FALSE,within_two,10,NA,NA,NA,NA,NA,NA,NA,0.72,0.21296,NA,NA,0.72,0.21296,0.6525,0.17490171875000002,0.33871946827274163,0.036937202103590805,0.3526453302527,0.14285714285714285,1.305935542248637,0.7006103177519966,d_two,-0.18447613039539124,1.6244761303953912,4.69571750563486,Werker et al. (1994)_1_younger_en_emo,Werker1994:Werker1994_1_5m.o.
Werker1994,"Werker, J.F. & Pegg, J.E. (1994).A cross-language investigation of infant preference for infant-directed communication. Infant Behavior and Development. 17(3), 323-333.",Werker et al. (1994),10.1016/0163-6383(94)90012-4,yes,yes,Alex Cristia,1,older_en_attn,eye-tracking,test_only,CF,looking_time,0,Werker1994_1_9m.o.,Canadian English,typical,NA,NA,262,NA,significant,15,NA,NA,NA,NA,NA,NA,NA,Amount of time looking at videos of a female speaking either IDS or ADS in Cantonese,English,main,Cantonese infant directed and adult directed speech,0,1,1,Unfamiliar mother,Video recording,Laboratory living room like setting,Naturalistic,nonnative,fixed_length,yes,NA,TRUE,within_two,10,NA,NA,NA,NA,NA,NA,NA,0.73,0.2133225,NA,NA,0.73,0.2133225,0.6615624999999999,0.17519943603515625,0.34287418712998585,0.03664613968451068,0.3573460077586344,0.14285714285714285,1.324073535890979,0.7018028949504616,d_two,-0.17524560163390046,1.6352456016339003,4.687738049197811,Werker et al. (1994)_1_older_en_attn,Werker1994:Werker1994_1_9m.o.
Werker1994,"Werker, J.F. & Pegg, J.E. (1994).A cross-language investigation of infant preference for infant-directed communication. Infant Behavior and Development. 17(3), 323-333.",Werker et al. (1994),10.1016/0163-6383(94)90012-4,yes,yes,Alex Cristia,1,older_en_emo,other,test_only,CF,facial_expression,0,Werker1994_1_9m.o.,Canadian English,typical,NA,NA,262,NA,significant,15,NA,NA,NA,NA,NA,NA,NA,Affective responsiveness while listening to a female speaking either IDS or ADS in Cantonese,English,main,Cantonese infant directed and adult directed speech,0,1,1,Unfamiliar mother,Video recording,Laboratory living room like setting,Naturalistic,nonnative,fixed_length,yes,NA,FALSE,within_two,10,NA,NA,NA,NA,NA,NA,NA,0.53,0.2070225,NA,NA,0.53,0.2070225,0.48031250000000003,0.17002531494140624,0.25615823848772273,0.04222136622943099,0.26199249953844816,0.14285714285714285,0.9613136630441356,0.6810767257081739,d_two,-0.36177822843302765,1.4217782284330278,4.830392831697038,Werker et al. (1994)_1_older_en_emo,Werker1994:Werker1994_1_9m.o.
Werker1994,"Werker, J.F. & Pegg, J.E. (1994).A cross-language investigation of infant preference for infant-directed communication. Infant Behavior and Development. 17(3), 323-333.",Werker et al. (1994),10.1016/0163-6383(94)90012-4,yes,yes,Alex Cristia,2,younger_ca_attn,eye-tracking,test_only,CF,looking_time,0,Werker1994_2_5m.o.,Cantonese,typical,NA,NA,142,NA,significant,15,NA,NA,NA,NA,NA,NA,NA,Amount of time looking at videos of a female speaking either IDS or ADS in Cantonese,Cantonese,main,Cantonese infant directed and adult directed speech,0,1,1,Unfamiliar mother,Video recording,Laboratory living room like setting,Naturalistic,native,fixed_length,yes,NA,TRUE,within_two,10,NA,NA,NA,NA,NA,NA,NA,0.24,0.20144,NA,NA,0.24,0.20144,0.2175,0.16544046875,0.11914522061843064,0.04824563199440541,0.1197138503987774,0.14285714285714285,0.43531184741621226,0.6627110368518134,d_two,-0.6396723622125594,1.1196723622125595,4.964257347100873,Werker et al. (1994)_2_younger_ca_attn,Werker1994:Werker1994_2_5m.o.
Werker1994,"Werker, J.F. & Pegg, J.E. (1994).A cross-language investigation of infant preference for infant-directed communication. Infant Behavior and Development. 17(3), 323-333.",Werker et al. (1994),10.1016/0163-6383(94)90012-4,yes,yes,Alex Cristia,2,younger_ca_emo,other,test_only,CF,facial_expression,0,Werker1994_2_5m.o.,Cantonese,typical,NA,NA,142,NA,significant,15,NA,NA,NA,NA,NA,NA,NA,Affective responsiveness while listening to a female speaking either IDS or ADS in Cantonese,Cantonese,main,Cantonese infant directed and adult directed speech,0,1,1,Unfamiliar mother,Video recording,Laboratory living room like setting,Naturalistic,native,fixed_length,yes,NA,FALSE,within_two,10,NA,NA,NA,NA,NA,NA,NA,0.74,0.21369,NA,NA,0.74,0.21369,0.670625,0.175501259765625,0.3470088817920543,0.036354435737612885,0.36203912124097104,0.14285714285714285,1.3422115295333212,0.7030119214895949,d_two,-0.1660250191877305,1.6460250191877304,4.679676166409284,Werker et al. (1994)_2_younger_ca_emo,Werker1994:Werker1994_2_5m.o.
Werker1994,"Werker, J.F. & Pegg, J.E. (1994).A cross-language investigation of infant preference for infant-directed communication. Infant Behavior and Development. 17(3), 323-333.",Werker et al. (1994),10.1016/0163-6383(94)90012-4,yes,yes,Alex Cristia,2,older_ca_attn,eye-tracking,test_only,CF,looking_time,0,Werker1994_2_9m.o.,Cantonese,typical,NA,NA,262,NA,significant,15,NA,NA,NA,NA,NA,NA,NA,Amount of time looking at videos of a female speaking either IDS or ADS in Cantonese,Cantonese,main,Cantonese infant directed and adult directed speech,0,1,1,Unfamiliar mother,Video recording,Laboratory living room like setting,Naturalistic,native,fixed_length,yes,NA,TRUE,within_two,10,NA,NA,NA,NA,NA,NA,NA,0.4,0.204,NA,NA,0.4,0.204,0.36250000000000004,0.16754296875,0.19611613513818402,0.04533881429221665,0.19869011034924142,0.14285714285714285,0.7255197456936872,0.6711330992740763,d_two,-0.4852443727138859,1.285244372713886,4.901960784313726,Werker et al. (1994)_2_older_ca_attn,Werker1994:Werker1994_2_9m.o.
Werker1994,"Werker, J.F. & Pegg, J.E. (1994).A cross-language investigation of infant preference for infant-directed communication. Infant Behavior and Development. 17(3), 323-333.",Werker et al. (1994),10.1016/0163-6383(94)90012-4,yes,yes,Alex Cristia,2,older_ca_emo,other,test_only,CF,facial_expression,0,Werker1994_2_9m.o.,Cantonese,typical,NA,NA,262,NA,significant,15,NA,NA,NA,NA,NA,NA,NA,Affective responsiveness while listening to a female speaking either IDS or ADS in Cantonese,Cantonese,main,Cantonese infant directed and adult directed speech,0,1,1,Unfamiliar mother,Video recording,Laboratory living room like setting,Naturalistic,native,fixed_length,yes,NA,FALSE,within_two,10,NA,NA,NA,NA,NA,NA,NA,1.23,0.2378225,NA,NA,1.23,0.2378225,1.1146875,0.19532101806640625,0.5238597773942958,0.02271080762130249,0.5816446631369326,0.14285714285714285,2.230973218008088,0.7824046642260246,d_two,0.2741834169755536,2.1858165830244465,4.204816617435272,Werker et al. (1994)_2_older_ca_emo,Werker1994:Werker1994_2_9m.o.
