study_type,study_id,short_cite,mean_age,age_group,n,d_calc,d_var_calc,native_lang,prop_female,prop_nae,infant_type,main_question_ids_preference,same_infant,method,dependent_measure,presentation,response_mode,parent_education,prop_caregiver_seat,num_trials,participant_design,setting,speaker,speaker_experience,speaker_fam,speaker_female,speech_type,exposure_phase,test_lang,es_method,trial_control,d,d_var
MB,babylabbrookes,ManyBabies Consortium (2020),410.25,12-15 mo,16,0.26802580999683756,0.1261224661691322,english,0.5961538461538461,0,typical,yes,1,singlescreen,looking_time,tape recording,eye-tracking,16.442307692307693,1,16,within_two,laboratory,unfamiliar mother,1,0,1,naturalistic,test_only,nonnative,NA,NA,NA,NA
MB,babylabbrookes,ManyBabies Consortium (2020),138.88888888888889,3-6 mo,20,0.6740790358229655,0.10567978183170024,english,0.28104575163398693,0,typical,yes,2,singlescreen,looking_time,tape recording,eye-tracking,16.01197461953151,1,16,within_two,laboratory,unfamiliar mother,1,0,1,naturalistic,test_only,nonnative,NA,NA,NA,NA
MB,babylabbrookes,ManyBabies Consortium (2020),231.12280701754386,6-9 mo,15,0.5748995814085146,0.13884182547839474,english,0.5350877192982456,0,typical,yes,3,singlescreen,looking_time,tape recording,eye-tracking,16.676845415425355,1,16,within_two,laboratory,unfamiliar mother,1,0,1,naturalistic,test_only,nonnative,NA,NA,NA,NA
MB,babylabkingswood,ManyBabies Consortium (2020),414.0919540229885,12-15 mo,15,0.42675047815008843,0.13636859951002214,english,0.3793103448275862,0,typical,yes,1,hpp,looking_time,tape recording,behavior,16.202083333333334,1,16,within_two,laboratory,unfamiliar mother,1,0,1,naturalistic,test_only,nonnative,NA,NA,NA,NA
MB,babylabkingswood,ManyBabies Consortium (2020),218.32692307692307,6-9 mo,15,0.34997861057262625,0.13537475046430578,english,0.3076923076923077,0,typical,yes,2,hpp,looking_time,tape recording,behavior,15.717147435897436,1,16,within_two,laboratory,unfamiliar mother,1,0,1,naturalistic,test_only,nonnative,NA,NA,NA,NA
MB,babylabkonstanz,ManyBabies Consortium (2020),231.92631578947368,6-9 mo,15,0.8414381363175815,0.14513363562082673,german,0.5789473684210527,0,typical,yes,1,hpp,looking_time,tape recording,behavior,17.34736842105263,1,16,within_two,laboratory,unfamiliar mother,1,0,1,naturalistic,test_only,nonnative,NA,NA,NA,NA
MB,babylablangessex,ManyBabies Consortium (2020),229.2439024390244,6-9 mo,11,0.6249728700373334,0.19069525200642504,english,0.14634146341463414,0,typical,yes,1,eyetracking,looking_time,tape recording,eye-tracking,15.062259306803593,0.04878048780487805,16,within_two,laboratory,unfamiliar mother,1,0,1,naturalistic,test_only,nonnative,NA,NA,NA,NA
MB,babylableiden,ManyBabies Consortium (2020),324.7083333333333,9-12 mo,15,1.121666737320017,0.15430227116016887,dutch,0.4166666666666667,0,typical,yes,1,hpp,looking_time,tape recording,behavior,18.243055555555557,1,16,within_two,laboratory,unfamiliar mother,1,0,1,naturalistic,test_only,nonnative,NA,NA,NA,NA
MB,babylablmu,ManyBabies Consortium (2020),409.48214285714283,12-15 mo,21,0.5846241588067811,0.09930696913167304,german,0.4107142857142857,0,typical,yes,1,eyetracking,looking_time,tape recording,eye-tracking,17.267857142857142,0.14285714285714285,16,within_two,laboratory,unfamiliar mother,1,0,1,naturalistic,test_only,nonnative,NA,NA,NA,NA
MB,babylablmu,ManyBabies Consortium (2020),324.38461538461536,9-12 mo,16,0.5654433094630757,0.12999572087838368,german,0.4358974358974359,0,typical,yes,2,eyetracking,looking_time,tape recording,eye-tracking,16.24466571834993,0.2564102564102564,16,within_two,laboratory,unfamiliar mother,1,0,1,naturalistic,test_only,nonnative,NA,NA,NA,NA
MB,babylabnijmegen,ManyBabies Consortium (2020),234.63101604278074,6-9 mo,27,0.4879403110302646,0.07627857173266954,dutch,0.5775401069518716,0,typical,yes,1,hpp,looking_time,tape recording,behavior,17.299950706539597,1,16,within_two,laboratory,unfamiliar mother,1,0,1,naturalistic,test_only,nonnative,NA,NA,NA,NA
MB,babylabnijmegen,ManyBabies Consortium (2020),333.912,9-12 mo,22,-0.024661725073511144,0.09091600228049547,dutch,0.392,0,typical,yes,2,hpp,looking_time,tape recording,behavior,16.82943925233645,1,16,within_two,laboratory,unfamiliar mother,1,0,1,naturalistic,test_only,nonnative,NA,NA,NA,NA
MB,babylabparisdescartes1,ManyBabies Consortium (2020),406.1162790697674,12-15 mo,15,0.5408548544438901,0.13820873289292535,french,0.3488372093023256,0,typical,yes,1,hpp,looking_time,tape recording,behavior,16.36103933390755,1,16,within_two,laboratory,unfamiliar mother,1,0,1,naturalistic,test_only,nonnative,NA,NA,NA,NA
MB,babylabplymouth,ManyBabies Consortium (2020),317.07272727272726,9-12 mo,26,0.6363593503321556,0.08081685791110735,english,0.43636363636363634,0,typical,yes,1,hpp,looking_time,tape recording,behavior,14.657575757575756,1,16,within_two,laboratory,unfamiliar mother,1,0,1,naturalistic,test_only,nonnative,NA,NA,NA,NA
MB,babylabpotsdam,ManyBabies Consortium (2020),306.996632996633,9-12 mo,45,0.5668763837056687,0.04622971574668454,german,0.4983164983164983,0,typical,yes,1,hpp,looking_time,tape recording,behavior,14.107508532423207,1,16,within_two,laboratory,unfamiliar mother,1,0,1,naturalistic,test_only,nonnative,NA,NA,NA,NA
MB,babylabpotsdam,ManyBabies Consortium (2020),306.996632996633,9-12 mo,45,0.5668763837056687,0.04622971574668454,german,0.4983164983164983,0,typical,yes,2,hpp,looking_time,tape recording,eye-tracking,14.107508532423207,1,16,within_two,laboratory,unfamiliar mother,1,0,1,naturalistic,test_only,nonnative,NA,NA,NA,NA
MB,babylabpotsdam,ManyBabies Consortium (2020),306.996632996633,9-12 mo,45,0.5668763837056687,0.04622971574668454,german,0.4983164983164983,0,typical,yes,3,singlescreen,looking_time,tape recording,behavior,14.107508532423207,1,16,within_two,laboratory,unfamiliar mother,1,0,1,naturalistic,test_only,nonnative,NA,NA,NA,NA
MB,babylabpotsdam,ManyBabies Consortium (2020),306.996632996633,9-12 mo,45,0.5668763837056687,0.04622971574668454,german,0.4983164983164983,0,typical,yes,4,singlescreen,looking_time,tape recording,eye-tracking,14.107508532423207,1,16,within_two,laboratory,unfamiliar mother,1,0,1,naturalistic,test_only,nonnative,NA,NA,NA,NA
MB,babylabprinceton,ManyBabies Consortium (2020),414.0169491525424,12-15 mo,14,0.6617348037944476,0.15067665983130135,english,0.4576271186440678,1,non-typical,yes,1,hpp,looking_time,tape recording,behavior,16.923728813559322,1,16,within_two,laboratory,unfamiliar mother,1,0,1,naturalistic,test_only,native,NA,NA,NA,NA
MB,babylabshimane,ManyBabies Consortium (2020),145.87755102040816,3-6 mo,13,-0.08307920348072037,0.15397888757790368,japanese,0.5102040816326531,0,typical,yes,1,eyetracking,looking_time,tape recording,eye-tracking,15.214285714285715,1,16,within_two,laboratory,unfamiliar mother,1,0,1,naturalistic,test_only,nonnative,NA,NA,NA,NA
MB,babylabshimane,ManyBabies Consortium (2020),230.35897435897436,6-9 mo,13,0.17161357774735542,0.15441252346283169,japanese,0.5256410256410257,0,typical,yes,2,eyetracking,looking_time,tape recording,eye-tracking,14.967948717948717,1,16,within_two,laboratory,unfamiliar mother,1,0,1,naturalistic,test_only,nonnative,NA,NA,NA,NA
MB,babylabuclajohnson,ManyBabies Consortium (2020),405.1709401709402,12-15 mo,22,0.40166117452451966,0.09274240567182292,english,0.6153846153846154,1,typical,yes,1,eyetracking,looking_time,tape recording,eye-tracking,17.0982905982906,1,16,within_two,laboratory,unfamiliar mother,1,0,1,naturalistic,test_only,native,NA,NA,NA,NA
MB,babylabutrecht,ManyBabies Consortium (2020),224.75520833333334,6-9 mo,30,0.1746061178274103,0.06692072746985633,dutch,0.40625,0,typical,yes,1,hpp,looking_time,tape recording,behavior,15.666666666666668,1,16,within_two,laboratory,unfamiliar mother,1,0,1,naturalistic,test_only,nonnative,NA,NA,NA,NA
MB,babylabutrecht,ManyBabies Consortium (2020),325.6507936507937,9-12 mo,31,0.24701092264615893,0.06500818061214925,dutch,0.5238095238095238,0,typical,yes,2,hpp,looking_time,tape recording,behavior,15.597883597883598,1,16,within_two,laboratory,unfamiliar mother,1,0,1,naturalistic,test_only,nonnative,NA,NA,NA,NA
MB,babylabvuw,ManyBabies Consortium (2020),227.02197802197801,6-9 mo,13,0.031084802334250098,0.15386473586415692,english,0.46153846153846156,0,typical,yes,1,singlescreen,looking_time,tape recording,eye-tracking,15.776470588235295,1,16,within_two,laboratory,unfamiliar mother,1,0,1,naturalistic,test_only,nonnative,NA,NA,NA,NA
MB,babylabyork,ManyBabies Consortium (2020),218.9075630252101,6-9 mo,16,0.20782626968676826,0.1256748712245612,english,0.5378151260504201,0,typical,yes,1,singlescreen,looking_time,tape recording,eye-tracking,16.747899159663866,1,16,within_two,laboratory,unfamiliar mother,1,0,1,naturalistic,test_only,nonnative,NA,NA,NA,NA
MB,babylabyork,ManyBabies Consortium (2020),313.8514851485148,9-12 mo,16,0.4311099311483352,0.12790399644898004,english,0.5544554455445545,0,typical,yes,2,singlescreen,looking_time,tape recording,eye-tracking,16.787128712871286,1,16,within_two,laboratory,unfamiliar mother,1,0,1,naturalistic,test_only,nonnative,NA,NA,NA,NA
MB,babylingoslo,ManyBabies Consortium (2020),234.61016949152543,6-9 mo,18,0.16212851700155506,0.1114761896670156,norwegian,0.4067796610169492,0,typical,yes,1,eyetracking,looking_time,tape recording,eye-tracking,16.796610169491522,0,16,within_two,laboratory,unfamiliar mother,1,0,1,naturalistic,test_only,nonnative,NA,NA,NA,NA
MB,baldwinlabuoregon,ManyBabies Consortium (2020),322.29591836734693,9-12 mo,16,0.5967969913106059,0.13056510388808423,english,0.4897959183673469,1,typical,yes,1,singlescreen,looking_time,tape recording,eye-tracking,16.934782608695652,0,16,within_two,laboratory,unfamiliar mother,1,0,1,naturalistic,test_only,native,NA,NA,NA,NA
MB,bchdosu,ManyBabies Consortium (2020),405.7362637362637,12-15 mo,15,0.2507262368864611,0.13438106076438744,english,0.42857142857142855,1,typical,yes,1,singlescreen,looking_time,tape recording,eye-tracking,15.22032967032967,1,16,within_two,laboratory,unfamiliar mother,1,0,1,naturalistic,test_only,native,NA,NA,NA,NA
MB,bchdosu,ManyBabies Consortium (2020),141.27480916030535,3-6 mo,20,0.4497696870752735,0.10252865964264737,english,0.4732824427480916,1,typical,yes,2,singlescreen,looking_time,tape recording,eye-tracking,15.919847328244273,1,16,within_two,laboratory,unfamiliar mother,1,0,1,naturalistic,test_only,native,NA,NA,NA,NA
MB,bchdosu,ManyBabies Consortium (2020),241.03883495145632,6-9 mo,15,0.046682915335157685,0.13336965490973648,english,0.5048543689320388,1,non-typical,yes,3,singlescreen,looking_time,tape recording,eye-tracking,16.723300970873787,1,16,within_two,laboratory,unfamiliar mother,1,0,1,naturalistic,test_only,native,NA,NA,NA,NA
MB,bchdosu,ManyBabies Consortium (2020),322.7857142857143,9-12 mo,16,0.3250812615917091,0.12665121604121965,english,0.673469387755102,1,typical,yes,4,singlescreen,looking_time,tape recording,eye-tracking,15.025510204081634,1,16,within_two,laboratory,unfamiliar mother,1,0,1,naturalistic,test_only,native,NA,NA,NA,NA
MB,bcrlunlv,ManyBabies Consortium (2020),409.41803278688525,12-15 mo,27,0.5302962799024193,0.07667790874516986,english,0.39344262295081966,1,typical,yes,1,singlescreen,looking_time,tape recording,eye-tracking,15.241733814948596,1,16,within_two,laboratory,unfamiliar mother,1,0,1,naturalistic,test_only,native,NA,NA,NA,NA
MB,bllumanitoba,ManyBabies Consortium (2020),410.6224489795918,12-15 mo,16,1.7588518139856606,0.17333687036813514,english,0.6122448979591837,1,typical,yes,1,hpp,looking_time,tape recording,behavior,15.752607709750567,1,16,within_two,laboratory,unfamiliar mother,1,0,1,naturalistic,test_only,native,NA,NA,NA,NA
MB,bllumanitoba,ManyBabies Consortium (2020),166.54255319148936,3-6 mo,13,0.49159858958139285,0.15849363794766183,english,0.425531914893617,1,typical,yes,2,hpp,looking_time,tape recording,behavior,16.96276595744681,1,16,within_two,laboratory,unfamiliar mother,1,0,1,naturalistic,test_only,native,NA,NA,NA,NA
MB,bllumanitoba,ManyBabies Consortium (2020),234.7696335078534,6-9 mo,26,-0.1020301594667465,0.07702317455231548,english,0.2879581151832461,1,typical,yes,3,hpp,looking_time,tape recording,behavior,14.827225130890053,1,16,within_two,laboratory,unfamiliar mother,1,0,1,naturalistic,test_only,native,NA,NA,NA,NA
MB,bllumanitoba,ManyBabies Consortium (2020),313.8169934640523,9-12 mo,23,0.6351034305894019,0.09134083008202638,english,0.5163398692810458,1,typical,yes,4,hpp,looking_time,tape recording,behavior,16,1,16,within_two,laboratory,unfamiliar mother,1,0,1,naturalistic,test_only,native,NA,NA,NA,NA
MB,bounbcl,ManyBabies Consortium (2020),408.9316239316239,12-15 mo,31,0.26673376261395765,0.06508989435579193,turkish,0.5128205128205128,0,typical,yes,1,singlescreen,looking_time,tape recording,eye-tracking,15.907246376811592,0.9316239316239316,16,within_two,laboratory,unfamiliar mother,1,0,1,naturalistic,test_only,nonnative,NA,NA,NA,NA
MB,callab,ManyBabies Consortium (2020),334.36986301369865,9-12 mo,15,0.05962292674529395,0.13339258155656125,english,0.3698630136986301,1,typical,yes,1,eyetracking,looking_time,tape recording,eye-tracking,16.321917808219176,1,16,within_two,laboratory,unfamiliar mother,1,0,1,naturalistic,test_only,native,NA,NA,NA,NA
MB,cdcceu,ManyBabies Consortium (2020),399.51428571428573,12-15 mo,13,0.8139833991531293,0.16658786488647853,hungarian,0.5857142857142857,0,typical,yes,1,eyetracking,looking_time,tape recording,eye-tracking,17.28333333333333,1,16,within_two,laboratory,unfamiliar mother,1,0,1,naturalistic,test_only,nonnative,NA,NA,NA,NA
MB,cdcceu,ManyBabies Consortium (2020),148.48387096774192,3-6 mo,12,-0.30069119894959023,0.1685503166067863,hungarian,0.8387096774193549,0,typical,yes,2,eyetracking,looking_time,tape recording,eye-tracking,18.201612903225808,1,16,within_two,laboratory,unfamiliar mother,1,0,1,naturalistic,test_only,nonnative,NA,NA,NA,NA
MB,childlabmanchester,ManyBabies Consortium (2020),242.04761904761904,6-9 mo,11,-0.3054476740073742,0.18393859730810264,english,0.47619047619047616,0,typical,yes,1,eyetracking,looking_time,tape recording,eye-tracking,NaN,0.40476190476190477,16,within_two,laboratory,unfamiliar mother,1,0,1,naturalistic,test_only,nonnative,NA,NA,NA,NA
MB,chosunbaby,ManyBabies Consortium (2020),404.70319634703196,12-15 mo,30,0.6603488796153675,0.07030050535674393,korean,0.5707762557077626,0,typical,yes,1,hpp,looking_time,tape recording,behavior,15.68208092485549,1,16,within_two,laboratory,unfamiliar mother,1,0,1,naturalistic,test_only,nonnative,NA,NA,NA,NA
MB,chosunbaby,ManyBabies Consortium (2020),224.7584541062802,6-9 mo,28,0.17531489363381345,0.07170299385651638,korean,0.45893719806763283,0,typical,yes,2,hpp,looking_time,tape recording,behavior,15.904761904761905,1,16,within_two,laboratory,unfamiliar mother,1,0,1,naturalistic,test_only,nonnative,NA,NA,NA,NA
MB,chosunbaby,ManyBabies Consortium (2020),298.5507246376812,9-12 mo,19,0.5530360176286023,0.10928748469466451,korean,0.37681159420289856,0,typical,yes,3,hpp,looking_time,tape recording,behavior,15.431372549019608,1,16,within_two,laboratory,unfamiliar mother,1,0,1,naturalistic,test_only,nonnative,NA,NA,NA,NA
MB,cogdevlabbyu,ManyBabies Consortium (2020),134.14705882352942,3-6 mo,18,-0.20918516557389244,0.11171886713189134,english,0.29411764705882354,1,non-typical,yes,1,eyetracking,looking_time,tape recording,eye-tracking,15.647058823529411,1,16,within_two,laboratory,unfamiliar mother,1,0,1,naturalistic,test_only,native,NA,NA,NA,NA
MB,cogdevlabbyu,ManyBabies Consortium (2020),195.91666666666666,6-9 mo,10,0.024085946730085735,0.20001450332074713,english,0.25,1,non-typical,yes,2,eyetracking,looking_time,tape recording,eye-tracking,16,1,16,within_two,laboratory,unfamiliar mother,1,0,1,naturalistic,test_only,native,NA,NA,NA,NA
MB,dcnlabtennessee,ManyBabies Consortium (2020),405.93220338983053,12-15 mo,13,0.5372982055390684,0.15939787233991354,english,0.4915254237288136,1,typical,yes,1,eyetracking,looking_time,tape recording,eye-tracking,16.728813559322035,1,16,within_two,laboratory,unfamiliar mother,1,0,1,naturalistic,test_only,native,NA,NA,NA,NA
MB,earlysocogfm,ManyBabies Consortium (2020),226.26530612244898,6-9 mo,13,-0.21058061593175212,0.15469892684242686,english,0.3469387755102041,1,typical,yes,1,eyetracking,looking_time,tape recording,eye-tracking,NaN,1,16,within_two,laboratory,unfamiliar mother,1,0,1,naturalistic,test_only,native,NA,NA,NA,NA
MB,earlysocogfm,ManyBabies Consortium (2020),314.8125,9-12 mo,12,0.5088002978605677,0.17205995298131255,english,0.734375,1,typical,yes,2,eyetracking,looking_time,tape recording,eye-tracking,NaN,1,16,within_two,laboratory,unfamiliar mother,1,0,1,naturalistic,test_only,native,NA,NA,NA,NA
MB,escompicbsleipzig,ManyBabies Consortium (2020),155.04109589041096,3-6 mo,13,0.14265281736141971,0.1542374966596375,german,0.6164383561643836,0,typical,yes,1,eyetracking,looking_time,tape recording,eye-tracking,14.697787144362486,1,16,within_two,laboratory,unfamiliar mother,1,0,1,naturalistic,test_only,nonnative,NA,NA,NA,NA
MB,ethosrennes,ManyBabies Consortium (2020),145.7970479704797,3-6 mo,46,-0.21962754628970757,0.043740414451571945,french,0.5129151291512916,0,typical,yes,1,eyetracking,looking_time,tape recording,eye-tracking,14.84870848708487,0,16,within_two,laboratory,unfamiliar mother,1,0,1,naturalistic,test_only,nonnative,NA,NA,NA,NA
MB,ethosrennes,ManyBabies Consortium (2020),231.86666666666667,6-9 mo,41,0.10170560333879014,0.04884356115701529,french,0.5025641025641026,0,typical,yes,2,eyetracking,looking_time,tape recording,eye-tracking,15.879487179487178,0.9897435897435898,16,within_two,laboratory,unfamiliar mother,1,0,1,naturalistic,test_only,nonnative,NA,NA,NA,NA
MB,icclbc,ManyBabies Consortium (2020),227.61428571428573,6-9 mo,13,0.18144762444736356,0.1544792930849537,english,0.18571428571428572,1,typical,yes,1,singlescreen,looking_time,tape recording,eye-tracking,17.857142857142858,0,16,within_two,laboratory,unfamiliar mother,1,0,1,naturalistic,test_only,native,NA,NA,NA,NA
MB,infantcoglablouisville,ManyBabies Consortium (2020),323.59712230215825,9-12 mo,34,0.023185798534855348,0.05882748221510073,english,0.460431654676259,1,typical,yes,1,singlescreen,looking_time,tape recording,eye-tracking,16.73013468924109,1,16,within_two,laboratory,unfamiliar mother,1,0,1,naturalistic,test_only,native,NA,NA,NA,NA
MB,infantcogubc,ManyBabies Consortium (2020),138.04022988505747,3-6 mo,28,0.3353204198814508,0.07243249807133458,english,0.3793103448275862,1,typical,yes,1,singlescreen,looking_time,tape recording,eye-tracking,16.0396522800061,1,16,within_two,laboratory,unfamiliar mother,1,0,1,naturalistic,test_only,native,NA,NA,NA,NA
MB,infantcogubc,ManyBabies Consortium (2020),223.26666666666668,6-9 mo,10,-0.11125073718057026,0.2003094181630805,english,0.6444444444444445,1,typical,yes,2,eyetracking,looking_time,tape recording,eye-tracking,16.133333333333333,0,16,within_two,laboratory,unfamiliar mother,1,0,1,naturalistic,test_only,native,NA,NA,NA,NA
MB,infantlanglabutk,ManyBabies Consortium (2020),415.36842105263156,12-15 mo,33,0.5463652957320767,0.06286753815439697,english,0.44019138755980863,1,typical,yes,1,hpp,looking_time,tape recording,behavior,15.33732057416268,1,16,within_two,laboratory,unfamiliar mother,1,0,1,naturalistic,test_only,native,NA,NA,NA,NA
MB,infantlanglabutk,ManyBabies Consortium (2020),225.41150442477877,6-9 mo,32,0.5427216958610118,0.06480114718092385,english,0.5,1,typical,yes,2,hpp,looking_time,tape recording,behavior,16.353982300884958,1,16,within_two,laboratory,unfamiliar mother,1,0,1,naturalistic,test_only,native,NA,NA,NA,NA
MB,infantllmadison,ManyBabies Consortium (2020),410.09722222222223,12-15 mo,28,1.0479464756264494,0.08123385549801693,english,0.5694444444444444,1,typical,yes,1,hpp,looking_time,tape recording,behavior,16.611510791366904,1,16,within_two,laboratory,unfamiliar mother,1,0,1,naturalistic,test_only,native,NA,NA,NA,NA
MB,infantllmadison,ManyBabies Consortium (2020),226.2921348314607,6-9 mo,31,0.31458908423708354,0.0653142442896865,english,0.6067415730337079,1,typical,yes,2,hpp,looking_time,tape recording,behavior,17.225752292393132,1,16,within_two,laboratory,unfamiliar mother,1,0,1,naturalistic,test_only,native,NA,NA,NA,NA
MB,infantllmadison,ManyBabies Consortium (2020),315.84180790960454,9-12 mo,31,0.9317680678467752,0.07151767526015251,english,0.615819209039548,1,typical,yes,3,hpp,looking_time,tape recording,behavior,16.951977401129945,1,16,within_two,laboratory,unfamiliar mother,1,0,1,naturalistic,test_only,native,NA,NA,NA,NA
MB,infantstudiesubc,ManyBabies Consortium (2020),229.03658536585365,6-9 mo,20,0.5226703344421588,0.10341480348132348,english,0.35365853658536583,1,typical,yes,1,hpp,looking_time,tape recording,behavior,16.26027397260274,1,16,within_two,laboratory,unfamiliar mother,1,0,1,naturalistic,test_only,native,NA,NA,NA,NA
MB,irlconcordia,ManyBabies Consortium (2020),395.22727272727275,12-15 mo,16,1.0398180799369985,0.1418940881150604,english,0.4090909090909091,1,typical,yes,1,eyetracking,looking_time,tape recording,eye-tracking,15.454545454545455,1,16,within_two,laboratory,unfamiliar mother,1,0,1,naturalistic,test_only,native,NA,NA,NA,NA
MB,irlconcordia,ManyBabies Consortium (2020),227.63333333333333,6-9 mo,16,-0.10481754011964413,0.12517166744869895,english,0.25,1,typical,yes,2,eyetracking,looking_time,tape recording,eye-tracking,15.833333333333334,1,16,within_two,laboratory,unfamiliar mother,1,0,1,naturalistic,test_only,native,NA,NA,NA,NA
MB,islnotredame,ManyBabies Consortium (2020),409.8024691358025,12-15 mo,28,0.5127359572216238,0.07377587644489263,english,0.46296296296296297,1,typical,yes,1,hpp,looking_time,tape recording,behavior,15.280864197530864,1,16,within_two,laboratory,unfamiliar mother,1,0,1,naturalistic,test_only,native,NA,NA,NA,NA
MB,isplabmcgill,ManyBabies Consortium (2020),414.15384615384613,12-15 mo,11,1.2888490192314541,0.21957117714486094,french,0.2692307692307692,0,typical,yes,1,hpp,looking_time,tape recording,behavior,17.932692307692307,1,16,within_two,laboratory,unfamiliar mother,1,0,1,naturalistic,test_only,nonnative,NA,NA,NA,NA
MB,kokuhamburg,ManyBabies Consortium (2020),221.43243243243242,6-9 mo,13,-0.2895712652962874,0.15545868303240948,german,0.5675675675675675,0,typical,yes,1,eyetracking,looking_time,tape recording,eye-tracking,17.12162162162162,1,16,within_two,laboratory,unfamiliar mother,1,0,1,naturalistic,test_only,nonnative,NA,NA,NA,NA
MB,kyotobabylab,ManyBabies Consortium (2020),214.26,6-9 mo,10,-0.366800913782895,0.20336357275879918,japanese,0.68,0,typical,yes,1,eyetracking,looking_time,tape recording,eye-tracking,NaN,1,16,within_two,laboratory,unfamiliar mother,1,0,1,naturalistic,test_only,nonnative,NA,NA,NA,NA
MB,kyotobabylab,ManyBabies Consortium (2020),303.4864864864865,9-12 mo,14,0.256398579030209,0.14403107555944125,japanese,0.6081081081081081,0,typical,yes,2,eyetracking,looking_time,tape recording,eye-tracking,NaN,1,16,within_two,laboratory,unfamiliar mother,1,0,1,naturalistic,test_only,nonnative,NA,NA,NA,NA
MB,labunam,ManyBabies Consortium (2020),407.03846153846155,12-15 mo,11,0.24225746666046324,0.18315201545801696,spanish,0.7692307692307693,0,typical,yes,1,eyetracking,looking_time,tape recording,eye-tracking,14.471153846153847,1,16,within_two,laboratory,unfamiliar mother,1,0,1,naturalistic,test_only,nonnative,NA,NA,NA,NA
MB,labunam,ManyBabies Consortium (2020),225.47169811320754,6-9 mo,14,0.4177892608312915,0.14597406904403493,spanish,0.8490566037735849,0,typical,yes,2,eyetracking,looking_time,tape recording,eye-tracking,15.213515594917212,1,16,within_two,laboratory,unfamiliar mother,1,0,1,naturalistic,test_only,nonnative,NA,NA,NA,NA
MB,lancaster,ManyBabies Consortium (2020),412.85135135135135,12-15 mo,20,0.027512835596174887,0.10000946195153178,english,0.5405405405405406,0,typical,yes,1,singlescreen,looking_time,tape recording,eye-tracking,15.159842678499395,1,16,within_two,laboratory,unfamiliar mother,1,0,1,naturalistic,test_only,nonnative,NA,NA,NA,NA
MB,lancaster,ManyBabies Consortium (2020),222.82905982905982,6-9 mo,19,0.22717694507153685,0.10594222847857941,english,0.4358974358974359,0,typical,yes,2,eyetracking,looking_time,tape recording,eye-tracking,15.20900519869592,1,16,within_two,laboratory,unfamiliar mother,1,0,1,naturalistic,test_only,nonnative,NA,NA,NA,NA
MB,langlabucla,ManyBabies Consortium (2020),154.60663507109004,3-6 mo,29,0.42533286095719886,0.07052506933284514,english,0.6066350710900474,1,typical,yes,1,hpp,looking_time,tape recording,behavior,16.561611374407583,1,16,within_two,laboratory,unfamiliar mother,1,0,1,naturalistic,test_only,native,NA,NA,NA,NA
MB,langlabucla,ManyBabies Consortium (2020),324.2020725388601,9-12 mo,29,0.6318455950694779,0.07240714531041985,english,0.29015544041450775,1,typical,yes,2,hpp,looking_time,tape recording,behavior,17.17616580310881,1,16,within_two,laboratory,unfamiliar mother,1,0,1,naturalistic,test_only,native,NA,NA,NA,NA
MB,lcdfsu,ManyBabies Consortium (2020),312.9767441860465,9-12 mo,13,0.257895185369353,0.1551251908968595,english,0.27906976744186046,1,typical,yes,1,eyetracking,looking_time,tape recording,eye-tracking,16.685492801771872,1,16,within_two,laboratory,unfamiliar mother,1,0,1,naturalistic,test_only,native,NA,NA,NA,NA
MB,ldlottawa,ManyBabies Consortium (2020),412.70454545454544,12-15 mo,10,0.7076878133647777,0.21252055102962553,english,0.5227272727272727,1,typical,yes,1,singlescreen,looking_time,tape recording,eye-tracking,21.74074074074074,1,16,within_two,laboratory,unfamiliar mother,1,0,1,naturalistic,test_only,native,NA,NA,NA,NA
MB,ldlottawa,ManyBabies Consortium (2020),142.7037037037037,3-6 mo,12,0.2825562390875632,0.1683299589218189,english,0.7037037037037037,1,typical,yes,2,singlescreen,looking_time,tape recording,eye-tracking,19.69047619047619,1,16,within_two,laboratory,unfamiliar mother,1,0,1,naturalistic,test_only,native,NA,NA,NA,NA
MB,ldlottawa,ManyBabies Consortium (2020),245.15151515151516,6-9 mo,16,0.5350852940556281,0.1294736917486656,english,0.6212121212121212,1,typical,yes,3,singlescreen,looking_time,tape recording,eye-tracking,16.66189189189189,1,16,within_two,laboratory,unfamiliar mother,1,0,1,naturalistic,test_only,native,NA,NA,NA,NA
MB,ldlottawa,ManyBabies Consortium (2020),311.6326530612245,9-12 mo,15,0.25982181219607775,0.1344584562348809,english,0.5714285714285714,1,typical,yes,4,singlescreen,looking_time,tape recording,eye-tracking,17.739097744360905,1,16,within_two,laboratory,unfamiliar mother,1,0,1,naturalistic,test_only,native,NA,NA,NA,NA
MB,lllliv,ManyBabies Consortium (2020),397,12-15 mo,13,0.5927610212629129,0.1606031851601664,english,0.5128205128205128,0,typical,yes,1,eyetracking,looking_time,tape recording,eye-tracking,16.716562716562716,0.20512820512820512,16,within_two,laboratory,unfamiliar mother,1,0,1,naturalistic,test_only,nonnative,NA,NA,NA,NA
MB,lllliv,ManyBabies Consortium (2020),230,6-9 mo,16,0.31837995198014135,0.12658384052848246,english,0.4716981132075472,0,typical,yes,2,eyetracking,looking_time,tape recording,eye-tracking,16.830188679245282,0.05660377358490566,16,within_two,laboratory,unfamiliar mother,1,0,1,naturalistic,test_only,nonnative,NA,NA,NA,NA
MB,lppparisdescartes2,ManyBabies Consortium (2020),234.864406779661,6-9 mo,25,-0.05469479432512926,0.08002991520526269,french,0.3728813559322034,0,typical,yes,1,hpp,looking_time,tape recording,behavior,NaN,1,16,within_two,laboratory,unfamiliar mother,1,0,1,naturalistic,test_only,nonnative,NA,NA,NA,NA
MB,lscppsl,ManyBabies Consortium (2020),410.7692307692308,12-15 mo,11,0.13934810489207464,0.18225949759856847,french,0.38461538461538464,0,typical,yes,1,eyetracking,looking_time,tape recording,eye-tracking,17.134615384615387,1,16,within_two,laboratory,unfamiliar mother,1,0,1,naturalistic,test_only,nonnative,NA,NA,NA,NA
MB,madlabucsd,ManyBabies Consortium (2020),232.77941176470588,6-9 mo,10,0.14274992667470185,0.20050943853914083,english,0.3088235294117647,1,typical,yes,1,singlescreen,looking_time,tape recording,eye-tracking,16.53529411764706,1,16,within_two,laboratory,unfamiliar mother,1,0,1,naturalistic,test_only,native,NA,NA,NA,NA
MB,minddevlabbicocca,ManyBabies Consortium (2020),147.75342465753425,3-6 mo,11,0.49824023756776104,0.18746007578026316,italian,0.9452054794520548,0,typical,yes,1,singlescreen,looking_time,tape recording,eye-tracking,17.397260273972606,1,16,within_two,laboratory,unfamiliar mother,1,0,1,naturalistic,test_only,nonnative,NA,NA,NA,NA
MB,musdevutm,ManyBabies Consortium (2020),226.49769585253455,6-9 mo,30,0.19473312513925575,0.0669826749168875,english,0.43317972350230416,1,typical,yes,1,hpp,looking_time,tape recording,behavior,16.35439346379038,1,16,within_two,laboratory,unfamiliar mother,1,0,1,naturalistic,test_only,native,NA,NA,NA,NA
MB,pocdnorthwestern,ManyBabies Consortium (2020),413.6936936936937,12-15 mo,28,0.38346459778150715,0.07274147408706905,english,0.5585585585585585,1,typical,yes,1,eyetracking,looking_time,tape recording,eye-tracking,17.56756756756757,1,16,within_two,laboratory,unfamiliar mother,1,0,1,naturalistic,test_only,native,NA,NA,NA,NA
MB,purdueinfantspeech,ManyBabies Consortium (2020),395.77245508982037,12-15 mo,31,0.818275779793498,0.06991592944997305,english,0.4550898203592814,1,typical,yes,1,hpp,looking_time,tape recording,behavior,16.378582457726058,1,16,within_two,laboratory,unfamiliar mother,1,0,1,naturalistic,test_only,native,NA,NA,NA,NA
MB,purdueinfantspeech,ManyBabies Consortium (2020),309,9-12 mo,26,0.4990496242367993,0.07931779353318165,english,0.4678362573099415,1,typical,yes,2,hpp,looking_time,tape recording,behavior,15.948051265889273,1,16,within_two,laboratory,unfamiliar mother,1,0,1,naturalistic,test_only,native,NA,NA,NA,NA
MB,socialcogumiami,ManyBabies Consortium (2020),135.77586206896552,3-6 mo,18,-0.28437012832864705,0.1122342551373007,english,0.39655172413793105,1,typical,yes,1,eyetracking,looking_time,tape recording,eye-tracking,14.533575317604356,1,16,within_two,laboratory,unfamiliar mother,1,0,1,naturalistic,test_only,native,NA,NA,NA,NA
MB,trainorlab,ManyBabies Consortium (2020),242.41139240506328,6-9 mo,24,0.5282912274497675,0.08624053771875398,english,0.34177215189873417,1,typical,yes,1,hpp,looking_time,tape recording,behavior,15.765822784810126,1,16,within_two,laboratory,unfamiliar mother,1,0,1,naturalistic,test_only,native,NA,NA,NA,NA
MB,udssaarland,ManyBabies Consortium (2020),407.64220183486236,12-15 mo,17,0.33531696517250614,0.11930055098724264,german,0.26605504587155965,0,typical,yes,1,singlescreen,looking_time,tape recording,eye-tracking,14.283881613967848,1,16,within_two,laboratory,unfamiliar mother,1,0,1,naturalistic,test_only,nonnative,NA,NA,NA,NA
MB,udssaarland,ManyBabies Consortium (2020),239.75,6-9 mo,11,-0.024491295905108564,0.18183181417216163,german,0.3625,0,typical,yes,2,singlescreen,looking_time,tape recording,eye-tracking,15.198630136986301,1,16,within_two,laboratory,unfamiliar mother,1,0,1,naturalistic,test_only,nonnative,NA,NA,NA,NA
MB,udssaarland,ManyBabies Consortium (2020),310.94565217391306,9-12 mo,15,-0.2693459079769168,0.13454245363573183,german,0.5869565217391305,0,typical,yes,3,singlescreen,looking_time,tape recording,eye-tracking,14.880434782608695,1,16,within_two,laboratory,unfamiliar mother,1,0,1,naturalistic,test_only,nonnative,NA,NA,NA,NA
MB,unlvmusiclab,ManyBabies Consortium (2020),138.10852713178295,3-6 mo,20,0.8120149228839431,0.10824210293732771,english,0.6124031007751938,1,typical,yes,1,singlescreen,looking_time,tape recording,eye-tracking,15.090132164188589,1,16,within_two,laboratory,unfamiliar mother,1,0,1,naturalistic,test_only,native,NA,NA,NA,NA
MB,weescienceedinburgh,ManyBabies Consortium (2020),212.0950226244344,6-9 mo,32,0.02083591022472662,0.0625033916808976,english,0.46153846153846156,0,typical,yes,1,singlescreen,looking_time,tape recording,eye-tracking,18.18232044198895,1,16,within_two,laboratory,unfamiliar mother,1,0,1,naturalistic,test_only,nonnative,NA,NA,NA,NA
MB,weltentdeckerzurich,ManyBabies Consortium (2020),409.52517985611513,12-15 mo,30,0.2652589635012967,0.06725301931431485,swissgerman,0.38848920863309355,0,typical,yes,1,eyetracking,looking_time,tape recording,eye-tracking,15.79496402877698,0,16,within_two,laboratory,unfamiliar mother,1,0,1,naturalistic,test_only,nonnative,NA,NA,NA,NA
MB,wsigoettingen,ManyBabies Consortium (2020),407.735632183908,12-15 mo,15,0.41889160406613524,0.13625783626595167,german,0.1724137931034483,0,typical,yes,1,singlescreen,looking_time,tape recording,eye-tracking,16.89655172413793,0.5747126436781609,16,within_two,laboratory,unfamiliar mother,1,0,1,naturalistic,test_only,nonnative,NA,NA,NA,NA
MB,wsigoettingen,ManyBabies Consortium (2020),147.4777777777778,3-6 mo,12,-0.3841716342015899,0.16974141342760665,german,0.4777777777777778,0,typical,yes,2,singlescreen,looking_time,tape recording,eye-tracking,17.25,1,16,within_two,laboratory,unfamiliar mother,1,0,1,naturalistic,test_only,nonnative,NA,NA,NA,NA
MB,wsigoettingen,ManyBabies Consortium (2020),221.7594936708861,6-9 mo,31,0.2879483193088247,0.06518479221445787,german,0.45147679324894513,0,typical,yes,3,singlescreen,looking_time,tape recording,eye-tracking,15.738040440572085,1,16,within_two,laboratory,unfamiliar mother,1,0,1,naturalistic,test_only,nonnative,NA,NA,NA,NA
MB,wsigoettingen,ManyBabies Consortium (2020),312.6701030927835,9-12 mo,30,0.2844136877933894,0.06734075954836863,german,0.5309278350515464,0,typical,yes,4,singlescreen,looking_time,tape recording,eye-tracking,17.02319587628866,0.8041237113402062,16,within_two,laboratory,unfamiliar mother,1,0,1,naturalistic,test_only,nonnative,NA,NA,NA,NA
MA,Cooper1990,Cooper & Aslin (1990),34,0-3 mo,12,0.72,0.1774666667,english,0.583333333,1,typical,yes,1,CF,looking_time,Tape recording,eye-tracking,NA,NA,NA,within_two,Laboratory,Unfamiliar female,0,0,1,Simulated,test_only,native,reported_d,infant_controlled,0.72,0.1774666667
MA,Cooper1990,Cooper & Aslin (1990),2,0-3 mo,16,0.72,0.1331,english,0.4375,1,typical,yes,2,CF,looking_time,Tape recording,eye-tracking,NA,NA,NA,within_two,Hospital room,Unfamiliar female,0,0,1,Simulated,test_only,native,reported_d,infant_controlled,0.72,0.1331
MA,Cooper1994,Cooper & Aslin (1994),35,0-3 mo,12,-0.04,0.1667,english,0.666666667,1,typical,yes,1,CF,looking_time,Tape recording,eye-tracking,NA,NA,NA,within_two,Laboratory,Unfamiliar mother,1,0,1,Filtered,test_only,native,reported_d,infant_controlled,-0.04,0.1667
MA,Cooper1994,Cooper & Aslin (1994),35,0-3 mo,10,0.27,0.2018225,english,0.55,1,typical,no,2,CF,looking_time,Tape recording,eye-tracking,NA,NA,3,between,Laboratory,Unfamiliar mother,1,0,1,Filtered,test_only,native,reported_d,infant_controlled,0.27,0.2018225
MA,Cooper1994,Cooper & Aslin (1994),35,0-3 mo,10,1.24,0.23844,english,0.4,1,typical,yes,3,CF,looking_time,Tape recording,eye-tracking,NA,NA,NA,within_two,Laboratory,Unfamiliar female,0,0,1,Filtered,test_only,native,reported_d,infant_controlled,1.24,0.23844
MA,Cooper1994,Cooper & Aslin (1994),35,0-3 mo,10,-0.28,0.20196,english,0.4,1,typical,yes,3,CF,looking_time,Tape recording,eye-tracking,NA,NA,NA,within_two,Laboratory,Unfamiliar female,0,0,1,Filtered,test_only,native,reported_d,infant_controlled,-0.28,0.20196
MA,Cooper1997,Cooper et al. (1997),38.7,0-3 mo,20,-0.36,0.10162,english,0.4,1,typical,yes,1,CF,looking_time,Tape recording,eye-tracking,NA,NA,10,within_two,Laboratory,Child’s mother,1,1,1,Naturalistic,test_only,native,reported_d,infant_controlled,-0.36,0.10162
MA,Cooper1997,Cooper et al. (1997),42.7,0-3 mo,20,0.45,0.10253125,english,0.2,1,typical,yes,2,CF,looking_time,Tape recording,eye-tracking,NA,NA,10,within_two,Laboratory,Unfamiliar mother,1,0,1,Naturalistic,test_only,native,reported_d,infant_controlled,0.45,0.10253125
MA,Cooper1997,Cooper et al. (1997),126,3-6 mo,23,0.34,0.08821304348,english,0.47826087,1,typical,yes,3,CF,looking_time,Tape recording,eye-tracking,NA,NA,10,within_two,Laboratory,Child’s mother,1,1,1,Naturalistic,test_only,native,reported_d,infant_controlled,0.34,0.08821304348
MA,Fernald1985,Fernald (1985),123,3-6 mo,48,0.65,0.0438671875,english,0.4375,1,typical,yes,1,CHT,target_selection,Tape recording,behavior,NA,NA,15,within_two,Laboratory,Unfamiliar mother,1,0,1,Naturalistic,conditioning,native,reported_d,infant_controlled,0.65,0.0438671875
MA,Fernald1987,Fernald & Kuhl (1987),124,3-6 mo,20,1.54,0.129645,english,0.45,1,typical,yes,1,CHT,target_selection,Tape recording,behavior,NA,NA,15,within_two,Laboratory,Unfamiliar mother,1,0,1,Synthesized,conditioning,native,reported_d,infant_controlled,1.54,0.129645
MA,Fernald1987,Fernald & Kuhl (1987),122,3-6 mo,20,0,0.1,english,0.5,1,typical,yes,2,CHT,target_selection,Tape recording,behavior,NA,NA,15,within_two,Laboratory,Unfamiliar mother,1,0,1,Synthesized,conditioning,native,reported_d,infant_controlled,0,0.1
MA,Fernald1987,Fernald & Kuhl (1987),125,3-6 mo,20,0.8,0.108,english,0.5,1,typical,yes,3,CHT,target_selection,Tape recording,behavior,NA,NA,15,within_two,Laboratory,Unfamiliar mother,1,0,1,Synthesized,conditioning,native,reported_d,infant_controlled,0.8,0.108
MA,Glenn1983,Glenn & Cunningham (1983),377,9-12 mo,10,2.56,0.36384,english,0.5,1,non-typical,yes,2,FC,target_selection,Tape recording,behavior,NA,NA,NA,within_two,Home,Child’s mother,1,0,1,Naturalistic,conditioning,native,reported_d,infant_controlled,2.56,0.36384
MA,Glenn1983,Glenn & Cunningham (1983),283,6-9 mo,10,2.39,0.3428025,english,0.5,1,typical,yes,1,FC,target_selection,Tape recording,behavior,NA,NA,NA,within_two,Home,Child’s mother,1,0,1,Naturalistic,conditioning,native,reported_d,infant_controlled,2.39,0.3428025
MA,Kaplan1995a,Kaplan et al. (1995a),124,3-6 mo,38.5,0.76,0.05361,english,NA,1,typical,yes,1,CF,looking_time,Tape recording,eye-tracking,NA,NA,10,between,Laboratory,Unfamiliar mother; Unfamiliar female,1,0,1,Simulated,test_only,native,reported_d,infant_controlled,0.76,0.05361
MA,Kaplan1995a,Kaplan et al. (1995a),126,3-6 mo,26,0.82,0.08338846154,english,NA,1,typical,yes,2,CF,looking_time,Tape recording,eye-tracking,NA,NA,NA,within_two,Laboratory,Unfamiliar mother; Unfamiliar female,0,0,1,Simulated,test_only,native,reported_d,infant_controlled,0.82,0.08338846154
MA,Kaplan1995b,Kaplan et al. (1995b),124,3-6 mo,15,0.29291908132606903,0.13476335980341514,english,0.6,1,typical,no,1,CF,looking_time,Tape recording,eye-tracking,NA,NA,NA,between,Laboratory,Unfamiliar mother,1,0,1,Simulated,familiarization,native,classic_cohen_d,fixed_length,0.44,0.13656
MA,Kaplan1995b,Kaplan et al. (1995b),124,3-6 mo,15,1.2992082504664462,0.16146570130133472,english,0.6,1,typical,no,1,CF,looking_time,Tape recording,eye-tracking,NA,NA,NA,between,Laboratory,Unfamiliar mother,1,0,1,Simulated,familiarization,native,classic_cohen_d,fixed_length,0.88,0.14624
MA,Kaplan1995b,Kaplan et al. (1995b),121,3-6 mo,20,0.2543574521214738,0.1008087214181216,english,0.55,1,typical,no,2,CF,looking_time,Tape recording,eye-tracking,NA,NA,NA,between,Laboratory,Unfamiliar female,0,0,1,Simulated,familiarization,native,classic_cohen_d,fixed_length,0.14,0.100245
MA,Kaplan1995b,Kaplan et al. (1995b),121,3-6 mo,20,0.6616624937843208,0.10547246569601108,english,0.55,1,typical,no,2,CF,looking_time,Tape recording,eye-tracking,NA,NA,NA,between,Laboratory,Unfamiliar female,0,0,1,Simulated,familiarization,native,classic_cohen_d,fixed_length,0.36,0.10162
MA,Pegg1989,Pegg et al. (1989),49,0-3 mo,24,0.56,0.0866,english,NA,0,typical,yes,1,CF,looking_time,Tape recording,eye-tracking,NA,NA,NA,within_two,Laboratory,Unfamiliar female,0,0,1,Simulated,habituation,native,reported_d,infant_controlled,0.56,0.0866
MA,Pegg1989,Pegg et al. (1989),49,0-3 mo,24,1.15,0.097109375,english,NA,0,typical,yes,1,CF,looking_time,Tape recording,eye-tracking,NA,NA,NA,within_two,Laboratory,Unfamiliar male,0,0,0,Simulated,habituation,native,reported_d,infant_controlled,1.15,0.097109375
MA,Pegg1992,Pegg et al. (1992),49,0-3 mo,24,0.46,0.0855375,english,NA,0,typical,yes,1,CF,looking_time,Tape recording,eye-tracking,NA,NA,NA,within_two,Laboratory,Unfamiliar female,0,0,1,Simulated,habituation,native,reported_d,infant_controlled,0.46,0.0855375
MA,Pegg1992,Pegg et al. (1992),49,0-3 mo,24,1.15,0.097109375,english,NA,0,typical,yes,2,CF,looking_time,Tape recording,eye-tracking,NA,NA,NA,within_two,Laboratory,Unfamiliar male,1,0,0,Simulated,habituation,native,reported_d,infant_controlled,1.15,0.097109375
MA,Schachner2011,Schachner & Hannon (2011),158.2,3-6 mo,20,0.31,0.10120125,english,0.5,1,typical,no,1,FC,target_selection,Video recording,behavior,NA,NA,NA,within_two,Laboratory,Unfamiliar females,0,0,1,Simulated,familiarization,native,reported_d,fixed_length,0.31,0.10120125
MA,Schachner2011,Schachner & Hannon (2011),158.2,3-6 mo,20,1.26,0.119845,english,0.5,1,typical,no,1,FC,target_selection,Video recording,behavior,NA,NA,NA,within_two,Laboratory,Unfamiliar females,0,0,1,Simulated,familiarization,native,reported_d,fixed_length,1.26,0.119845
MA,Singh2002,Singh et al. (2002),179,3-6 mo,12,-0.16,0.1672,english,0.388888889,1,typical,yes,2,HPP,looking_time,Tape recording,behavior,NA,NA,NA,within_two,Laboratory,Unfamiliar mother,1,0,1,Simulated,familiarization,native,reported_d,infant_controlled,-0.16,0.1672
MA,Singh2002,Singh et al. (2002),179,3-6 mo,12,-0.3,0.1685416667,english,0.388888889,1,typical,yes,2,HPP,looking_time,Tape recording,behavior,NA,NA,NA,within_two,Laboratory,Unfamiliar mother,1,0,1,Simulated,familiarization,native,reported_d,infant_controlled,-0.3,0.1685416667
MA,Singh2002,Singh et al. (2002),179,3-6 mo,12,-0.54,0.1727416667,english,0.388888889,1,typical,yes,2,HPP,looking_time,Tape recording,behavior,NA,NA,NA,within_two,Laboratory,Unfamiliar mother,1,0,1,Simulated,familiarization,native,reported_d,infant_controlled,-0.54,0.1727416667
MA,Singh2002,Singh et al. (2002),189,3-6 mo,24,0.24,0.08393333333,english,0.541666667,1,typical,yes,2,HPP,looking_time,Tape recording,behavior,NA,NA,NA,within_two,Laboratory,Unfamiliar mother,1,0,1,Simulated,familiarization,native,reported_d,infant_controlled,0.24,0.08393333333
MA,Singh2002,Singh et al. (2002),187,3-6 mo,14,0.06386615416980143,0.142929980100865,english,0.428571429,1,typical,no,3,HPP,looking_time,Tape recording,behavior,NA,NA,NA,between,Laboratory,Unfamiliar mother,1,0,1,Simulated,familiarization,native,classic_cohen_d,infant_controlled,0.5,0.1473214286
MA,Singh2002,Singh et al. (2002),187,3-6 mo,14,0.07669050767284759,0.14296216846369855,english,0.428571429,1,typical,no,3,HPP,looking_time,Tape recording,behavior,NA,NA,NA,between,Laboratory,Unfamiliar mother,1,0,1,Simulated,familiarization,native,classic_cohen_d,infant_controlled,0.61,0.1495017857
MA,Singh2009,Singh et al. (2009),224,6-9 mo,16,0.3308787973016572,0.12671063716412173,english,0.375,1,typical,no,1,HPP,looking_time,Tape recording,behavior,NA,NA,8,between,Laboratory,Unfamiliar mother,1,0,1,Simulated,familiarization,native,classic_cohen_d,infant_controlled,0.29,0.1263140625
MA,Singh2009,Singh et al. (2009),224,6-9 mo,16,0.3569152156654577,0.12699044486208624,english,0.375,1,typical,no,1,HPP,looking_time,Tape recording,behavior,NA,NA,8,between,Laboratory,Unfamiliar mother,1,0,1,Simulated,familiarization,native,classic_cohen_d,infant_controlled,0.29,0.1263140625
MA,Trainor1996,Trainor et al. (1996),179,3-6 mo,60,2.27,0.05480375,english,NA,0,typical,yes,1,HPP,looking_time,Tape recording,behavior,NA,NA,NA,within_two,Laboratory,Unfamiliar mother,1,0,1,Naturalistic,test_only,native,reported_d,infant_controlled,2.27,0.05480375
MA,Trainor1996,Trainor et al. (1996),179,3-6 mo,60,1.94,0.049015,english,NA,0,typical,yes,2,HPP,looking_time,Tape recording,behavior,NA,NA,NA,within_two,Laboratory,Unfamiliar mother,1,0,1,Naturalistic,test_only,native,reported_d,infant_controlled,1.94,0.049015
MA,Werker1989,Werker & McLeod (1989),154,3-6 mo,12,3.15,0.3733854167,english,NA,0,typical,yes,1,CF,looking_time,Video recording,eye-tracking,NA,NA,4,within_two,Laboratory,Unfamiliar female,0,0,NA,Simulated,test_only,native,reported_d,fixed_length,3.15,0.3733854167
MA,Werker1989,Werker & McLeod (1989),134,3-6 mo,16,0.66,0.13180625,english,NA,0,typical,yes,2,CF,looking_time,Video recording,eye-tracking,NA,NA,4,within_two,Laboratory living room like setting,Unfamiliar female,0,0,NA,Simulated,test_only,native,reported_d,fixed_length,0.66,0.13180625
MA,Werker1989,Werker & McLeod (1989),134,3-6 mo,16,0.54,0.12955625,english,NA,0,typical,yes,2,CF,facial_expression,Video recording,other,NA,NA,4,within_two,Laboratory living room like setting,Unfamiliar female,0,0,NA,Simulated,test_only,native,reported_d,fixed_length,0.54,0.12955625
MA,Werker1989,Werker & McLeod (1989),253,6-9 mo,16,1.27,0.1502015625,english,NA,0,typical,yes,3,CF,looking_time,Video recording,eye-tracking,NA,NA,4,within_two,Laboratory living room like setting,Unfamiliar female,0,0,NA,Simulated,test_only,native,reported_d,fixed_length,1.27,0.1502015625
MA,Werker1989,Werker & McLeod (1989),253,6-9 mo,16,1.17,0.1463890625,english,NA,0,typical,yes,3,CF,facial_expression,Video recording,other,NA,NA,4,within_two,Laboratory living room like setting,Unfamiliar female,0,0,NA,Simulated,test_only,native,reported_d,fixed_length,1.17,0.1463890625
MA,Werker1989,Werker & McLeod (1989),139,3-6 mo,16,1.15,0.1456640625,english,NA,0,typical,yes,4,CF,facial_expression,Tape recording,other,NA,NA,4,within_two,Laboratory,Unfamiliar female,0,0,1,Simulated,test_only,native,reported_d,fixed_length,1.15,0.1456640625
MA,Werker1994,Werker et al. (1994),131.6,3-6 mo,10,0.62,0.20961,english,NA,0,typical,yes,1,CF,looking_time,Video recording,eye-tracking,NA,NA,4,within_two,Laboratory living room like setting,Unfamiliar mother,1,0,1,Naturalistic,test_only,native,reported_d,fixed_length,0.62,0.20961
MA,Werker1994,Werker et al. (1994),131.6,3-6 mo,10,0.72,0.21296,english,NA,0,typical,yes,1,CF,facial_expression,Video recording,other,NA,NA,4,within_two,Laboratory living room like setting,Unfamiliar mother,1,0,1,Naturalistic,test_only,native,reported_d,fixed_length,0.72,0.21296
MA,Werker1994,Werker et al. (1994),284.8,6-9 mo,10,0.73,0.2133225,english,NA,0,typical,yes,2,CF,looking_time,Video recording,eye-tracking,NA,NA,4,within_two,Laboratory living room like setting,Unfamiliar mother,1,0,1,Naturalistic,test_only,native,reported_d,fixed_length,0.73,0.2133225
MA,Werker1994,Werker et al. (1994),284.8,6-9 mo,10,0.53,0.2070225,english,NA,0,typical,yes,2,CF,facial_expression,Video recording,other,NA,NA,4,within_two,Laboratory living room like setting,Unfamiliar mother,1,0,1,Naturalistic,test_only,native,reported_d,fixed_length,0.53,0.2070225
MA,Werker1994,Werker et al. (1994),131.6,3-6 mo,10,0.24,0.20144,cantonese,NA,0,typical,yes,3,CF,looking_time,Video recording,eye-tracking,NA,NA,4,within_two,Laboratory living room like setting,Unfamiliar mother,1,0,1,Naturalistic,test_only,native,reported_d,fixed_length,0.24,0.20144
MA,Werker1994,Werker et al. (1994),131.6,3-6 mo,10,0.74,0.21369,cantonese,NA,0,typical,yes,3,CF,facial_expression,Video recording,other,NA,NA,4,within_two,Laboratory living room like setting,Unfamiliar mother,1,0,1,Naturalistic,test_only,native,reported_d,fixed_length,0.74,0.21369
MA,Werker1994,Werker et al. (1994),284.8,6-9 mo,10,0.4,0.204,cantonese,NA,0,typical,yes,4,CF,looking_time,Video recording,eye-tracking,NA,NA,4,within_two,Laboratory living room like setting,Unfamiliar mother,1,0,1,Naturalistic,test_only,native,reported_d,fixed_length,0.4,0.204
MA,Werker1994,Werker et al. (1994),284.8,6-9 mo,10,1.23,0.2378225,cantonese,NA,0,typical,yes,4,CF,facial_expression,Video recording,other,NA,NA,4,within_two,Laboratory living room like setting,Unfamiliar mother,1,0,1,Naturalistic,test_only,native,reported_d,fixed_length,1.23,0.2378225
