"","study_type","study_id","short_cite","mean_age","age_group","n","d_calc","d_var_calc","native_lang","prop_nae","infant_type","main_question_ids_preference","same_infant","method","dependent_measure","presentation","response_mode","num_trials","participant_design","setting","speaker","speaker_experience","speaker_fam","speaker_female","speech_type","exposure_phase","test_lang","original_ma","group_name_1","group_name_2","t","n_1","n_2","mean_age_1","mean_age_2","x_1","x_2","sd_1","sd_2","r","corr","gender_1","prop_female","own_mother","isMeta","isRep","mean_agec","unique","yi","vi","sei","lo","hi","pval","affirm","studyTypePretty","sourcePretty"
"1","MB","babylabbrookes","ManyBabies Consortium (2020)",410.25,"12-15 mo",16,0.268025809996838,0.126122466169132,"english",0,"typical","a.yes","1","a.cf","a.preference","a.tape recording","eye-tracking",16,"within_two","laboratory","unfamiliar mother",1,0,1,"b.naturalistic","test_only","b.nonnative",NA,NA,NA,NA,NA,NA,NA,NA,NA,NA,NA,NA,NA,NA,NA,NA,"a.no",FALSE,TRUE,22.1662581699346,"babylabbrookes, #1",0.268025809996838,0.126122466169132,0.355137249762866,-0.428030409106985,0.96408202910066,0.450422707248928,FALSE,"Replications","Replications"
"2","MB","babylabbrookes","ManyBabies Consortium (2020)",138.888888888889,"3-6 mo",20,0.674079035822965,0.1056797818317,"english",0,"typical","a.yes","2","a.cf","a.preference","a.tape recording","eye-tracking",16,"within_two","laboratory","unfamiliar mother",1,0,1,"b.naturalistic","test_only","b.nonnative",NA,NA,NA,NA,NA,NA,NA,NA,NA,NA,NA,NA,NA,NA,NA,NA,"a.no",FALSE,TRUE,-0.447167755991286,"babylabbrookes, #2",0.674079035822965,0.1056797818317,0.325084268816103,0.0369255770028666,1.31123249464306,0.0381209655857786,TRUE,"Replications","Replications"
"3","MB","babylabbrookes","ManyBabies Consortium (2020)",231.122807017544,"6-9 mo",15,0.574899581408515,0.138841825478395,"english",0,"typical","a.yes","3","a.cf","a.preference","a.tape recording","eye-tracking",16,"within_two","laboratory","unfamiliar mother",1,0,1,"b.naturalistic","test_only","b.nonnative",NA,NA,NA,NA,NA,NA,NA,NA,NA,NA,NA,NA,NA,NA,NA,NA,"a.no",FALSE,TRUE,7.23899208806329,"babylabbrookes, #3",0.574899581408515,0.138841825478395,0.372614848708951,-0.155412102165871,1.3052112649829,0.122860165436868,FALSE,"Replications","Replications"
"4","MB","babylabkingswood","ManyBabies Consortium (2020)",414.091954022988,"12-15 mo",15,0.426750478150088,0.136368599510022,"english",0,"typical","a.yes","1","b.hpp","a.preference","a.tape recording","behavior",16,"within_two","laboratory","unfamiliar mother",1,0,1,"b.naturalistic","test_only","b.nonnative",NA,NA,NA,NA,NA,NA,NA,NA,NA,NA,NA,NA,NA,NA,NA,NA,"a.no",FALSE,TRUE,22.4864210051837,"babylabkingswood, #1",0.426750478150088,0.136368599510022,0.369281193008826,-0.297027360315196,1.15052831661537,0.247834689012827,FALSE,"Replications","Replications"
"5","MB","babylabkingswood","ManyBabies Consortium (2020)",218.326923076923,"6-9 mo",15,0.349978610572626,0.135374750464306,"english",0,"typical","a.yes","2","b.hpp","a.preference","a.tape recording","behavior",16,"within_two","laboratory","unfamiliar mother",1,0,1,"b.naturalistic","test_only","b.nonnative",NA,NA,NA,NA,NA,NA,NA,NA,NA,NA,NA,NA,NA,NA,NA,NA,"a.no",FALSE,TRUE,6.1726684263449,"babylabkingswood, #2",0.349978610572626,0.135374750464306,0.367933078785131,-0.37115697256717,1.07111419371242,0.341501939702766,FALSE,"Replications","Replications"
"6","MB","babylabkonstanz","ManyBabies Consortium (2020)",231.926315789474,"6-9 mo",15,0.841438136317581,0.145133635620827,"german",0,"typical","a.yes","1","b.hpp","a.preference","a.tape recording","behavior",16,"within_two","laboratory","unfamiliar mother",1,0,1,"b.naturalistic","test_only","b.nonnative",NA,NA,NA,NA,NA,NA,NA,NA,NA,NA,NA,NA,NA,NA,NA,NA,"a.no",FALSE,TRUE,7.30595115239078,"babylabkonstanz, #1",0.841438136317581,0.145133635620827,0.38096408704867,0.094762246299006,1.58811402633616,0.027195010695908,TRUE,"Replications","Replications"
"7","MB","babylablangessex","ManyBabies Consortium (2020)",229.243902439024,"6-9 mo",11,0.624972870037333,0.190695252006425,"english",0,"typical","a.yes","1","a.cf","a.preference","a.tape recording","eye-tracking",16,"within_two","laboratory","unfamiliar mother",1,0,1,"b.naturalistic","test_only","b.nonnative",NA,NA,NA,NA,NA,NA,NA,NA,NA,NA,NA,NA,NA,NA,NA,NA,"a.no",FALSE,TRUE,7.08241670652001,"babylablangessex, #1",0.624972870037333,0.190695252006425,0.436686674867032,-0.230917285230602,1.48086302530527,0.152381498230407,FALSE,"Replications","Replications"
"8","MB","babylableiden","ManyBabies Consortium (2020)",324.708333333333,"9-12 mo",15,1.12166673732002,0.154302271160169,"dutch",0,"typical","a.yes","1","b.hpp","a.preference","a.tape recording","behavior",16,"within_two","laboratory","unfamiliar mother",1,0,1,"b.naturalistic","test_only","b.nonnative",NA,NA,NA,NA,NA,NA,NA,NA,NA,NA,NA,NA,NA,NA,NA,NA,"a.no",FALSE,TRUE,15.0377859477124,"babylableiden, #1",1.12166673732002,0.154302271160169,0.39281327772896,0.351766860322126,1.89156661431791,0.00429731111439735,TRUE,"Replications","Replications"
"9","MB","babylablmu","ManyBabies Consortium (2020)",409.482142857143,"12-15 mo",21,0.584624158806781,0.099306969131673,"german",0,"typical","a.yes","1","a.cf","a.preference","a.tape recording","eye-tracking",16,"within_two","laboratory","unfamiliar mother",1,0,1,"b.naturalistic","test_only","b.nonnative",NA,NA,NA,NA,NA,NA,NA,NA,NA,NA,NA,NA,NA,NA,NA,NA,"a.no",FALSE,TRUE,22.1022700746965,"babylablmu, #1",0.584624158806781,0.099306969131673,0.315130082873205,-0.0330194540698231,1.20226777168339,0.0635700140655591,FALSE,"Replications","Replications"
"10","MB","babylablmu","ManyBabies Consortium (2020)",324.384615384615,"9-12 mo",16,0.565443309463076,0.129995720878384,"german",0,"typical","a.yes","2","a.cf","a.preference","a.tape recording","eye-tracking",16,"within_two","laboratory","unfamiliar mother",1,0,1,"b.naturalistic","test_only","b.nonnative",NA,NA,NA,NA,NA,NA,NA,NA,NA,NA,NA,NA,NA,NA,NA,NA,"a.no",FALSE,TRUE,15.0108094519859,"babylablmu, #2",0.565443309463076,0.129995720878384,0.360549193423566,-0.141220124302078,1.27210674322823,0.116815011751852,FALSE,"Replications","Replications"
"11","MB","babylabnijmegen","ManyBabies Consortium (2020)",234.631016042781,"6-9 mo",27,0.487940311030265,0.0762785717326695,"dutch",0,"typical","a.yes","1","b.hpp","a.preference","a.tape recording","behavior",16,"within_two","laboratory","unfamiliar mother",1,0,1,"b.naturalistic","test_only","b.nonnative",NA,NA,NA,NA,NA,NA,NA,NA,NA,NA,NA,NA,NA,NA,NA,NA,"a.no",FALSE,TRUE,7.53134284016637,"babylabnijmegen, #1",0.487940311030265,0.0762785717326695,0.276185755846802,-0.0533738234724406,1.02925444553297,0.0772767020280667,FALSE,"Replications","Replications"
"12","MB","babylabnijmegen","ManyBabies Consortium (2020)",333.912,"9-12 mo",22,-0.0246617250735111,0.0909160022804955,"dutch",0,"typical","a.yes","2","b.hpp","a.preference","a.tape recording","behavior",16,"within_two","laboratory","unfamiliar mother",1,0,1,"b.naturalistic","test_only","b.nonnative",NA,NA,NA,NA,NA,NA,NA,NA,NA,NA,NA,NA,NA,NA,NA,NA,"a.no",FALSE,TRUE,15.8047581699346,"babylabnijmegen, #2",-0.0246617250735111,0.0909160022804955,0.301522805572805,-0.615635564513682,0.566312114366659,0.934813247251667,FALSE,"Replications","Replications"
"13","MB","babylabparisdescartes1","ManyBabies Consortium (2020)",406.116279069767,"12-15 mo",15,0.54085485444389,0.138208732892925,"french",0,"typical","a.yes","1","b.hpp","a.preference","a.tape recording","behavior",16,"within_two","laboratory","unfamiliar mother",1,0,1,"b.naturalistic","test_only","b.nonnative",NA,NA,NA,NA,NA,NA,NA,NA,NA,NA,NA,NA,NA,NA,NA,NA,"a.no",FALSE,TRUE,21.8217814257486,"babylabparisdescartes1, #1",0.54085485444389,0.138208732892925,0.371764351293834,-0.187789884827921,1.2694995937157,0.145715642980141,FALSE,"Replications","Replications"
"14","MB","babylabplymouth","ManyBabies Consortium (2020)",317.072727272727,"9-12 mo",26,0.636359350332156,0.0808168579111073,"english",0,"typical","a.yes","1","b.hpp","a.preference","a.tape recording","behavior",16,"within_two","laboratory","unfamiliar mother",1,0,1,"b.naturalistic","test_only","b.nonnative",NA,NA,NA,NA,NA,NA,NA,NA,NA,NA,NA,NA,NA,NA,NA,NA,"a.no",FALSE,TRUE,14.4014854426619,"babylabplymouth, #1",0.636359350332156,0.0808168579111073,0.28428305948668,0.0791747923234049,1.19354390834091,0.0251903643250107,TRUE,"Replications","Replications"
"15","MB","babylabpotsdam","ManyBabies Consortium (2020)",306.996632996633,"9-12 mo",45,0.566876383705669,0.0462297157466845,"german",0,"typical","a.yes","1","b.hpp","a.preference","a.tape recording","behavior",16,"within_two","laboratory","unfamiliar mother",1,0,1,"b.naturalistic","test_only","b.nonnative",NA,NA,NA,NA,NA,NA,NA,NA,NA,NA,NA,NA,NA,NA,NA,NA,"a.no",FALSE,TRUE,13.5618109196541,"babylabpotsdam, #1",0.566876383705669,0.0462297157466845,0.215010966573067,0.145462632941312,0.988290134470025,0.00837662342561818,TRUE,"Replications","Replications"
"16","MB","babylabpotsdam","ManyBabies Consortium (2020)",306.996632996633,"9-12 mo",45,0.566876383705669,0.0462297157466845,"german",0,"typical","a.yes","2","b.hpp","a.preference","a.tape recording","eye-tracking",16,"within_two","laboratory","unfamiliar mother",1,0,1,"b.naturalistic","test_only","b.nonnative",NA,NA,NA,NA,NA,NA,NA,NA,NA,NA,NA,NA,NA,NA,NA,NA,"a.no",FALSE,TRUE,13.5618109196541,"babylabpotsdam, #2",0.566876383705669,0.0462297157466845,0.215010966573067,0.145462632941312,0.988290134470025,0.00837662342561818,TRUE,"Replications","Replications"
"17","MB","babylabpotsdam","ManyBabies Consortium (2020)",306.996632996633,"9-12 mo",45,0.566876383705669,0.0462297157466845,"german",0,"typical","a.yes","3","a.cf","a.preference","a.tape recording","behavior",16,"within_two","laboratory","unfamiliar mother",1,0,1,"b.naturalistic","test_only","b.nonnative",NA,NA,NA,NA,NA,NA,NA,NA,NA,NA,NA,NA,NA,NA,NA,NA,"a.no",FALSE,TRUE,13.5618109196541,"babylabpotsdam, #3",0.566876383705669,0.0462297157466845,0.215010966573067,0.145462632941312,0.988290134470025,0.00837662342561818,TRUE,"Replications","Replications"
"18","MB","babylabpotsdam","ManyBabies Consortium (2020)",306.996632996633,"9-12 mo",45,0.566876383705669,0.0462297157466845,"german",0,"typical","a.yes","4","a.cf","a.preference","a.tape recording","eye-tracking",16,"within_two","laboratory","unfamiliar mother",1,0,1,"b.naturalistic","test_only","b.nonnative",NA,NA,NA,NA,NA,NA,NA,NA,NA,NA,NA,NA,NA,NA,NA,NA,"a.no",FALSE,TRUE,13.5618109196541,"babylabpotsdam, #4",0.566876383705669,0.0462297157466845,0.215010966573067,0.145462632941312,0.988290134470025,0.00837662342561818,TRUE,"Replications","Replications"
"19","MB","babylabprinceton","ManyBabies Consortium (2020)",414.016949152542,"12-15 mo",14,0.661734803794448,0.150676659831301,"english",1,"non-typical","a.yes","1","b.hpp","a.preference","a.tape recording","behavior",16,"within_two","laboratory","unfamiliar mother",1,0,1,"b.naturalistic","test_only","a.native",NA,NA,NA,NA,NA,NA,NA,NA,NA,NA,NA,NA,NA,NA,NA,NA,"a.no",FALSE,TRUE,22.4801705993132,"babylabprinceton, #1",0.661734803794448,0.150676659831301,0.388170915746274,-0.099066210914182,1.42253581850308,0.0882408511240333,FALSE,"Replications","Replications"
"20","MB","babylabshimane","ManyBabies Consortium (2020)",145.877551020408,"3-6 mo",13,-0.0830792034807204,0.153978887577904,"japanese",0,"typical","a.yes","1","a.cf","a.preference","a.tape recording","eye-tracking",16,"within_two","laboratory","unfamiliar mother",1,0,1,"b.naturalistic","test_only","b.nonnative",NA,NA,NA,NA,NA,NA,NA,NA,NA,NA,NA,NA,NA,NA,NA,NA,"a.no",FALSE,TRUE,0.135220754968653,"babylabshimane, #1",-0.0830792034807204,0.153978887577904,0.392401436768399,-0.852171887028553,0.686013480067112,0.83232554113908,FALSE,"Replications","Replications"
"21","MB","babylabshimane","ManyBabies Consortium (2020)",230.358974358974,"6-9 mo",13,0.171613577747355,0.154412523462832,"japanese",0,"typical","a.yes","2","a.cf","a.preference","a.tape recording","eye-tracking",16,"within_two","laboratory","unfamiliar mother",1,0,1,"b.naturalistic","test_only","b.nonnative",NA,NA,NA,NA,NA,NA,NA,NA,NA,NA,NA,NA,NA,NA,NA,NA,"a.no",FALSE,TRUE,7.17533936651584,"babylabshimane, #2",0.171613577747355,0.154412523462832,0.392953589451517,-0.598561305173357,0.941788460668068,0.662309095691156,FALSE,"Replications","Replications"
"22","MB","babylabuclajohnson","ManyBabies Consortium (2020)",405.17094017094,"12-15 mo",22,0.40166117452452,0.0927424056718229,"english",1,"typical","a.yes","1","a.cf","a.preference","a.tape recording","eye-tracking",16,"within_two","laboratory","unfamiliar mother",1,0,1,"b.naturalistic","test_only","a.native",NA,NA,NA,NA,NA,NA,NA,NA,NA,NA,NA,NA,NA,NA,NA,NA,"a.no",FALSE,TRUE,21.7430031841797,"babylabuclajohnson, #1",0.40166117452452,0.0927424056718229,0.304536378240471,-0.19521915880907,0.998541507858109,0.187193603410762,FALSE,"Replications","Replications"
"23","MB","babylabutrecht","ManyBabies Consortium (2020)",224.755208333333,"6-9 mo",30,0.17460611782741,0.0669207274698563,"dutch",0,"typical","a.yes","1","b.hpp","a.preference","a.tape recording","behavior",16,"within_two","laboratory","unfamiliar mother",1,0,1,"b.naturalistic","test_only","b.nonnative",NA,NA,NA,NA,NA,NA,NA,NA,NA,NA,NA,NA,NA,NA,NA,NA,"a.no",FALSE,TRUE,6.70835886437909,"babylabutrecht, #1",0.17460611782741,0.0669207274698563,0.258690408538578,-0.332417766054155,0.681630001708976,0.499700098794035,FALSE,"Replications","Replications"
"24","MB","babylabutrecht","ManyBabies Consortium (2020)",325.650793650794,"9-12 mo",31,0.247010922646159,0.0650081806121492,"dutch",0,"typical","a.yes","2","b.hpp","a.preference","a.tape recording","behavior",16,"within_two","laboratory","unfamiliar mother",1,0,1,"b.naturalistic","test_only","b.nonnative",NA,NA,NA,NA,NA,NA,NA,NA,NA,NA,NA,NA,NA,NA,NA,NA,"a.no",FALSE,TRUE,15.1163243075008,"babylabutrecht, #2",0.247010922646159,0.0650081806121492,0.254967018675258,-0.252715251202898,0.746737096495215,0.332647188613151,FALSE,"Replications","Replications"
"25","MB","babylabvuw","ManyBabies Consortium (2020)",227.021978021978,"6-9 mo",13,0.0310848023342501,0.153864735864157,"english",0,"typical","a.yes","1","a.cf","a.preference","a.tape recording","eye-tracking",16,"within_two","laboratory","unfamiliar mother",1,0,1,"b.naturalistic","test_only","b.nonnative",NA,NA,NA,NA,NA,NA,NA,NA,NA,NA,NA,NA,NA,NA,NA,NA,"a.no",FALSE,TRUE,6.89725633843281,"babylabvuw, #1",0.0310848023342501,0.153864735864157,0.392255957079248,-0.737722746262365,0.799892350930866,0.936836780978305,FALSE,"Replications","Replications"
"26","MB","babylabyork","ManyBabies Consortium (2020)",218.90756302521,"6-9 mo",16,0.207826269686768,0.125674871224561,"english",0,"typical","a.yes","1","a.cf","a.preference","a.tape recording","eye-tracking",16,"within_two","laboratory","unfamiliar mother",1,0,1,"b.naturalistic","test_only","b.nonnative",NA,NA,NA,NA,NA,NA,NA,NA,NA,NA,NA,NA,NA,NA,NA,NA,"a.no",FALSE,TRUE,6.22105508870215,"babylabyork, #1",0.207826269686768,0.125674871224561,0.354506517887275,-0.486993737656996,0.902646277030533,0.557713546262106,FALSE,"Replications","Replications"
"27","MB","babylabyork","ManyBabies Consortium (2020)",313.851485148515,"9-12 mo",16,0.431109931148335,0.12790399644898,"english",0,"typical","a.yes","2","a.cf","a.preference","a.tape recording","eye-tracking",16,"within_two","laboratory","unfamiliar mother",1,0,1,"b.naturalistic","test_only","b.nonnative",NA,NA,NA,NA,NA,NA,NA,NA,NA,NA,NA,NA,NA,NA,NA,NA,"a.no",FALSE,TRUE,14.1330485989775,"babylabyork, #2",0.431109931148335,0.12790399644898,0.35763668219155,-0.269845085497501,1.13206494779417,0.228033089487669,FALSE,"Replications","Replications"
"28","MB","babylingoslo","ManyBabies Consortium (2020)",234.610169491525,"6-9 mo",18,0.162128517001555,0.111476189667016,"norwegian",0,"typical","a.yes","1","a.cf","a.preference","a.tape recording","eye-tracking",16,"within_two","laboratory","unfamiliar mother",1,0,1,"b.naturalistic","test_only","b.nonnative",NA,NA,NA,NA,NA,NA,NA,NA,NA,NA,NA,NA,NA,NA,NA,NA,"a.no",FALSE,TRUE,7.52960562756176,"babylingoslo, #1",0.162128517001555,0.111476189667016,0.333880502076739,-0.492265242209005,0.816522276212115,0.627258983887919,FALSE,"Replications","Replications"
"29","MB","baldwinlabuoregon","ManyBabies Consortium (2020)",322.295918367347,"9-12 mo",16,0.596796991310606,0.130565103888084,"english",1,"typical","a.yes","1","a.cf","a.preference","a.tape recording","eye-tracking",16,"within_two","laboratory","unfamiliar mother",1,0,1,"b.naturalistic","test_only","a.native",NA,NA,NA,NA,NA,NA,NA,NA,NA,NA,NA,NA,NA,NA,NA,NA,"a.no",FALSE,TRUE,14.8367513672136,"baldwinlabuoregon, #1",0.596796991310606,0.130565103888084,0.361337935855183,-0.111412349213597,1.30500633183481,0.098609765461753,FALSE,"Replications","Replications"
"30","MB","bchdosu","ManyBabies Consortium (2020)",405.736263736264,"12-15 mo",15,0.250726236886461,0.134381060764387,"english",1,"typical","a.yes","1","a.cf","a.preference","a.tape recording","eye-tracking",16,"within_two","laboratory","unfamiliar mother",1,0,1,"b.naturalistic","test_only","a.native",NA,NA,NA,NA,NA,NA,NA,NA,NA,NA,NA,NA,NA,NA,NA,NA,"a.no",FALSE,TRUE,21.7901134812899,"bchdosu, #1",0.250726236886461,0.134381060764387,0.366580224186177,-0.467757799963064,0.969210273735986,0.494000378490993,FALSE,"Replications","Replications"
"31","MB","bchdosu","ManyBabies Consortium (2020)",141.274809160305,"3-6 mo",20,0.449769687075273,0.102528659642647,"english",1,"typical","a.yes","2","a.cf","a.preference","a.tape recording","eye-tracking",16,"within_two","laboratory","unfamiliar mother",1,0,1,"b.naturalistic","test_only","a.native",NA,NA,NA,NA,NA,NA,NA,NA,NA,NA,NA,NA,NA,NA,NA,NA,"a.no",FALSE,TRUE,-0.248341066706582,"bchdosu, #2",0.449769687075273,0.102528659642647,0.320200967585433,-0.177812677207052,1.0773520513576,0.160125940064286,FALSE,"Replications","Replications"
"32","MB","bchdosu","ManyBabies Consortium (2020)",241.038834951456,"6-9 mo",15,0.0466829153351577,0.133369654909736,"english",1,"non-typical","a.yes","3","a.cf","a.preference","a.tape recording","eye-tracking",16,"within_two","laboratory","unfamiliar mother",1,0,1,"b.naturalistic","test_only","a.native",NA,NA,NA,NA,NA,NA,NA,NA,NA,NA,NA,NA,NA,NA,NA,NA,"a.no",FALSE,TRUE,8.06532774922267,"bchdosu, #3",0.0466829153351577,0.133369654909736,0.365198103650247,-0.669092215041652,0.762458045711967,0.898284284597988,FALSE,"Replications","Replications"
"33","MB","bchdosu","ManyBabies Consortium (2020)",322.785714285714,"9-12 mo",16,0.325081261591709,0.12665121604122,"english",1,"typical","a.yes","4","a.cf","a.preference","a.tape recording","eye-tracking",16,"within_two","laboratory","unfamiliar mother",1,0,1,"b.naturalistic","test_only","a.native",NA,NA,NA,NA,NA,NA,NA,NA,NA,NA,NA,NA,NA,NA,NA,NA,"a.no",FALSE,TRUE,14.8775676937442,"bchdosu, #4",0.325081261591709,0.12665121604122,0.355880901484218,-0.372432488103005,1.02259501128642,0.361003182958158,FALSE,"Replications","Replications"
"34","MB","bcrlunlv","ManyBabies Consortium (2020)",409.418032786885,"12-15 mo",27,0.530296279902419,0.0766779087451699,"english",1,"typical","a.yes","1","a.cf","a.preference","a.tape recording","eye-tracking",16,"within_two","laboratory","unfamiliar mother",1,0,1,"b.naturalistic","test_only","a.native",NA,NA,NA,NA,NA,NA,NA,NA,NA,NA,NA,NA,NA,NA,NA,NA,"a.no",FALSE,TRUE,22.0969275688417,"bcrlunlv, #1",0.530296279902419,0.0766779087451699,0.276907762161283,-0.012432960973279,1.07302552077812,0.0554842531943123,FALSE,"Replications","Replications"
"35","MB","bllumanitoba","ManyBabies Consortium (2020)",410.622448979592,"12-15 mo",16,1.75885181398566,0.173336870368135,"english",1,"typical","a.yes","1","b.hpp","a.preference","a.tape recording","behavior",16,"within_two","laboratory","unfamiliar mother",1,0,1,"b.naturalistic","test_only","a.native",NA,NA,NA,NA,NA,NA,NA,NA,NA,NA,NA,NA,NA,NA,NA,NA,"a.no",FALSE,TRUE,22.1972955849006,"bllumanitoba, #1",1.75885181398566,0.173336870368135,0.416337447712952,0.942845411052947,2.57485821691837,0.0000239384355977812,TRUE,"Replications","Replications"
"36","MB","bllumanitoba","ManyBabies Consortium (2020)",166.542553191489,"3-6 mo",13,0.491598589581393,0.158493637947662,"english",1,"typical","a.yes","2","b.hpp","a.preference","a.tape recording","behavior",16,"within_two","laboratory","unfamiliar mother",1,0,1,"b.naturalistic","test_only","a.native",NA,NA,NA,NA,NA,NA,NA,NA,NA,NA,NA,NA,NA,NA,NA,NA,"a.no",FALSE,TRUE,1.85730426922542,"bllumanitoba, #2",0.491598589581393,0.158493637947662,0.398112594560461,-0.288687757548907,1.27188493671169,0.216896384326274,FALSE,"Replications","Replications"
"37","MB","bllumanitoba","ManyBabies Consortium (2020)",234.769633507853,"6-9 mo",26,-0.102030159466746,0.0770231745523155,"english",1,"typical","a.yes","3","b.hpp","a.preference","a.tape recording","behavior",16,"within_two","laboratory","unfamiliar mother",1,0,1,"b.naturalistic","test_only","a.native",NA,NA,NA,NA,NA,NA,NA,NA,NA,NA,NA,NA,NA,NA,NA,NA,"a.no",FALSE,TRUE,7.54289429558909,"bllumanitoba, #3",-0.102030159466746,0.0770231745523155,0.277530493013498,-0.645979930384848,0.441919611451355,0.713144777571633,FALSE,"Replications","Replications"
"38","MB","bllumanitoba","ManyBabies Consortium (2020)",313.816993464052,"9-12 mo",23,0.635103430589402,0.0913408300820264,"english",1,"typical","a.yes","4","b.hpp","a.preference","a.tape recording","behavior",16,"within_two","laboratory","unfamiliar mother",1,0,1,"b.naturalistic","test_only","a.native",NA,NA,NA,NA,NA,NA,NA,NA,NA,NA,NA,NA,NA,NA,NA,NA,"a.no",FALSE,TRUE,14.130174291939,"bllumanitoba, #4",0.635103430589402,0.0913408300820264,0.302226454967176,0.0427504636785208,1.22745639750028,0.035604487129026,TRUE,"Replications","Replications"
"39","MB","bounbcl","ManyBabies Consortium (2020)",408.931623931624,"12-15 mo",31,0.266733762613958,0.0650898943557919,"turkish",0,"typical","a.yes","1","a.cf","a.preference","a.tape recording","eye-tracking",16,"within_two","laboratory","unfamiliar mother",1,0,1,"b.naturalistic","test_only","b.nonnative",NA,NA,NA,NA,NA,NA,NA,NA,NA,NA,NA,NA,NA,NA,NA,NA,"a.no",FALSE,TRUE,22.05639349757,"bounbcl, #1",0.266733762613958,0.0650898943557919,0.255127212103672,-0.23330638458535,0.766773909813266,0.295795086795874,FALSE,"Replications","Replications"
"40","MB","callab","ManyBabies Consortium (2020)",334.369863013699,"9-12 mo",15,0.059622926745294,0.133392581556561,"english",1,"typical","a.yes","1","a.cf","a.preference","a.tape recording","eye-tracking",16,"within_two","laboratory","unfamiliar mother",1,0,1,"b.naturalistic","test_only","a.native",NA,NA,NA,NA,NA,NA,NA,NA,NA,NA,NA,NA,NA,NA,NA,NA,"a.no",FALSE,TRUE,15.8429134210762,"callab, #1",0.059622926745294,0.133392581556561,0.365229491630346,-0.656213722942058,0.775459576432646,0.870323298071365,FALSE,"Replications","Replications"
"41","MB","cdcceu","ManyBabies Consortium (2020)",399.514285714286,"12-15 mo",13,0.813983399153129,0.166587864886479,"hungarian",0,"typical","a.yes","1","a.cf","a.preference","a.tape recording","eye-tracking",16,"within_two","laboratory","unfamiliar mother",1,0,1,"b.naturalistic","test_only","b.nonnative",NA,NA,NA,NA,NA,NA,NA,NA,NA,NA,NA,NA,NA,NA,NA,NA,"a.no",FALSE,TRUE,21.2716153127918,"cdcceu, #1",0.813983399153129,0.166587864886479,0.408151766977038,0.0140206356517499,1.61394616265451,0.0461175853514475,TRUE,"Replications","Replications"
"42","MB","cdcceu","ManyBabies Consortium (2020)",148.483870967742,"3-6 mo",12,-0.30069119894959,0.168550316606786,"hungarian",0,"typical","a.yes","2","a.cf","a.preference","a.tape recording","eye-tracking",16,"within_two","laboratory","unfamiliar mother",1,0,1,"b.naturalistic","test_only","b.nonnative",NA,NA,NA,NA,NA,NA,NA,NA,NA,NA,NA,NA,NA,NA,NA,NA,"a.no",FALSE,TRUE,0.352414083913134,"cdcceu, #2",-0.30069119894959,0.168550316606786,0.41054879930014,-1.10535205947403,0.503969661574846,0.463916643554572,FALSE,"Replications","Replications"
"43","MB","childlabmanchester","ManyBabies Consortium (2020)",242.047619047619,"6-9 mo",11,-0.305447674007374,0.183938597308103,"english",0,"typical","a.yes","1","a.cf","a.preference","a.tape recording","eye-tracking",16,"within_two","laboratory","unfamiliar mother",1,0,1,"b.naturalistic","test_only","b.nonnative",NA,NA,NA,NA,NA,NA,NA,NA,NA,NA,NA,NA,NA,NA,NA,NA,"a.no",FALSE,TRUE,8.14939309056956,"childlabmanchester, #1",-0.305447674007374,0.183938597308103,0.428880632936605,-1.14603826822986,0.535142920215114,0.476342543408505,FALSE,"Replications","Replications"
"44","MB","chosunbaby","ManyBabies Consortium (2020)",404.703196347032,"12-15 mo",30,0.660348879615367,0.0703005053567439,"korean",0,"typical","a.yes","1","b.hpp","a.preference","a.tape recording","behavior",16,"within_two","laboratory","unfamiliar mother",1,0,1,"b.naturalistic","test_only","b.nonnative",NA,NA,NA,NA,NA,NA,NA,NA,NA,NA,NA,NA,NA,NA,NA,NA,"a.no",FALSE,TRUE,21.7040245321873,"chosunbaby, #1",0.660348879615367,0.0703005053567439,0.265142424664074,0.140679276500159,1.18001848273058,0.0127547695354493,TRUE,"Replications","Replications"
"45","MB","chosunbaby","ManyBabies Consortium (2020)",224.75845410628,"6-9 mo",28,0.175314893633813,0.0717029938565164,"korean",0,"typical","a.yes","2","b.hpp","a.preference","a.tape recording","behavior",16,"within_two","laboratory","unfamiliar mother",1,0,1,"b.naturalistic","test_only","b.nonnative",NA,NA,NA,NA,NA,NA,NA,NA,NA,NA,NA,NA,NA,NA,NA,NA,"a.no",FALSE,TRUE,6.70862934545799,"chosunbaby, #2",0.175314893633813,0.0717029938565164,0.267774147102584,-0.349512790678182,0.700142577945809,0.512653326981152,FALSE,"Replications","Replications"
"46","MB","chosunbaby","ManyBabies Consortium (2020)",298.550724637681,"9-12 mo",19,0.553036017628602,0.109287484694665,"korean",0,"typical","a.yes","3","b.hpp","a.preference","a.tape recording","behavior",16,"within_two","laboratory","unfamiliar mother",1,0,1,"b.naturalistic","test_only","b.nonnative",NA,NA,NA,NA,NA,NA,NA,NA,NA,NA,NA,NA,NA,NA,NA,NA,"a.no",FALSE,TRUE,12.8579852230747,"chosunbaby, #3",0.553036017628602,0.109287484694665,0.330586576700665,-0.0949017664770886,1.20097380173429,0.0943483337492064,FALSE,"Replications","Replications"
"47","MB","cogdevlabbyu","ManyBabies Consortium (2020)",134.147058823529,"3-6 mo",18,-0.209185165573892,0.111718867131891,"english",1,"non-typical","a.yes","1","a.cf","a.preference","a.tape recording","eye-tracking",16,"within_two","laboratory","unfamiliar mother",1,0,1,"b.naturalistic","test_only","a.native",NA,NA,NA,NA,NA,NA,NA,NA,NA,NA,NA,NA,NA,NA,NA,NA,"a.no",FALSE,TRUE,-0.842320261437909,"cogdevlabbyu, #1",-0.209185165573892,0.111718867131891,0.334243724147352,-0.864290826961244,0.445920495813459,0.531415823528225,FALSE,"Replications","Replications"
"48","MB","cogdevlabbyu","ManyBabies Consortium (2020)",195.916666666667,"6-9 mo",10,0.0240859467300857,0.200014503320747,"english",1,"non-typical","a.yes","2","a.cf","a.preference","a.tape recording","eye-tracking",16,"within_two","laboratory","unfamiliar mother",1,0,1,"b.naturalistic","test_only","a.native",NA,NA,NA,NA,NA,NA,NA,NA,NA,NA,NA,NA,NA,NA,NA,NA,"a.no",FALSE,TRUE,4.30514705882353,"cogdevlabbyu, #2",0.0240859467300857,0.200014503320747,0.447229810411546,-0.85246837448922,0.900640267949392,0.957050003013745,FALSE,"Replications","Replications"
"49","MB","dcnlabtennessee","ManyBabies Consortium (2020)",405.932203389831,"12-15 mo",13,0.537298205539068,0.159397872339914,"english",1,"typical","a.yes","1","a.cf","a.preference","a.tape recording","eye-tracking",16,"within_two","laboratory","unfamiliar mother",1,0,1,"b.naturalistic","test_only","a.native",NA,NA,NA,NA,NA,NA,NA,NA,NA,NA,NA,NA,NA,NA,NA,NA,"a.no",FALSE,TRUE,21.8064417857539,"dcnlabtennessee, #1",0.537298205539068,0.159397872339914,0.39924663096877,-0.245210812108675,1.31980722318681,0.178373417077266,FALSE,"Replications","Replications"
"50","MB","earlysocogfm","ManyBabies Consortium (2020)",226.265306122449,"6-9 mo",13,-0.210580615931752,0.154698926842427,"english",1,"typical","a.yes","1","a.cf","a.preference","a.tape recording","eye-tracking",16,"within_two","laboratory","unfamiliar mother",1,0,1,"b.naturalistic","test_only","a.native",NA,NA,NA,NA,NA,NA,NA,NA,NA,NA,NA,NA,NA,NA,NA,NA,"a.no",FALSE,TRUE,6.83420034680539,"earlysocogfm, #1",-0.210580615931752,0.154698926842427,0.393317844551232,-0.98146942572909,0.560308193865585,0.592376380281848,FALSE,"Replications","Replications"
"51","MB","earlysocogfm","ManyBabies Consortium (2020)",314.8125,"9-12 mo",12,0.508800297860568,0.172059952981313,"english",1,"typical","a.yes","2","a.cf","a.preference","a.tape recording","eye-tracking",16,"within_two","laboratory","unfamiliar mother",1,0,1,"b.naturalistic","test_only","a.native",NA,NA,NA,NA,NA,NA,NA,NA,NA,NA,NA,NA,NA,NA,NA,NA,"a.no",FALSE,TRUE,14.2131331699346,"earlysocogfm, #2",0.508800297860568,0.172059952981313,0.41480110050639,-0.304194919879536,1.32179551560067,0.219968193562171,FALSE,"Replications","Replications"
"52","MB","escompicbsleipzig","ManyBabies Consortium (2020)",155.041095890411,"3-6 mo",13,0.14265281736142,0.154237496659638,"german",0,"typical","a.yes","1","a.cf","a.preference","a.tape recording","eye-tracking",16,"within_two","laboratory","unfamiliar mother",1,0,1,"b.naturalistic","test_only","b.nonnative",NA,NA,NA,NA,NA,NA,NA,NA,NA,NA,NA,NA,NA,NA,NA,NA,"a.no",FALSE,TRUE,0.898849494135552,"escompicbsleipzig, #1",0.14265281736142,0.154237496659638,0.392730819594844,-0.627085444663371,0.91239107938621,0.716430793388044,FALSE,"Replications","Replications"
"53","MB","ethosrennes","ManyBabies Consortium (2020)",145.79704797048,"3-6 mo",46,-0.219627546289708,0.0437404144515719,"french",0,"typical","a.yes","1","a.cf","a.preference","a.tape recording","eye-tracking",16,"within_two","laboratory","unfamiliar mother",1,0,1,"b.naturalistic","test_only","b.nonnative",NA,NA,NA,NA,NA,NA,NA,NA,NA,NA,NA,NA,NA,NA,NA,NA,"a.no",FALSE,TRUE,0.128512167474614,"ethosrennes, #1",-0.219627546289708,0.0437404144515719,0.209142091534851,-0.629538513349394,0.190283420769979,0.293655794011612,FALSE,"Replications","Replications"
"54","MB","ethosrennes","ManyBabies Consortium (2020)",231.866666666667,"6-9 mo",41,0.10170560333879,0.0488435611570153,"french",0,"typical","a.yes","2","a.cf","a.preference","a.tape recording","eye-tracking",16,"within_two","laboratory","unfamiliar mother",1,0,1,"b.naturalistic","test_only","b.nonnative",NA,NA,NA,NA,NA,NA,NA,NA,NA,NA,NA,NA,NA,NA,NA,NA,"a.no",FALSE,TRUE,7.30098039215686,"ethosrennes, #2",0.10170560333879,0.0488435611570153,0.221005794396924,-0.331457794053844,0.534869000731425,0.64537677336441,FALSE,"Replications","Replications"
"55","MB","icclbc","ManyBabies Consortium (2020)",227.614285714286,"6-9 mo",13,0.181447624447364,0.154479293084954,"english",1,"typical","a.yes","1","a.cf","a.preference","a.tape recording","eye-tracking",16,"within_two","laboratory","unfamiliar mother",1,0,1,"b.naturalistic","test_only","a.native",NA,NA,NA,NA,NA,NA,NA,NA,NA,NA,NA,NA,NA,NA,NA,NA,"a.no",FALSE,TRUE,6.94661531279178,"icclbc, #1",0.181447624447364,0.154479293084954,0.393038538930922,-0.588893756393487,0.951789005288214,0.644329808750644,FALSE,"Replications","Replications"
"56","MB","infantcoglablouisville","ManyBabies Consortium (2020)",323.597122302158,"9-12 mo",34,0.0231857985348553,0.0588274822151007,"english",1,"typical","a.yes","1","a.cf","a.preference","a.tape recording","eye-tracking",16,"within_two","laboratory","unfamiliar mother",1,0,1,"b.naturalistic","test_only","a.native",NA,NA,NA,NA,NA,NA,NA,NA,NA,NA,NA,NA,NA,NA,NA,NA,"a.no",FALSE,TRUE,14.9451850284478,"infantcoglablouisville, #1",0.0231857985348553,0.0588274822151007,0.242543773812276,-0.452191262811636,0.498562859881346,0.923842804663624,FALSE,"Replications","Replications"
"57","MB","infantcogubc","ManyBabies Consortium (2020)",138.040229885057,"3-6 mo",28,0.335320419881451,0.0724324980713346,"english",1,"typical","a.yes","1","a.cf","a.preference","a.tape recording","eye-tracking",16,"within_two","laboratory","unfamiliar mother",1,0,1,"b.naturalistic","test_only","a.native",NA,NA,NA,NA,NA,NA,NA,NA,NA,NA,NA,NA,NA,NA,NA,NA,"a.no",FALSE,TRUE,-0.517889339643904,"infantcogubc, #1",0.335320419881451,0.0724324980713346,0.269132863231777,-0.192170299108977,0.862811138871878,0.212790488594975,FALSE,"Replications","Replications"
"58","MB","infantcogubc","ManyBabies Consortium (2020)",223.266666666667,"6-9 mo",10,-0.11125073718057,0.200309418163081,"english",1,"typical","a.yes","2","a.cf","a.preference","a.tape recording","eye-tracking",16,"within_two","laboratory","unfamiliar mother",1,0,1,"b.naturalistic","test_only","a.native",NA,NA,NA,NA,NA,NA,NA,NA,NA,NA,NA,NA,NA,NA,NA,NA,"a.no",FALSE,TRUE,6.5843137254902,"infantcogubc, #2",-0.11125073718057,0.200309418163081,0.447559401826261,-0.988451045702332,0.765949571341191,0.803691866866771,FALSE,"Replications","Replications"
"59","MB","infantlanglabutk","ManyBabies Consortium (2020)",415.368421052632,"12-15 mo",33,0.546365295732077,0.062867538154397,"english",1,"typical","a.yes","1","b.hpp","a.preference","a.tape recording","behavior",16,"within_two","laboratory","unfamiliar mother",1,0,1,"b.naturalistic","test_only","a.native",NA,NA,NA,NA,NA,NA,NA,NA,NA,NA,NA,NA,NA,NA,NA,NA,"a.no",FALSE,TRUE,22.5927932576539,"infantlanglabutk, #1",0.546365295732077,0.062867538154397,0.250733998800316,0.0549356883837479,1.03779490308041,0.0293269540266461,TRUE,"Replications","Replications"
"60","MB","infantlanglabutk","ManyBabies Consortium (2020)",225.411504424779,"6-9 mo",32,0.542721695861012,0.0648011471809238,"english",1,"typical","a.yes","2","b.hpp","a.preference","a.tape recording","behavior",16,"within_two","laboratory","unfamiliar mother",1,0,1,"b.naturalistic","test_only","a.native",NA,NA,NA,NA,NA,NA,NA,NA,NA,NA,NA,NA,NA,NA,NA,NA,"a.no",FALSE,TRUE,6.76305020533287,"infantlanglabutk, #2",0.542721695861012,0.0648011471809238,0.254560694493325,0.0437919027745917,1.04165148894743,0.0330073971103391,TRUE,"Replications","Replications"
"61","MB","infantllmadison","ManyBabies Consortium (2020)",410.097222222222,"12-15 mo",28,1.04794647562645,0.0812338554980169,"english",1,"typical","a.yes","1","b.hpp","a.preference","a.tape recording","behavior",16,"within_two","laboratory","unfamiliar mother",1,0,1,"b.naturalistic","test_only","a.native",NA,NA,NA,NA,NA,NA,NA,NA,NA,NA,NA,NA,NA,NA,NA,NA,"a.no",FALSE,TRUE,22.1535266884532,"infantllmadison, #1",1.04794647562645,0.0812338554980169,0.285015535538007,0.48932629093756,1.60656666031534,0.000236173666047668,TRUE,"Replications","Replications"
"62","MB","infantllmadison","ManyBabies Consortium (2020)",226.292134831461,"6-9 mo",31,0.314589084237084,0.0653142442896865,"english",1,"typical","a.yes","2","b.hpp","a.preference","a.tape recording","behavior",16,"within_two","laboratory","unfamiliar mother",1,0,1,"b.naturalistic","test_only","a.native",NA,NA,NA,NA,NA,NA,NA,NA,NA,NA,NA,NA,NA,NA,NA,NA,"a.no",FALSE,TRUE,6.83643607255636,"infantllmadison, #2",0.314589084237084,0.0653142442896865,0.25556651637037,-0.186312083503207,0.815490251977374,0.218342325086363,FALSE,"Replications","Replications"
"63","MB","infantllmadison","ManyBabies Consortium (2020)",315.841807909605,"9-12 mo",31,0.931768067846775,0.0715176752601525,"english",1,"typical","a.yes","3","b.hpp","a.preference","a.tape recording","behavior",16,"within_two","laboratory","unfamiliar mother",1,0,1,"b.naturalistic","test_only","a.native",NA,NA,NA,NA,NA,NA,NA,NA,NA,NA,NA,NA,NA,NA,NA,NA,"a.no",FALSE,TRUE,14.2989088290684,"infantllmadison, #3",0.931768067846775,0.0715176752601525,0.267427887962629,0.40761903897841,1.45591709671514,0.000493639309725902,TRUE,"Replications","Replications"
"64","MB","infantstudiesubc","ManyBabies Consortium (2020)",229.036585365854,"6-9 mo",20,0.522670334442159,0.103414803481323,"english",1,"typical","a.yes","1","b.hpp","a.preference","a.tape recording","behavior",16,"within_two","laboratory","unfamiliar mother",1,0,1,"b.naturalistic","test_only","a.native",NA,NA,NA,NA,NA,NA,NA,NA,NA,NA,NA,NA,NA,NA,NA,NA,"a.no",FALSE,TRUE,7.06514028375578,"infantstudiesubc, #1",0.522670334442159,0.103414803481323,0.321581721310966,-0.10761825741373,1.15295892629805,0.104096291951754,FALSE,"Replications","Replications"
"65","MB","irlconcordia","ManyBabies Consortium (2020)",395.227272727273,"12-15 mo",16,1.039818079937,0.14189408811506,"english",1,"typical","a.yes","1","a.cf","a.preference","a.tape recording","eye-tracking",16,"within_two","laboratory","unfamiliar mother",1,0,1,"b.naturalistic","test_only","a.native",NA,NA,NA,NA,NA,NA,NA,NA,NA,NA,NA,NA,NA,NA,NA,NA,"a.no",FALSE,TRUE,20.9143642305407,"irlconcordia, #1",1.039818079937,0.14189408811506,0.376688316934651,0.301522545348073,1.77811361452592,0.00577270398928031,TRUE,"Replications","Replications"
"66","MB","irlconcordia","ManyBabies Consortium (2020)",227.633333333333,"6-9 mo",16,-0.104817540119644,0.125171667448699,"english",1,"typical","a.yes","2","a.cf","a.preference","a.tape recording","eye-tracking",16,"within_two","laboratory","unfamiliar mother",1,0,1,"b.naturalistic","test_only","a.native",NA,NA,NA,NA,NA,NA,NA,NA,NA,NA,NA,NA,NA,NA,NA,NA,"a.no",FALSE,TRUE,6.94820261437908,"irlconcordia, #2",-0.104817540119644,0.125171667448699,0.353796081731693,-0.798245118185152,0.588610037945864,0.767027401972491,FALSE,"Replications","Replications"
"67","MB","islnotredame","ManyBabies Consortium (2020)",409.802469135802,"12-15 mo",28,0.512735957221624,0.0737758764448926,"english",1,"typical","a.yes","1","b.hpp","a.preference","a.tape recording","behavior",16,"within_two","laboratory","unfamiliar mother",1,0,1,"b.naturalistic","test_only","a.native",NA,NA,NA,NA,NA,NA,NA,NA,NA,NA,NA,NA,NA,NA,NA,NA,"a.no",FALSE,TRUE,22.1289639312515,"islnotredame, #1",0.512735957221624,0.0737758764448926,0.271617150498441,-0.0196238753387156,1.04509578978196,0.0590641285863616,FALSE,"Replications","Replications"
"68","MB","isplabmcgill","ManyBabies Consortium (2020)",414.153846153846,"12-15 mo",11,1.28884901923145,0.219571177144861,"french",0,"typical","a.yes","1","b.hpp","a.preference","a.tape recording","behavior",16,"within_two","laboratory","unfamiliar mother",1,0,1,"b.naturalistic","test_only","b.nonnative",NA,NA,NA,NA,NA,NA,NA,NA,NA,NA,NA,NA,NA,NA,NA,NA,"a.no",FALSE,TRUE,22.4915786827552,"isplabmcgill, #1",1.28884901923145,0.219571177144861,0.468584226308207,0.370440811943803,2.20725722651911,0.00595012502682524,TRUE,"Replications","Replications"
"69","MB","kokuhamburg","ManyBabies Consortium (2020)",221.432432432432,"6-9 mo",13,-0.289571265296287,0.155458683032409,"german",0,"typical","a.yes","1","a.cf","a.preference","a.tape recording","eye-tracking",16,"within_two","laboratory","unfamiliar mother",1,0,1,"b.naturalistic","test_only","b.nonnative",NA,NA,NA,NA,NA,NA,NA,NA,NA,NA,NA,NA,NA,NA,NA,NA,"a.no",FALSE,TRUE,6.43146087263734,"kokuhamburg, #1",-0.289571265296287,0.155458683032409,0.394282491409915,-1.06235074819444,0.483208217601868,0.462689219217057,FALSE,"Replications","Replications"
"70","MB","kyotobabylab","ManyBabies Consortium (2020)",214.26,"6-9 mo",10,-0.366800913782895,0.203363572758799,"japanese",0,"typical","a.yes","1","a.cf","a.preference","a.tape recording","eye-tracking",16,"within_two","laboratory","unfamiliar mother",1,0,1,"b.naturalistic","test_only","b.nonnative",NA,NA,NA,NA,NA,NA,NA,NA,NA,NA,NA,NA,NA,NA,NA,NA,"a.no",FALSE,TRUE,5.83375816993464,"kyotobabylab, #1",-0.366800913782895,0.203363572758799,0.450958504475522,-1.25066334107696,0.517061513511172,0.4159998597535,FALSE,"Replications","Replications"
"71","MB","kyotobabylab","ManyBabies Consortium (2020)",303.486486486487,"9-12 mo",14,0.256398579030209,0.144031075559441,"japanese",0,"typical","a.yes","2","a.cf","a.preference","a.tape recording","eye-tracking",16,"within_two","laboratory","unfamiliar mother",1,0,1,"b.naturalistic","test_only","b.nonnative",NA,NA,NA,NA,NA,NA,NA,NA,NA,NA,NA,NA,NA,NA,NA,NA,"a.no",FALSE,TRUE,13.2692987104752,"kyotobabylab, #2",0.256398579030209,0.144031075559441,0.37951426265615,-0.487435707395119,1.00023286545554,0.499296744685699,FALSE,"Replications","Replications"
"72","MB","labunam","ManyBabies Consortium (2020)",407.038461538462,"12-15 mo",11,0.242257466660463,0.183152015458017,"spanish",0,"typical","a.yes","1","a.cf","a.preference","a.tape recording","eye-tracking",16,"within_two","laboratory","unfamiliar mother",1,0,1,"b.naturalistic","test_only","b.nonnative",NA,NA,NA,NA,NA,NA,NA,NA,NA,NA,NA,NA,NA,NA,NA,NA,"a.no",FALSE,TRUE,21.8986299648064,"labunam, #1",0.242257466660463,0.183152015458017,0.4279626332497,-0.596533881237872,1.0810488145588,0.571345149554321,FALSE,"Replications","Replications"
"73","MB","labunam","ManyBabies Consortium (2020)",225.471698113208,"6-9 mo",14,0.417789260831291,0.145974069044035,"spanish",0,"typical","a.yes","2","a.cf","a.preference","a.tape recording","eye-tracking",16,"within_two","laboratory","unfamiliar mother",1,0,1,"b.naturalistic","test_only","b.nonnative",NA,NA,NA,NA,NA,NA,NA,NA,NA,NA,NA,NA,NA,NA,NA,NA,"a.no",FALSE,TRUE,6.76806634603527,"labunam, #2",0.417789260831291,0.145974069044035,0.382065529777334,-0.331045417266499,1.16662393892908,0.274173635251543,FALSE,"Replications","Replications"
"74","MB","lancaster","ManyBabies Consortium (2020)",412.851351351351,"12-15 mo",20,0.0275128355961749,0.100009461951532,"english",0,"typical","a.yes","1","a.cf","a.preference","a.tape recording","eye-tracking",16,"within_two","laboratory","unfamiliar mother",1,0,1,"b.naturalistic","test_only","b.nonnative",NA,NA,NA,NA,NA,NA,NA,NA,NA,NA,NA,NA,NA,NA,NA,NA,"a.no",FALSE,TRUE,22.3830374492139,"lancaster, #1",0.0275128355961749,0.100009461951532,0.316242726321937,-0.592311518367579,0.647337189559929,0.930672219889874,FALSE,"Replications","Replications"
"75","MB","lancaster","ManyBabies Consortium (2020)",222.82905982906,"6-9 mo",19,0.227176945071537,0.105942228478579,"english",0,"typical","a.yes","2","a.cf","a.preference","a.tape recording","eye-tracking",16,"within_two","laboratory","unfamiliar mother",1,0,1,"b.naturalistic","test_only","b.nonnative",NA,NA,NA,NA,NA,NA,NA,NA,NA,NA,NA,NA,NA,NA,NA,NA,"a.no",FALSE,TRUE,6.54784648902296,"lancaster, #2",0.227176945071537,0.105942228478579,0.325487677921268,-0.410767181065722,0.865121071208796,0.48520304474612,FALSE,"Replications","Replications"
"76","MB","langlabucla","ManyBabies Consortium (2020)",154.60663507109,"3-6 mo",29,0.425332860957199,0.0705250693328451,"english",1,"typical","a.yes","1","b.hpp","a.preference","a.tape recording","behavior",16,"within_two","laboratory","unfamiliar mother",1,0,1,"b.naturalistic","test_only","a.native",NA,NA,NA,NA,NA,NA,NA,NA,NA,NA,NA,NA,NA,NA,NA,NA,"a.no",FALSE,TRUE,0.862644425858809,"langlabucla, #1",0.425332860957199,0.0705250693328451,0.265565565035916,-0.095166082047225,0.945831803961623,0.109241547867086,FALSE,"Replications","Replications"
"77","MB","langlabucla","ManyBabies Consortium (2020)",324.20207253886,"9-12 mo",29,0.631845595069478,0.0724071453104198,"english",1,"typical","a.yes","2","b.hpp","a.preference","a.tape recording","behavior",16,"within_two","laboratory","unfamiliar mother",1,0,1,"b.naturalistic","test_only","a.native",NA,NA,NA,NA,NA,NA,NA,NA,NA,NA,NA,NA,NA,NA,NA,NA,"a.no",FALSE,TRUE,14.995597548173,"langlabucla, #2",0.631845595069478,0.0724071453104198,0.26908575828241,0.104447200083303,1.15924399005565,0.0188684517683249,TRUE,"Replications","Replications"
"78","MB","lcdfsu","ManyBabies Consortium (2020)",312.976744186047,"9-12 mo",13,0.257895185369353,0.155125190896859,"english",1,"typical","a.yes","1","a.cf","a.preference","a.tape recording","eye-tracking",16,"within_two","laboratory","unfamiliar mother",1,0,1,"b.naturalistic","test_only","a.native",NA,NA,NA,NA,NA,NA,NA,NA,NA,NA,NA,NA,NA,NA,NA,NA,"a.no",FALSE,TRUE,14.0601535187718,"lcdfsu, #1",0.257895185369353,0.155125190896859,0.39385935420764,-0.514054963851826,1.02984533459053,0.51260293913493,FALSE,"Replications","Replications"
"79","MB","ldlottawa","ManyBabies Consortium (2020)",412.704545454545,"12-15 mo",10,0.707687813364778,0.212520551029626,"english",1,"typical","a.yes","1","a.cf","a.preference","a.tape recording","eye-tracking",16,"within_two","laboratory","unfamiliar mother",1,0,1,"b.naturalistic","test_only","a.native",NA,NA,NA,NA,NA,NA,NA,NA,NA,NA,NA,NA,NA,NA,NA,NA,"a.no",FALSE,TRUE,22.3708036244801,"ldlottawa, #1",0.707687813364778,0.212520551029626,0.460999513047059,-0.19585462909796,1.61123025582752,0.124755291553773,FALSE,"Replications","Replications"
"80","MB","ldlottawa","ManyBabies Consortium (2020)",142.703703703704,"3-6 mo",12,0.282556239087563,0.168329958921819,"english",1,"typical","a.yes","2","a.cf","a.preference","a.tape recording","eye-tracking",16,"within_two","laboratory","unfamiliar mother",1,0,1,"b.naturalistic","test_only","a.native",NA,NA,NA,NA,NA,NA,NA,NA,NA,NA,NA,NA,NA,NA,NA,NA,"a.no",FALSE,TRUE,-0.129266521423386,"ldlottawa, #2",0.282556239087563,0.168329958921819,0.410280341866167,-0.521578454534905,1.08669093271003,0.491017955580566,FALSE,"Replications","Replications"
"81","MB","ldlottawa","ManyBabies Consortium (2020)",245.151515151515,"6-9 mo",16,0.535085294055628,0.129473691748666,"english",1,"typical","a.yes","3","a.cf","a.preference","a.tape recording","eye-tracking",16,"within_two","laboratory","unfamiliar mother",1,0,1,"b.naturalistic","test_only","a.native",NA,NA,NA,NA,NA,NA,NA,NA,NA,NA,NA,NA,NA,NA,NA,NA,"a.no",FALSE,TRUE,8.40805109922757,"ldlottawa, #3",0.535085294055628,0.129473691748666,0.359824529109211,-0.17015782375251,1.24032841186377,0.136995566868468,FALSE,"Replications","Replications"
"82","MB","ldlottawa","ManyBabies Consortium (2020)",311.632653061225,"9-12 mo",15,0.259821812196078,0.134458456234881,"english",1,"typical","a.yes","4","a.cf","a.preference","a.tape recording","eye-tracking",16,"within_two","laboratory","unfamiliar mother",1,0,1,"b.naturalistic","test_only","a.native",NA,NA,NA,NA,NA,NA,NA,NA,NA,NA,NA,NA,NA,NA,NA,NA,"a.no",FALSE,TRUE,13.9481459250367,"ldlottawa, #4",0.259821812196078,0.134458456234881,0.366685773155819,-0.458869096832552,0.978512721224707,0.478592587786661,FALSE,"Replications","Replications"
"83","MB","lllliv","ManyBabies Consortium (2020)",397,"12-15 mo",13,0.592761021262913,0.160603185160166,"english",0,"typical","a.yes","1","a.cf","a.preference","a.tape recording","eye-tracking",16,"within_two","laboratory","unfamiliar mother",1,0,1,"b.naturalistic","test_only","b.nonnative",NA,NA,NA,NA,NA,NA,NA,NA,NA,NA,NA,NA,NA,NA,NA,NA,"a.no",FALSE,TRUE,21.062091503268,"lllliv, #1",0.592761021262913,0.160603185160166,0.400753272176493,-0.192700958889591,1.37822300141542,0.139109018366654,FALSE,"Replications","Replications"
"84","MB","lllliv","ManyBabies Consortium (2020)",230,"6-9 mo",16,0.318379951980141,0.126583840528482,"english",0,"typical","a.yes","2","a.cf","a.preference","a.tape recording","eye-tracking",16,"within_two","laboratory","unfamiliar mother",1,0,1,"b.naturalistic","test_only","b.nonnative",NA,NA,NA,NA,NA,NA,NA,NA,NA,NA,NA,NA,NA,NA,NA,NA,"a.no",FALSE,TRUE,7.14542483660131,"lllliv, #2",0.318379951980141,0.126583840528482,0.355786228694257,-0.378948242455934,1.01570814641622,0.370860297660436,FALSE,"Replications","Replications"
"85","MB","lppparisdescartes2","ManyBabies Consortium (2020)",234.864406779661,"6-9 mo",25,-0.0546947943251293,0.0800299152052627,"french",0,"typical","a.yes","1","b.hpp","a.preference","a.tape recording","behavior",16,"within_two","laboratory","unfamiliar mother",1,0,1,"b.naturalistic","test_only","b.nonnative",NA,NA,NA,NA,NA,NA,NA,NA,NA,NA,NA,NA,NA,NA,NA,NA,"a.no",FALSE,TRUE,7.55079206823972,"lppparisdescartes2, #1",-0.0546947943251293,0.0800299152052627,0.282895590643019,-0.609159963370633,0.499770374720375,0.846693363857894,FALSE,"Replications","Replications"
"86","MB","lscppsl","ManyBabies Consortium (2020)",410.769230769231,"12-15 mo",11,0.139348104892075,0.182259497598568,"french",0,"typical","a.yes","1","a.cf","a.preference","a.tape recording","eye-tracking",16,"within_two","laboratory","unfamiliar mother",1,0,1,"b.naturalistic","test_only","b.nonnative",NA,NA,NA,NA,NA,NA,NA,NA,NA,NA,NA,NA,NA,NA,NA,NA,"a.no",FALSE,TRUE,22.2095274007039,"lscppsl, #1",0.139348104892075,0.182259497598568,0.42691860769773,-0.697396990525461,0.97609320030961,0.744118421538124,FALSE,"Replications","Replications"
"87","MB","madlabucsd","ManyBabies Consortium (2020)",232.779411764706,"6-9 mo",10,0.142749926674702,0.200509438539141,"english",1,"typical","a.yes","1","a.cf","a.preference","a.tape recording","eye-tracking",16,"within_two","laboratory","unfamiliar mother",1,0,1,"b.naturalistic","test_only","a.native",NA,NA,NA,NA,NA,NA,NA,NA,NA,NA,NA,NA,NA,NA,NA,NA,"a.no",FALSE,TRUE,7.37704248366013,"madlabucsd, #1",0.142749926674702,0.200509438539141,0.447782802862214,-0.734888239831637,1.02038809318104,0.749883650002311,FALSE,"Replications","Replications"
"88","MB","minddevlabbicocca","ManyBabies Consortium (2020)",147.753424657534,"3-6 mo",11,0.498240237567761,0.187460075780263,"italian",0,"typical","a.yes","1","a.cf","a.preference","a.tape recording","eye-tracking",16,"within_two","laboratory","unfamiliar mother",1,0,1,"b.naturalistic","test_only","b.nonnative",NA,NA,NA,NA,NA,NA,NA,NA,NA,NA,NA,NA,NA,NA,NA,NA,"a.no",FALSE,TRUE,0.291543558062495,"minddevlabbicocca, #1",0.498240237567761,0.187460075780263,0.432966598919897,-0.350358702824036,1.34683917795956,0.249831370624606,FALSE,"Replications","Replications"
"89","MB","musdevutm","ManyBabies Consortium (2020)",226.497695852535,"6-9 mo",30,0.194733125139256,0.0669826749168875,"english",1,"typical","a.yes","1","b.hpp","a.preference","a.tape recording","behavior",16,"within_two","laboratory","unfamiliar mother",1,0,1,"b.naturalistic","test_only","a.native",NA,NA,NA,NA,NA,NA,NA,NA,NA,NA,NA,NA,NA,NA,NA,NA,"a.no",FALSE,TRUE,6.85356615764585,"musdevutm, #1",0.194733125139256,0.0669826749168875,0.258810113629447,-0.31252537640918,0.701991626687692,0.451800336021392,FALSE,"Replications","Replications"
"90","MB","pocdnorthwestern","ManyBabies Consortium (2020)",413.693693693694,"12-15 mo",28,0.383464597781507,0.072741474087069,"english",1,"typical","a.yes","1","a.cf","a.preference","a.tape recording","eye-tracking",16,"within_two","laboratory","unfamiliar mother",1,0,1,"b.naturalistic","test_only","a.native",NA,NA,NA,NA,NA,NA,NA,NA,NA,NA,NA,NA,NA,NA,NA,NA,"a.no",FALSE,TRUE,22.4532326444091,"pocdnorthwestern, #1",0.383464597781507,0.072741474087069,0.269706273725824,-0.145149985125609,0.912079180688623,0.155088391831967,FALSE,"Replications","Replications"
"91","MB","purdueinfantspeech","ManyBabies Consortium (2020)",395.77245508982,"12-15 mo",31,0.818275779793498,0.069915929449973,"english",1,"typical","a.yes","1","b.hpp","a.preference","a.tape recording","behavior",16,"within_two","laboratory","unfamiliar mother",1,0,1,"b.naturalistic","test_only","a.native",NA,NA,NA,NA,NA,NA,NA,NA,NA,NA,NA,NA,NA,NA,NA,NA,"a.no",FALSE,TRUE,20.9597960940863,"purdueinfantspeech, #1",0.818275779793498,0.069915929449973,0.264416204968555,0.300029541126369,1.33652201846063,0.00197044839652061,TRUE,"Replications","Replications"
"92","MB","purdueinfantspeech","ManyBabies Consortium (2020)",309,"9-12 mo",26,0.499049624236799,0.0793177935331816,"english",1,"typical","a.yes","2","b.hpp","a.preference","a.tape recording","behavior",16,"within_two","laboratory","unfamiliar mother",1,0,1,"b.naturalistic","test_only","a.native",NA,NA,NA,NA,NA,NA,NA,NA,NA,NA,NA,NA,NA,NA,NA,NA,"a.no",FALSE,TRUE,13.7287581699346,"purdueinfantspeech, #2",0.499049624236799,0.0793177935331816,0.28163414837903,-0.0529431634027095,1.05104241187631,0.0763981448353752,FALSE,"Replications","Replications"
"93","MB","socialcogumiami","ManyBabies Consortium (2020)",135.775862068966,"3-6 mo",18,-0.284370128328647,0.112234255137301,"english",1,"typical","a.yes","1","a.cf","a.preference","a.tape recording","eye-tracking",16,"within_two","laboratory","unfamiliar mother",1,0,1,"b.naturalistic","test_only","a.native",NA,NA,NA,NA,NA,NA,NA,NA,NA,NA,NA,NA,NA,NA,NA,NA,"a.no",FALSE,TRUE,-0.706586657651567,"socialcogumiami, #1",-0.284370128328647,0.112234255137301,0.335013813352973,-0.940985136823898,0.372244880166604,0.395975307657336,FALSE,"Replications","Replications"
"94","MB","trainorlab","ManyBabies Consortium (2020)",242.411392405063,"6-9 mo",24,0.528291227449768,0.086240537718754,"english",1,"typical","a.yes","1","b.hpp","a.preference","a.tape recording","behavior",16,"within_two","laboratory","unfamiliar mother",1,0,1,"b.naturalistic","test_only","a.native",NA,NA,NA,NA,NA,NA,NA,NA,NA,NA,NA,NA,NA,NA,NA,NA,"a.no",FALSE,TRUE,8.17970753702325,"trainorlab, #1",0.528291227449768,0.086240537718754,0.293667393012493,-0.0472862862884881,1.10386874118802,0.0720275218353845,FALSE,"Replications","Replications"
"95","MB","udssaarland","ManyBabies Consortium (2020)",407.642201834862,"12-15 mo",17,0.335316965172506,0.119300550987243,"german",0,"typical","a.yes","1","a.cf","a.preference","a.tape recording","eye-tracking",16,"within_two","laboratory","unfamiliar mother",1,0,1,"b.naturalistic","test_only","b.nonnative",NA,NA,NA,NA,NA,NA,NA,NA,NA,NA,NA,NA,NA,NA,NA,NA,"a.no",FALSE,TRUE,21.9489416561732,"udssaarland, #1",0.335316965172506,0.119300550987243,0.345399118393841,-0.341652867171308,1.01228679751632,0.331642834107316,FALSE,"Replications","Replications"
"96","MB","udssaarland","ManyBabies Consortium (2020)",239.75,"6-9 mo",11,-0.0244912959051086,0.181831814172162,"german",0,"typical","a.yes","2","a.cf","a.preference","a.tape recording","eye-tracking",16,"within_two","laboratory","unfamiliar mother",1,0,1,"b.naturalistic","test_only","b.nonnative",NA,NA,NA,NA,NA,NA,NA,NA,NA,NA,NA,NA,NA,NA,NA,NA,"a.no",FALSE,TRUE,7.95792483660131,"udssaarland, #2",-0.0244912959051086,0.181831814172162,0.426417417763582,-0.8602540771023,0.811271485292083,0.954198661526822,FALSE,"Replications","Replications"
"97","MB","udssaarland","ManyBabies Consortium (2020)",310.945652173913,"9-12 mo",15,-0.269345907976917,0.134542453635732,"german",0,"typical","a.yes","3","a.cf","a.preference","a.tape recording","eye-tracking",16,"within_two","laboratory","unfamiliar mother",1,0,1,"b.naturalistic","test_only","b.nonnative",NA,NA,NA,NA,NA,NA,NA,NA,NA,NA,NA,NA,NA,NA,NA,NA,"a.no",FALSE,TRUE,13.8908958510941,"udssaarland, #3",-0.269345907976917,0.134542453635732,0.36680029121544,-0.988261268277983,0.44956945232415,0.462758518671729,FALSE,"Replications","Replications"
"98","MB","unlvmusiclab","ManyBabies Consortium (2020)",138.108527131783,"3-6 mo",20,0.812014922883943,0.108242102937328,"english",1,"typical","a.yes","1","a.cf","a.preference","a.tape recording","eye-tracking",16,"within_two","laboratory","unfamiliar mother",1,0,1,"b.naturalistic","test_only","a.native",NA,NA,NA,NA,NA,NA,NA,NA,NA,NA,NA,NA,NA,NA,NA,NA,"a.no",FALSE,TRUE,-0.512197902416782,"unlvmusiclab, #1",0.812014922883943,0.108242102937328,0.329001676192277,0.167183486693772,1.45684635907411,0.0135825578687956,TRUE,"Replications","Replications"
"99","MB","weescienceedinburgh","ManyBabies Consortium (2020)",212.095022624434,"6-9 mo",32,0.0208359102247266,0.0625033916808976,"english",0,"typical","a.yes","1","a.cf","a.preference","a.tape recording","eye-tracking",16,"within_two","laboratory","unfamiliar mother",1,0,1,"b.naturalistic","test_only","b.nonnative",NA,NA,NA,NA,NA,NA,NA,NA,NA,NA,NA,NA,NA,NA,NA,NA,"a.no",FALSE,TRUE,5.65334338863751,"weescienceedinburgh, #1",0.0208359102247266,0.0625033916808976,0.25000678326977,-0.469168380874733,0.510840201324186,0.933580098565361,FALSE,"Replications","Replications"
"100","MB","weltentdeckerzurich","ManyBabies Consortium (2020)",409.525179856115,"12-15 mo",30,0.265258963501297,0.0672530193143148,"swissgerman",0,"typical","a.yes","1","a.cf","a.preference","a.tape recording","eye-tracking",16,"within_two","laboratory","unfamiliar mother",1,0,1,"b.naturalistic","test_only","b.nonnative",NA,NA,NA,NA,NA,NA,NA,NA,NA,NA,NA,NA,NA,NA,NA,NA,"a.no",FALSE,TRUE,22.1058564912776,"weltentdeckerzurich, #1",0.265258963501297,0.0672530193143148,0.259331870996056,-0.24302216369436,0.773540090696953,0.306376294610998,FALSE,"Replications","Replications"
"101","MB","wsigoettingen","ManyBabies Consortium (2020)",407.735632183908,"12-15 mo",15,0.418891604066135,0.136257836265952,"german",0,"typical","a.yes","1","a.cf","a.preference","a.tape recording","eye-tracking",16,"within_two","laboratory","unfamiliar mother",1,0,1,"b.naturalistic","test_only","b.nonnative",NA,NA,NA,NA,NA,NA,NA,NA,NA,NA,NA,NA,NA,NA,NA,NA,"a.no",FALSE,TRUE,21.9567275185936,"wsigoettingen, #1",0.418891604066135,0.136257836265952,0.369131191131218,-0.304592236121423,1.14237544425369,0.256457391049306,FALSE,"Replications","Replications"
"102","MB","wsigoettingen","ManyBabies Consortium (2020)",147.477777777778,"3-6 mo",12,-0.38417163420159,0.169741413427607,"german",0,"typical","a.yes","2","a.cf","a.preference","a.tape recording","eye-tracking",16,"within_two","laboratory","unfamiliar mother",1,0,1,"b.naturalistic","test_only","b.nonnative",NA,NA,NA,NA,NA,NA,NA,NA,NA,NA,NA,NA,NA,NA,NA,NA,"a.no",FALSE,TRUE,0.268572984749456,"wsigoettingen, #2",-0.38417163420159,0.169741413427607,0.411996860943875,-1.19167064339514,0.423327374991962,0.351097543799554,FALSE,"Replications","Replications"
"103","MB","wsigoettingen","ManyBabies Consortium (2020)",221.759493670886,"6-9 mo",31,0.287948319308825,0.0651847922144579,"german",0,"typical","a.yes","3","a.cf","a.preference","a.tape recording","eye-tracking",16,"within_two","laboratory","unfamiliar mother",1,0,1,"b.naturalistic","test_only","b.nonnative",NA,NA,NA,NA,NA,NA,NA,NA,NA,NA,NA,NA,NA,NA,NA,NA,"a.no",FALSE,TRUE,6.45871597584181,"wsigoettingen, #3",0.287948319308825,0.0651847922144579,0.255313125817021,-0.212456212072879,0.788352850690529,0.259394175241298,FALSE,"Replications","Replications"
"104","MB","wsigoettingen","ManyBabies Consortium (2020)",312.670103092784,"9-12 mo",30,0.284413687793389,0.0673407595483686,"german",0,"typical","a.yes","4","a.cf","a.preference","a.tape recording","eye-tracking",16,"within_two","laboratory","unfamiliar mother",1,0,1,"b.naturalistic","test_only","b.nonnative",NA,NA,NA,NA,NA,NA,NA,NA,NA,NA,NA,NA,NA,NA,NA,NA,"a.no",FALSE,TRUE,14.0346000943333,"wsigoettingen, #4",0.284413687793389,0.0673407595483686,0.259500981786907,-0.224198890461733,0.793026266048512,0.27307774281262,FALSE,"Replications","Replications"
"105","MA","Cooper1990","Cooper & Aslin (1990)",34,"0-3 mo",12,0.72,0.1774666667,"english",1,"typical","a.yes","Cooper1990_1","a.cf","a.preference","a.tape recording","eye-tracking",NA,"within_two","Laboratory","unfamiliar female",0,0,1,"a.simulated","test_only","a.native","yes",NA,NA,NA,12,NA,34,NA,NA,NA,NA,NA,NA,NA,0.583333333,0.583333333,"a.no",TRUE,FALSE,-9.18790849673203,"Cooper1990, #1",0.72,0.1774666667,0.421267927452352,-0.105669965648442,1.54566996564844,0.0874275982589832,FALSE,"Meta-analysis","Meta-analysis"
"106","MA","Cooper1990","Cooper & Aslin (1990)",2,"0-3 mo",16,0.72,0.1331,"english",1,"typical","a.yes","Cooper1990_2","a.cf","a.preference","a.tape recording","eye-tracking",NA,"within_two","Hospital room","unfamiliar female",0,0,1,"a.simulated","test_only","a.native","yes",NA,NA,NA,16,NA,2,NA,NA,NA,NA,NA,NA,NA,0.4375,0.4375,"a.no",TRUE,FALSE,-11.8545751633987,"Cooper1990, #2",0.72,0.1331,0.364828726939094,0.00494883467377816,1.43505116532622,0.0484353465592908,TRUE,"Meta-analysis","Meta-analysis"
"107","MA","Cooper1994","Cooper & Aslin (1994)",35,"0-3 mo",12,-0.04,0.1667,"english",1,"typical","a.yes","Cooper1994_1","a.cf","a.preference","a.tape recording","eye-tracking",NA,"within_two","Laboratory","unfamiliar mother",1,0,1,"c.filtered","test_only","a.native","yes",NA,NA,NA,12,NA,35,NA,NA,NA,NA,NA,NA,NA,0.666666667,0.666666667,"a.no",TRUE,FALSE,-9.10457516339869,"Cooper1994, #1",-0.04,0.1667,0.408289113251872,-0.840231957253464,0.760231957253464,0.921956279468137,FALSE,"Meta-analysis","Meta-analysis"
"108","MA","Cooper1994","Cooper & Aslin (1994)",35,"0-3 mo",20,0.27,0.10091125,"english",1,"typical","b.no","Cooper1994_2","a.cf","a.preference","a.tape recording","eye-tracking",NA,"within_two","Laboratory","unfamiliar mother",1,0,1,"c.filtered","test_only","a.native","yes",NA,NA,NA,20,NA,35,NA,NA,NA,NA,NA,NA,NA,0.55,0.55,"a.no",TRUE,FALSE,-9.10457516339869,"Cooper1994, #2",0.27,0.10091125,0.317665311294765,-0.352612569275444,0.892612569275444,0.395352240069449,FALSE,"Meta-analysis","Meta-analysis"
"109","MA","Cooper1994","Cooper & Aslin (1994)",35,"0-3 mo",20,1.24,0.11922,"english",1,"typical","a.yes","Cooper1994_3","a.cf","a.preference","a.tape recording","eye-tracking",NA,"within_two","Laboratory","unfamiliar female",0,0,1,"c.filtered","test_only","a.native","yes",NA,NA,NA,20,NA,35,NA,NA,NA,NA,NA,NA,NA,0.4,0.4,"a.no",TRUE,FALSE,-9.10457516339869,"Cooper1994, #3",1.24,0.11922,0.345282493040119,0.563258749149165,1.91674125085084,0.000329080231392664,TRUE,"Meta-analysis","Meta-analysis"
"110","MA","Cooper1994","Cooper & Aslin (1994)",35,"0-3 mo",20,-0.28,0.10098,"english",1,"typical","a.yes","Cooper1994_3","a.cf","a.preference","a.tape recording","eye-tracking",NA,"within_two","Laboratory","unfamiliar female",0,0,1,"c.filtered","test_only","a.native","yes",NA,NA,NA,20,NA,35,NA,NA,NA,NA,NA,NA,NA,0.4,0.4,"a.no",TRUE,FALSE,-9.10457516339869,"Cooper1994, #4",-0.28,0.10098,0.317773504244769,-0.902824623560832,0.342824623560832,0.378247065908813,FALSE,"Meta-analysis","Meta-analysis"
"111","MA","Cooper1997","Cooper et al. (1997)",39,"0-3 mo",20,-0.36,0.10162,"english",1,"typical","a.yes","Cooper1997_1","a.cf","a.preference","a.tape recording","eye-tracking",NA,"within_two","Laboratory","childs mother",1,1,1,"b.naturalistic","test_only","a.native","yes",NA,NA,NA,20,NA,39,NA,NA,NA,NA,NA,NA,NA,0.4,0.4,"b.yes",TRUE,FALSE,-8.77124183006536,"Cooper1997, #1",-0.36,0.10162,0.318778920256657,-0.984795202733613,0.264795202733613,0.258767378145559,FALSE,"Meta-analysis","Meta-analysis"
"112","MA","Cooper1997","Cooper et al. (1997)",43,"0-3 mo",20,0.45,0.10253125,"english",1,"typical","a.yes","Cooper1997_2","a.cf","a.preference","a.tape recording","eye-tracking",NA,"within_two","Laboratory","unfamiliar mother",1,0,1,"b.naturalistic","test_only","a.native","yes",NA,NA,NA,20,NA,43,NA,NA,NA,NA,NA,NA,NA,0.2,0.2,"a.no",TRUE,FALSE,-8.43790849673203,"Cooper1997, #2",0.45,0.10253125,0.32020501245296,-0.177590292077,1.077590292077,0.159917333085893,FALSE,"Meta-analysis","Meta-analysis"
"113","MA","Cooper1997","Cooper et al. (1997)",126,"3-6 mo",23,0.34,0.08821304348,"english",1,"typical","a.yes","Cooper1997_3","a.cf","a.preference","a.tape recording","eye-tracking",NA,"within_two","Laboratory","childs mother",1,1,1,"b.naturalistic","test_only","a.native","yes",NA,NA,NA,23,NA,126,NA,NA,NA,NA,NA,NA,NA,0.47826087,0.47826087,"b.yes",TRUE,FALSE,-1.52124183006536,"Cooper1997, #3",0.34,0.08821304348,0.297006807127379,-0.242122645132897,0.922122645132897,0.252310699367118,FALSE,"Meta-analysis","Meta-analysis"
"114","MA","Fernald1985","Fernald (1985)",123,"3-6 mo",48,0.65,0.0438671875,"english",1,"typical","a.yes","Fernald1985","c.other","a.preference","a.tape recording","behavior",NA,"within_two","Laboratory","unfamiliar mother",1,0,1,"b.naturalistic","conditioning","a.native","yes",NA,NA,NA,48,NA,123,NA,NA,NA,NA,NA,NA,NA,0.4375,0.4375,"a.no",TRUE,FALSE,-1.77124183006536,"Fernald1985, #1",0.65,0.0438671875,0.20944495100145,0.239495439293401,1.0605045607066,0.0019128451937207,TRUE,"Meta-analysis","Meta-analysis"
"115","MA","Fernald1987","Fernald & Kuhl (1987)",124,"3-6 mo",20,1.54,0.129645,"english",1,"typical","a.yes","Fernald1987_1","c.other","a.preference","a.tape recording","behavior",NA,"within_two","Laboratory","unfamiliar mother",1,0,1,"d.synthesized","conditioning","c.artificial","yes",NA,NA,NA,20,NA,124,NA,NA,NA,NA,NA,NA,NA,0.45,0.45,"a.no",TRUE,FALSE,-1.68790849673203,"Fernald1987, #1",1.54,0.129645,0.360062494575594,0.834290478448186,2.24570952155181,0.0000189398777781236,TRUE,"Meta-analysis","Meta-analysis"
"116","MA","Fernald1987","Fernald & Kuhl (1987)",122,"3-6 mo",20,0,0.1,"english",1,"typical","a.yes","Fernald1987_2","c.other","a.preference","a.tape recording","behavior",NA,"within_two","Laboratory","unfamiliar mother",1,0,1,"d.synthesized","conditioning","c.artificial","yes",NA,NA,NA,20,NA,122,NA,NA,NA,NA,NA,NA,NA,0.5,0.5,"a.no",TRUE,FALSE,-1.85457516339869,"Fernald1987, #2",0,0.1,0.316227766016838,-0.619795032304561,0.619795032304561,1,FALSE,"Meta-analysis","Meta-analysis"
"117","MA","Fernald1987","Fernald & Kuhl (1987)",125,"3-6 mo",20,0.8,0.108,"english",1,"typical","a.yes","Fernald1987_3","c.other","a.preference","a.tape recording","behavior",NA,"within_two","Laboratory","unfamiliar mother",1,0,1,"d.synthesized","conditioning","c.artificial","yes",NA,NA,NA,20,NA,125,NA,NA,NA,NA,NA,NA,NA,0.5,0.5,"a.no",TRUE,FALSE,-1.60457516339869,"Fernald1987, #3",0.8,0.108,0.3286335345031,0.155890108261824,1.44410989173818,0.0149196963058218,TRUE,"Meta-analysis","Meta-analysis"
"118","MA","Glenn1983","Glenn & Cunningham (1983)",372,"9-12 mo",10,2.56,0.36384,"english",0,"non-typical","a.yes","Glenn1983_1_sample2","c.other","a.preference","a.tape recording","behavior",NA,"within_two","Home","childs mother",1,0,1,"b.naturalistic","conditioning","a.native","yes",NA,NA,NA,10,NA,372,NA,NA,NA,NA,NA,NA,NA,0.5,0.5,"b.yes",TRUE,FALSE,18.9787581699346,"Glenn1983, #1",2.56,0.36384,0.603191511876618,1.37776636094157,3.74223363905844,0.0000219480738183897,TRUE,"Meta-analysis","Meta-analysis"
"119","MA","Glenn1983","Glenn & Cunningham (1983)",279,"6-9 mo",10,2.39,0.3428025,"english",0,"typical","a.yes","Glenn1983_1_sample1","c.other","a.preference","a.tape recording","behavior",NA,"within_two","Home","childs mother",1,0,1,"b.naturalistic","conditioning","a.native","yes",NA,NA,NA,10,NA,279,NA,NA,NA,NA,NA,NA,NA,0.5,0.5,"b.yes",TRUE,FALSE,11.2287581699346,"Glenn1983, #2",2.39,0.3428025,0.585493381687616,1.24245405870571,3.53754594129429,0.0000446445405080098,TRUE,"Meta-analysis","Meta-analysis"
"120","MA","Kaplan1995a","Kaplan et al. (1995a)",124,"3-6 mo",38.5,0.76,0.05643157895,"english",1,"typical","a.yes","Kaplan1995a_1_a","a.cf","a.preference","a.tape recording","eye-tracking",NA,"between","Laboratory","unfamiliar mother",1,0,1,"a.simulated","test_only","a.native","yes",NA,NA,NA,38,39,124,NA,NA,NA,NA,NA,NA,NA,NA,NA,"a.no",TRUE,FALSE,-1.68790849673203,"Kaplan1995a, #1",0.76,0.05643157895,0.237553318120375,0.294404052076079,1.22559594792392,0.0013777044627048,TRUE,"Meta-analysis","Meta-analysis"
"121","MA","Kaplan1995a","Kaplan et al. (1995a)",126,"3-6 mo",26,0.82,0.08338846154,"english",1,"typical","a.yes","Kaplan1995a_2_a","a.cf","a.preference","a.tape recording","eye-tracking",NA,"within_two","Laboratory","unfamiliar female",0,0,1,"a.simulated","test_only","a.native","yes",NA,NA,NA,26,NA,126,NA,NA,NA,NA,NA,NA,NA,NA,NA,"a.no",TRUE,FALSE,-1.52124183006536,"Kaplan1995a, #2",0.82,0.08338846154,0.288770603663185,0.254020017026268,1.38597998297373,0.00451667058845828,TRUE,"Meta-analysis","Meta-analysis"
"122","MA","Kaplan1995b","Kaplan et al. (1995b)",124,"3-6 mo",15,0.44,0.13656,"english",1,"typical","b.no","Kaplan1995b_1_after_9th_trial","a.cf","a.preference","a.tape recording","eye-tracking",NA,"between","Laboratory","unfamiliar mother",1,0,1,"a.simulated","familiarization","a.native","yes",NA,NA,NA,15,15,124,NA,NA,NA,NA,NA,NA,NA,0.6,0.6,"a.no",TRUE,FALSE,-1.68790849673203,"Kaplan1995b, #1",0.44,0.13656,0.369540254911424,-0.284285590464141,1.16428559046414,0.233783685944199,FALSE,"Meta-analysis","Meta-analysis"
"123","MA","Kaplan1995b","Kaplan et al. (1995b)",124,"3-6 mo",15,0.88,0.14624,"english",1,"typical","b.no","Kaplan1995b_1_after_10th_trial","a.cf","a.preference","a.tape recording","eye-tracking",NA,"between","Laboratory","unfamiliar mother",1,0,1,"a.simulated","familiarization","a.native","yes",NA,NA,NA,15,15,124,NA,NA,NA,NA,NA,NA,NA,0.6,0.6,"a.no",TRUE,FALSE,-1.68790849673203,"Kaplan1995b, #2",0.88,0.14624,0.382413388886948,0.130483530575673,1.62951646942433,0.021381760622466,TRUE,"Meta-analysis","Meta-analysis"
"124","MA","Kaplan1995b","Kaplan et al. (1995b)",121,"3-6 mo",20,0.14,0.100245,"english",1,"typical","b.no","Kaplan1995b_2_after_9th_trial","a.cf","a.preference","a.tape recording","eye-tracking",NA,"between","Laboratory","unfamiliar female",0,0,1,"a.simulated","familiarization","a.native","yes",NA,NA,NA,20,20,121,NA,NA,NA,NA,NA,NA,NA,0.55,0.55,"a.no",TRUE,FALSE,-1.93790849673203,"Kaplan1995b, #3",0.14,0.100245,0.316614908050774,-0.480553816747977,0.760553816747977,0.658360740150062,FALSE,"Meta-analysis","Meta-analysis"
"125","MA","Kaplan1995b","Kaplan et al. (1995b)",121,"3-6 mo",20,0.36,0.10162,"english",1,"typical","b.no","Kaplan1995b_2_after_10th_trial","a.cf","a.preference","a.tape recording","eye-tracking",NA,"between","Laboratory","unfamiliar female",0,0,1,"a.simulated","familiarization","a.native","yes",NA,NA,NA,20,20,121,NA,NA,NA,NA,NA,NA,NA,0.55,0.55,"a.no",TRUE,FALSE,-1.93790849673203,"Kaplan1995b, #4",0.36,0.10162,0.318778920256657,-0.264795202733613,0.984795202733613,0.258767378145559,FALSE,"Meta-analysis","Meta-analysis"
"126","MA","Pegg1989","Pegg et al. (1989)",49,"0-3 mo",48,0.56,0.0433,"english",1,"typical","a.yes","Pegg1989","a.cf","a.preference","a.tape recording","eye-tracking",NA,"within_two","Laboratory","unfamiliar female",0,0,1,"a.simulated","test_only","a.native","yes",NA,NA,NA,48,NA,49,NA,NA,NA,NA,NA,NA,NA,NA,NA,"a.no",TRUE,FALSE,-7.93790849673203,"Pegg1989, #1",0.56,0.0433,0.208086520466848,0.152157914216721,0.967842085783279,0.00711980055929762,TRUE,"Meta-analysis","Meta-analysis"
"127","MA","Pegg1989","Pegg et al. (1989)",49,"0-3 mo",48,1.15,0.0485546875,"english",1,"typical","a.yes","Pegg1989","a.cf","a.preference","a.tape recording","eye-tracking",NA,"within_two","Laboratory","unfamiliar male",0,0,0,"a.simulated","test_only","a.native","yes",NA,NA,NA,48,NA,49,NA,NA,NA,NA,NA,NA,NA,NA,NA,"a.no",TRUE,FALSE,-7.93790849673203,"Pegg1989, #2",1.15,0.0485546875,0.220351282047552,0.71811942323957,1.58188057676043,0.000000179950571110865,TRUE,"Meta-analysis","Meta-analysis"
"128","MA","Pegg1992","Pegg et al. (1992)",49,"0-3 mo",48,0.46,0.04276875,"english",1,"typical","a.yes","Pegg1992_2_femaleVoice","a.cf","a.preference","a.tape recording","eye-tracking",NA,"within_two","Laboratory","unfamiliar female",0,0,1,"a.simulated","test_only","a.native","yes",NA,NA,NA,48,NA,49,NA,NA,NA,NA,NA,NA,NA,NA,NA,"a.no",TRUE,FALSE,-7.93790849673203,"Pegg1992, #1",0.46,0.04276875,0.206806068576336,0.0546675538060618,0.865332446193938,0.0261278565302256,TRUE,"Meta-analysis","Meta-analysis"
"129","MA","Pegg1992","Pegg et al. (1992)",49,"0-3 mo",48,1.15,0.0485546875,"english",1,"typical","a.yes","Pegg1992_2_maleVoice","a.cf","a.preference","a.tape recording","eye-tracking",NA,"within_two","Laboratory","unfamiliar male",0,0,0,"a.simulated","test_only","a.native","yes",NA,NA,NA,48,NA,49,NA,NA,NA,NA,NA,NA,NA,NA,NA,"a.no",TRUE,FALSE,-7.93790849673203,"Pegg1992, #2",1.15,0.0485546875,0.220351282047552,0.71811942323957,1.58188057676043,0.000000179950571110865,TRUE,"Meta-analysis","Meta-analysis"
"130","MA","Schachner2011","Schachner & Hannon (2011)",156,"3-6 mo",20,0.31,0.10120125,"english",1,"typical","b.no","Schachner2011","a.cf","a.preference","b.video recording","eye-tracking",NA,"within_two","Laboratory","unfamiliar females",0,0,1,"a.simulated","test_only","a.native","yes",NA,NA,NA,20,NA,156,NA,NA,NA,NA,NA,NA,NA,0.5,0.5,"a.no",TRUE,FALSE,0.97875816993464,"Schachner2011, #1",0.31,0.10120125,0.318121439076338,-0.313506563299675,0.933506563299675,0.329822913748832,FALSE,"Meta-analysis","Meta-analysis"
"131","MA","Schachner2011","Schachner & Hannon (2011)",156,"3-6 mo",20,1.26,0.119845,"english",1,"typical","b.no","Schachner2011","c.other","a.preference","b.video recording","behavior",NA,"within_two","Laboratory","unfamiliar females",0,0,1,"a.simulated","familiarization","a.native","yes",NA,NA,NA,20,NA,156,NA,NA,NA,NA,NA,NA,NA,0.5,0.5,"a.no",TRUE,FALSE,0.97875816993464,"Schachner2011, #2",1.26,0.119845,0.34618636599381,0.581487190713331,1.93851280928667,0.000273000313993244,TRUE,"Meta-analysis","Meta-analysis"
"132","MA","Singh2002","Singh et al. (2002)",179,"3-6 mo",36,-0.16,0.05573333333,"english",1,"typical","a.yes","Singh2002_2","b.hpp","a.preference","a.tape recording","behavior",NA,"within_two","Laboratory","unfamiliar mother",1,0,1,"a.simulated","familiarization","a.native","yes",NA,NA,NA,36,NA,179,NA,NA,NA,NA,NA,NA,NA,0.388888889,0.388888889,"a.no",TRUE,FALSE,2.89542483660131,"Singh2002, #1",-0.16,0.05573333333,0.236079082787951,-0.622706499767633,0.302706499767633,0.49793719793396,FALSE,"Meta-analysis","Meta-analysis"
"133","MA","Singh2002","Singh et al. (2002)",179,"3-6 mo",36,-0.3,0.05618055556,"english",1,"typical","a.yes","Singh2002_2","b.hpp","a.preference","a.tape recording","behavior",NA,"within_two","Laboratory","unfamiliar mother",1,0,1,"a.simulated","familiarization","a.native","yes",NA,NA,NA,36,NA,179,NA,NA,NA,NA,NA,NA,NA,0.388888889,0.388888889,"a.no",TRUE,FALSE,2.89542483660131,"Singh2002, #2",-0.3,0.05618055556,0.23702437756484,-0.764559243485111,0.164559243485111,0.20562315975935,FALSE,"Meta-analysis","Meta-analysis"
"134","MA","Singh2002","Singh et al. (2002)",179,"3-6 mo",36,-0.54,0.05758055556,"english",1,"typical","a.yes","Singh2002_2","b.hpp","a.preference","a.tape recording","behavior",NA,"within_two","Laboratory","unfamiliar mother",1,0,1,"a.simulated","familiarization","a.native","yes",NA,NA,NA,36,NA,179,NA,NA,NA,NA,NA,NA,NA,0.388888889,0.388888889,"a.no",TRUE,FALSE,2.89542483660131,"Singh2002, #3",-0.54,0.05758055556,0.239959487330674,-1.01031195291682,-0.0696880470831833,0.0244248417045561,FALSE,"Meta-analysis","Meta-analysis"
"135","MA","Singh2002","Singh et al. (2002)",189,"3-6 mo",24,0.24,0.08393333333,"english",1,"typical","a.yes","Singh2002_2A","b.hpp","a.preference","a.tape recording","behavior",NA,"within_two","Laboratory","unfamiliar mother",1,0,1,"a.simulated","familiarization","a.native","yes",NA,NA,NA,24,NA,189,NA,NA,NA,NA,NA,NA,NA,0.541666667,0.541666667,"a.no",TRUE,FALSE,3.72875816993464,"Singh2002, #4",0.24,0.08393333333,0.289712501162791,-0.327826068150088,0.807826068150088,0.407439777724011,FALSE,"Meta-analysis","Meta-analysis"
"136","MA","Singh2002","Singh et al. (2002)",187,"3-6 mo",14,0.5,0.1473214286,"english",1,"typical","b.no","Singh2002_3","b.hpp","a.preference","a.tape recording","behavior",NA,"between","Laboratory","unfamiliar mother",1,0,1,"a.simulated","familiarization","a.native","yes",NA,NA,NA,14,14,187,187,NA,NA,NA,NA,NA,NA,0.428571429,0.428571429,"a.no",TRUE,FALSE,3.56209150326797,"Singh2002, #5",0.5,0.1473214286,0.383824736826589,-0.252282660555678,1.25228266055568,0.192684751992143,FALSE,"Meta-analysis","Meta-analysis"
"137","MA","Singh2002","Singh et al. (2002)",187,"3-6 mo",14,0.61,0.1495017857,"english",1,"typical","b.no","Singh2002_3","b.hpp","a.preference","a.tape recording","behavior",NA,"between","Laboratory","unfamiliar mother",1,0,1,"a.simulated","familiarization","a.native","yes",NA,NA,NA,14,14,187,187,NA,NA,NA,NA,NA,NA,0.428571429,0.428571429,"a.no",TRUE,FALSE,3.56209150326797,"Singh2002, #6",0.61,0.1495017857,0.386654607757363,-0.147829105660892,1.36782910566089,0.114649392982715,FALSE,"Meta-analysis","Meta-analysis"
"138","MA","Singh2009","Singh et al. (2009)",224,"6-9 mo",16,0.29,0.1263140625,"english",1,"typical","b.no","Singh2009","b.hpp","a.preference","a.tape recording","behavior",NA,"between","Laboratory","unfamiliar mother",1,0,1,"a.simulated","familiarization","a.native","yes",NA,NA,NA,16,16,224,224,NA,NA,NA,NA,NA,NA,0.375,0.375,"a.no",TRUE,FALSE,6.64542483660131,"Singh2009, #1",0.29,0.1263140625,0.355406897091207,-0.406584718155899,0.986584718155899,0.414519492166314,FALSE,"Meta-analysis","Meta-analysis"
"139","MA","Singh2009","Singh et al. (2009)",224,"6-9 mo",16,0.29,0.1263140625,"english",1,"typical","b.no","Singh2009","b.hpp","a.preference","a.tape recording","behavior",NA,"between","Laboratory","unfamiliar mother",1,0,1,"a.simulated","familiarization","a.native","yes",NA,NA,NA,16,16,224,224,NA,NA,NA,NA,NA,NA,0.375,0.375,"a.no",TRUE,FALSE,6.64542483660131,"Singh2009, #2",0.29,0.1263140625,0.355406897091207,-0.406584718155899,0.986584718155899,0.414519492166314,FALSE,"Meta-analysis","Meta-analysis"
"140","MA","Trainor1996","Trainor et al. (1996)",179,"3-6 mo",60,2.27,0.05480375,"english",1,"typical","a.yes","Trainor1996_2","b.hpp","a.preference","a.tape recording","behavior",NA,"within_two","Laboratory","unfamiliar mother",1,0,1,"b.naturalistic","test_only","a.native","yes",NA,NA,NA,60,NA,179,NA,NA,NA,NA,NA,NA,NA,NA,NA,"a.no",TRUE,FALSE,2.89542483660131,"Trainor1996, #1",2.27,0.05480375,0.234102007680413,1.81116849623787,2.72883150376213,0,TRUE,"Meta-analysis","Meta-analysis"
"141","MA","Trainor1996","Trainor et al. (1996)",179,"3-6 mo",60,1.94,0.049015,"english",1,"typical","a.yes","Trainor1996_2","b.hpp","a.preference","a.tape recording","behavior",NA,"within_two","Laboratory","unfamiliar mother",1,0,1,"b.naturalistic","test_only","a.native","yes",NA,NA,NA,60,NA,179,NA,NA,NA,NA,NA,NA,NA,NA,NA,"a.no",TRUE,FALSE,2.89542483660131,"Trainor1996, #2",1.94,0.049015,0.221393315165567,1.50607707585756,2.37392292414244,0,TRUE,"Meta-analysis","Meta-analysis"
"142","MA","Werker1989","Werker & McLeod (1989)",154,"3-6 mo",12,3.15,0.3733854167,"english",1,"typical","a.yes","Werker1989_1","a.cf","a.preference","b.video recording","eye-tracking",NA,"within_two","Laboratory","unfamiliar female",0,0,NA,"a.simulated","test_only","a.native","yes",NA,NA,NA,12,NA,154,NA,NA,NA,NA,NA,NA,NA,NA,NA,"a.no",TRUE,FALSE,0.812091503267974,"Werker1989, #1",3.15,0.3733854167,0.611052711883353,1.9523586920531,4.3476413079469,0.000000253579389264402,TRUE,"Meta-analysis","Meta-analysis"
"143","MA","Werker1989","Werker & McLeod (1989)",132,"3-6 mo",16,0.66,0.13180625,"english",1,"typical","a.yes","Werker1989_2_4m.o.","a.cf","a.preference","b.video recording","eye-tracking",NA,"within_two","Laboratory living room like setting","unfamiliar female",0,0,NA,"a.simulated","test_only","a.native","yes",NA,NA,NA,16,NA,132,NA,NA,NA,NA,NA,NA,NA,NA,NA,"a.no",TRUE,FALSE,-1.02124183006536,"Werker1989, #2",0.66,0.13180625,0.363051304914333,-0.0515674821723621,1.37156748217236,0.0690756149887259,FALSE,"Meta-analysis","Meta-analysis"
"144","MA","Werker1989","Werker & McLeod (1989)",132,"3-6 mo",16,0.54,0.12955625,"english",1,"typical","a.yes","Werker1989_2_4m.o.","a.cf","b.affect","b.video recording","other",NA,"within_two","Laboratory living room like setting","unfamiliar female",0,0,NA,"a.simulated","test_only","a.native","yes",NA,NA,NA,16,NA,132,NA,NA,NA,NA,NA,NA,NA,NA,NA,"a.no",TRUE,FALSE,-1.02124183006536,"Werker1989, #3",0.54,0.12955625,0.35993923098212,-0.165467929347999,1.245467929348,0.133548815114067,FALSE,"Meta-analysis","Meta-analysis"
"145","MA","Werker1989","Werker & McLeod (1989)",249,"6-9 mo",16,1.27,0.1502015625,"english",1,"typical","a.yes","Werker1989_2_8m.o.","a.cf","a.preference","b.video recording","eye-tracking",NA,"within_two","Laboratory living room like setting","unfamiliar female",0,0,NA,"a.simulated","test_only","a.native","yes",NA,NA,NA,16,NA,249,NA,NA,NA,NA,NA,NA,NA,NA,NA,"a.no",TRUE,FALSE,8.72875816993464,"Werker1989, #4",1.27,0.1502015625,0.387558463331663,0.510399369966253,2.02960063003375,0.00104944258224715,TRUE,"Meta-analysis","Meta-analysis"
"146","MA","Werker1989","Werker & McLeod (1989)",249,"6-9 mo",16,1.17,0.1463890625,"english",1,"typical","a.yes","Werker1989_2_8m.o.","a.cf","b.affect","b.video recording","other",NA,"within_two","Laboratory living room like setting","unfamiliar female",0,0,NA,"a.simulated","test_only","a.native","yes",NA,NA,NA,16,NA,249,NA,NA,NA,NA,NA,NA,NA,NA,NA,"a.no",TRUE,FALSE,8.72875816993464,"Werker1989, #5",1.17,0.1463890625,0.382608236320129,0.420101636624157,1.91989836337584,0.00222850646588668,TRUE,"Meta-analysis","Meta-analysis"
"147","MA","Werker1989","Werker & McLeod (1989)",142,"3-6 mo",16,1.15,0.1456640625,"english",1,"typical","a.yes","Werker1989_3","a.cf","b.affect","a.tape recording","other",NA,"within_two","Laboratory","unfamiliar female",0,0,1,"a.simulated","test_only","a.native","yes",NA,NA,NA,16,NA,142,NA,NA,NA,NA,NA,NA,NA,NA,NA,"a.no",TRUE,FALSE,-0.187908496732026,"Werker1989, #6",1.15,0.1456640625,0.381659616019301,0.401960898248785,1.89803910175122,0.00258545890379924,TRUE,"Meta-analysis","Meta-analysis"
"148","MA","Werker1994","Werker et al. (1994)",142,"3-6 mo",10,0.62,0.20961,"english",1,"typical","a.yes","Werker1994_1_5m.o.","a.cf","a.preference","b.video recording","eye-tracking",NA,"within_two","Laboratory living room like setting","unfamiliar mother",1,0,1,"b.naturalistic","test_only","b.nonnative","yes",NA,NA,NA,10,NA,142,NA,NA,NA,NA,NA,NA,NA,NA,NA,"a.no",TRUE,FALSE,-0.187908496732026,"Werker1994, #1",0.62,0.20961,0.457831846860832,-0.277333930822687,1.51733393082269,0.17566971372335,FALSE,"Meta-analysis","Meta-analysis"
"149","MA","Werker1994","Werker et al. (1994)",142,"3-6 mo",10,0.72,0.21296,"english",1,"typical","a.yes","Werker1994_1_5m.o.","a.cf","b.affect","b.video recording","other",NA,"within_two","Laboratory living room like setting","unfamiliar mother",1,0,1,"b.naturalistic","test_only","b.nonnative","yes",NA,NA,NA,10,NA,142,NA,NA,NA,NA,NA,NA,NA,NA,NA,"a.no",TRUE,FALSE,-0.187908496732026,"Werker1994, #2",0.72,0.21296,0.461475893194867,-0.184476130395391,1.62447613039539,0.118709906613035,FALSE,"Meta-analysis","Meta-analysis"
"150","MA","Werker1994","Werker et al. (1994)",262,"6-9 mo",10,0.73,0.2133225,"english",1,"typical","a.yes","Werker1994_1_9m.o.","a.cf","a.preference","b.video recording","eye-tracking",NA,"within_two","Laboratory living room like setting","unfamiliar mother",1,0,1,"b.naturalistic","test_only","b.nonnative","yes",NA,NA,NA,10,NA,262,NA,NA,NA,NA,NA,NA,NA,NA,NA,"a.no",TRUE,FALSE,9.81209150326797,"Werker1994, #3",0.73,0.2133225,0.461868487775471,-0.1752456016339,1.6352456016339,0.113984056440039,FALSE,"Meta-analysis","Meta-analysis"
"151","MA","Werker1994","Werker et al. (1994)",262,"6-9 mo",10,0.53,0.2070225,"english",1,"typical","a.yes","Werker1994_1_9m.o.","a.cf","b.affect","b.video recording","other",NA,"within_two","Laboratory living room like setting","unfamiliar mother",1,0,1,"b.naturalistic","test_only","b.nonnative","yes",NA,NA,NA,10,NA,262,NA,NA,NA,NA,NA,NA,NA,NA,NA,"a.no",TRUE,FALSE,9.81209150326797,"Werker1994, #4",0.53,0.2070225,0.454997252738959,-0.361778228433028,1.42177822843303,0.244082874264615,FALSE,"Meta-analysis","Meta-analysis"
"152","MA","Werker1994","Werker et al. (1994)",142,"3-6 mo",10,0.24,0.20144,"cantonese",0,"typical","a.yes","Werker1994_2_5m.o.","a.cf","a.preference","b.video recording","eye-tracking",NA,"within_two","Laboratory living room like setting","unfamiliar mother",1,0,1,"b.naturalistic","test_only","a.native","yes",NA,NA,NA,10,NA,142,NA,NA,NA,NA,NA,NA,NA,NA,NA,"a.no",TRUE,FALSE,-0.187908496732026,"Werker1994, #5",0.24,0.20144,0.448820676885546,-0.639672362212559,1.11967236221256,0.592833307705,FALSE,"Meta-analysis","Meta-analysis"
"153","MA","Werker1994","Werker et al. (1994)",142,"3-6 mo",10,0.74,0.21369,"cantonese",0,"typical","a.yes","Werker1994_2_5m.o.","a.cf","b.affect","b.video recording","other",NA,"within_two","Laboratory living room like setting","unfamiliar mother",1,0,1,"b.naturalistic","test_only","a.native","yes",NA,NA,NA,10,NA,142,NA,NA,NA,NA,NA,NA,NA,NA,NA,"a.no",TRUE,FALSE,-0.187908496732026,"Werker1994, #6",0.74,0.21369,0.462266157099998,-0.16602501918773,1.64602501918773,0.109419145584278,FALSE,"Meta-analysis","Meta-analysis"
"154","MA","Werker1994","Werker et al. (1994)",262,"6-9 mo",10,0.4,0.204,"cantonese",0,"typical","a.yes","Werker1994_2_9m.o.","a.cf","a.preference","b.video recording","eye-tracking",NA,"within_two","Laboratory living room like setting","unfamiliar mother",1,0,1,"b.naturalistic","test_only","a.native","yes",NA,NA,NA,10,NA,262,NA,NA,NA,NA,NA,NA,NA,NA,NA,"a.no",TRUE,FALSE,9.81209150326797,"Werker1994, #7",0.4,0.204,0.451663591625449,-0.485244372713886,1.28524437271389,0.375825087488698,FALSE,"Meta-analysis","Meta-analysis"
"155","MA","Werker1994","Werker et al. (1994)",262,"6-9 mo",10,1.23,0.2378225,"cantonese",0,"typical","a.yes","Werker1994_2_9m.o.","a.cf","b.affect","b.video recording","other",NA,"within_two","Laboratory living room like setting","unfamiliar mother",1,0,1,"b.naturalistic","test_only","a.native","yes",NA,NA,NA,10,NA,262,NA,NA,NA,NA,NA,NA,NA,NA,NA,"a.no",TRUE,FALSE,9.81209150326797,"Werker1994, #8",1.23,0.2378225,0.487670483010813,0.274183416975554,2.18581658302445,0.0116625074370225,TRUE,"Meta-analysis","Meta-analysis"
