"","X1","study_type","study_id","short_cite","mean_age","age_group","n","d_calc","d_var_calc","native_lang","prop_female","prop_nae","infant_type","main_question_ids_preference","same_infant","method","dependent_measure","presentation","response_mode","parent_education","prop_caregiver_seat","num_trials","participant_design","setting","speaker","speaker_experience","speaker_fam","speaker_female","speech_type","exposure_phase","test_lang","es_method","trial_control","d","d_var","own_mother","isMeta","isRep","mean_agec","yi","vi","sei","pval","affirm"
"1",1,"MB","babylabbrookes","ManyBabies Consortium (2020)",410.25,"12-15 mo",16,0.31,0.190695252006425,"english",0.596153846153846,0,"typical","a.yes",1,"singlescreen","a.looking_time","a.tape recording","eye-tracking",16.4423076923077,1,16,"within_two","laboratory","unfamiliar mother",1,0,1,"b.naturalistic","test_only","nonnative",NA,NA,NA,NA,"a.no",FALSE,TRUE,22.049591503268,0.31,0.190695252006425,0.436686674867032,0.477771647164883,FALSE
"2",2,"MB","babylabbrookes","ManyBabies Consortium (2020)",138.888888888889,"3-6 mo",20,1.75885181398566,0.150676659831301,"english",0.281045751633987,0,"typical","a.yes",2,"singlescreen","a.looking_time","a.tape recording","eye-tracking",16.0119746195315,1,16,"within_two","laboratory","unfamiliar mother",1,0,1,"b.naturalistic","test_only","nonnative",NA,NA,NA,NA,"a.no",FALSE,TRUE,-0.563834422657942,1.75885181398566,0.150676659831301,0.388170915746274,5.86697837889893e-06,TRUE
"3",3,"MB","babylabbrookes","ManyBabies Consortium (2020)",231.122807017544,"6-9 mo",15,0.282556239087563,0.129645,"english",0.535087719298246,0,"typical","a.yes",3,"singlescreen","a.looking_time","a.tape recording","eye-tracking",16.6768454154254,1,16,"within_two","laboratory","unfamiliar mother",1,0,1,"b.naturalistic","test_only","nonnative",NA,NA,NA,NA,"a.no",FALSE,TRUE,7.12232542139664,0.282556239087563,0.129645,0.360062494575594,0.432604726951977,FALSE
"4",4,"MB","babylabkingswood","ManyBabies Consortium (2020)",414.091954022988,"12-15 mo",15,0.66,0.173336870368135,"english",0.379310344827586,0,"typical","a.yes",1,"b.hpp","a.looking_time","a.tape recording","behavior",16.2020833333333,1,16,"within_two","laboratory","unfamiliar mother",1,0,1,"b.naturalistic","test_only","nonnative",NA,NA,NA,NA,"a.no",FALSE,TRUE,22.369754338517,0.66,0.173336870368135,0.416337447712952,0.112908965555153,FALSE
"5",5,"MB","babylabkingswood","ManyBabies Consortium (2020)",218.326923076923,"6-9 mo",15,0.256398579030209,0.129995720878384,"english",0.307692307692308,0,"typical","a.yes",2,"b.hpp","a.looking_time","a.tape recording","behavior",15.7171474358974,1,16,"within_two","laboratory","unfamiliar mother",1,0,1,"b.naturalistic","test_only","nonnative",NA,NA,NA,NA,"a.no",FALSE,TRUE,6.05600175967823,0.256398579030209,0.129995720878384,0.360549193423566,0.477001565383857,FALSE
"6",6,"MB","babylabkonstanz","ManyBabies Consortium (2020)",231.926315789474,"6-9 mo",15,0.498240237567761,0.072741474087069,"german",0.578947368421053,0,"typical","a.yes",1,"b.hpp","a.looking_time","a.tape recording","behavior",17.3473684210526,1,16,"within_two","laboratory","unfamiliar mother",1,0,1,"b.naturalistic","test_only","nonnative",NA,NA,NA,NA,"a.no",FALSE,TRUE,7.18928448572414,0.498240237567761,0.072741474087069,0.269706273725824,0.06469731533178,FALSE
"7",7,"MB","babylablangessex","ManyBabies Consortium (2020)",229.243902439024,"6-9 mo",11,-0.30069119894959,0.125674871224561,"english",0.146341463414634,0,"typical","a.yes",1,"eyetracking","a.looking_time","a.tape recording","eye-tracking",15.0622593068036,0.0487804878048781,16,"within_two","laboratory","unfamiliar mother",1,0,1,"b.naturalistic","test_only","nonnative",NA,NA,NA,NA,"a.no",FALSE,TRUE,6.96575003985331,-0.30069119894959,0.125674871224561,0.354506517887275,0.396328528457858,FALSE
"8",8,"MB","babylableiden","ManyBabies Consortium (2020)",324.708333333333,"9-12 mo",15,0.259821812196078,0.05480375,"dutch",0.416666666666667,0,"typical","a.yes",1,"b.hpp","a.looking_time","a.tape recording","behavior",18.2430555555556,1,16,"within_two","laboratory","unfamiliar mother",1,0,1,"b.naturalistic","test_only","nonnative",NA,NA,NA,NA,"a.no",FALSE,TRUE,14.9211192810457,0.259821812196078,0.05480375,0.234102007680413,0.267056859468293,FALSE
"9",9,"MB","babylablmu","ManyBabies Consortium (2020)",409.482142857143,"12-15 mo",21,0.54,0.136368599510022,"german",0.410714285714286,0,"typical","a.yes",1,"eyetracking","a.looking_time","a.tape recording","eye-tracking",17.2678571428571,0.142857142857143,16,"within_two","laboratory","unfamiliar mother",1,0,1,"b.naturalistic","test_only","nonnative",NA,NA,NA,NA,"a.no",FALSE,TRUE,21.9856034080299,0.54,0.136368599510022,0.369281193008826,0.143658935866119,FALSE
"10",10,"MB","babylablmu","ManyBabies Consortium (2020)",324.384615384615,"9-12 mo",16,0.284413687793389,0.112234255137301,"german",0.435897435897436,0,"typical","a.yes",2,"eyetracking","a.looking_time","a.tape recording","eye-tracking",16.2446657183499,0.256410256410256,16,"within_two","laboratory","unfamiliar mother",1,0,1,"b.naturalistic","test_only","nonnative",NA,NA,NA,NA,"a.no",FALSE,TRUE,14.8941427853192,0.284413687793389,0.112234255137301,0.335013813352974,0.395902951040387,FALSE
"11",11,"MB","babylabnijmegen","ManyBabies Consortium (2020)",234.631016042781,"6-9 mo",27,0.54085485444389,0.142962168463699,"dutch",0.577540106951872,0,"typical","a.yes",1,"b.hpp","a.looking_time","a.tape recording","behavior",17.2999507065396,1,16,"within_two","laboratory","unfamiliar mother",1,0,1,"b.naturalistic","test_only","nonnative",NA,NA,NA,NA,"a.no",FALSE,TRUE,7.41467617349972,0.54085485444389,0.142962168463699,0.378103383301048,0.152590281072242,FALSE
"12",12,"MB","babylabnijmegen","ManyBabies Consortium (2020)",333.912,"9-12 mo",22,0.565443309463076,0.158493637947662,"dutch",0.392,0,"typical","a.yes",2,"b.hpp","a.looking_time","a.tape recording","behavior",16.8294392523364,1,16,"within_two","laboratory","unfamiliar mother",1,0,1,"b.naturalistic","test_only","nonnative",NA,NA,NA,NA,"a.no",FALSE,TRUE,15.688091503268,0.565443309463076,0.158493637947662,0.398112594560461,0.155517443638689,FALSE
"13",13,"MB","babylabparisdescartes1","ManyBabies Consortium (2020)",406.116279069767,"12-15 mo",15,0.287948319308825,0.0488435611570153,"french",0.348837209302326,0,"typical","a.yes",1,"b.hpp","a.looking_time","a.tape recording","behavior",16.3610393339075,1,16,"within_two","laboratory","unfamiliar mother",1,0,1,"b.naturalistic","test_only","nonnative",NA,NA,NA,NA,"a.no",FALSE,TRUE,21.7051147590819,0.287948319308825,0.0488435611570153,0.221005794396924,0.192609105118466,FALSE
"14",14,"MB","babylabplymouth","ManyBabies Consortium (2020)",317.072727272727,"9-12 mo",26,0.335316965172506,0.204,"english",0.436363636363636,0,"typical","a.yes",1,"b.hpp","a.looking_time","a.tape recording","behavior",14.6575757575758,1,16,"within_two","laboratory","unfamiliar mother",1,0,1,"b.naturalistic","test_only","nonnative",NA,NA,NA,NA,"a.no",FALSE,TRUE,14.2848187759952,0.335316965172506,0.204,0.451663591625449,0.457842451807902,FALSE
"15",15,"MB","babylabpotsdam","ManyBabies Consortium (2020)",306.996632996633,"9-12 mo",45,0.142749926674702,0.126583840528482,"german",0.498316498316498,0,"typical","a.yes",1,"b.hpp","a.looking_time","a.tape recording","behavior",14.1075085324232,1,16,"within_two","laboratory","unfamiliar mother",1,0,1,"b.naturalistic","test_only","nonnative",NA,NA,NA,NA,"a.no",FALSE,TRUE,13.4451442529874,0.142749926674702,0.126583840528482,0.355786228694257,0.6882553099129,FALSE
"16",16,"MB","babylabpotsdam","ManyBabies Consortium (2020)",306.996632996633,"9-12 mo",45,0.0638661541698014,0.20961,"german",0.498316498316498,0,"typical","a.yes",2,"b.hpp","a.looking_time","a.tape recording","eye-tracking",14.1075085324232,1,16,"within_two","laboratory","unfamiliar mother",1,0,1,"b.naturalistic","test_only","nonnative",NA,NA,NA,NA,"a.no",FALSE,TRUE,13.4451442529874,0.0638661541698014,0.20961,0.457831846860832,0.889057452255575,FALSE
"17",17,"MB","babylabpotsdam","ManyBabies Consortium (2020)",306.996632996633,"9-12 mo",45,0.383464597781507,0.12665121604122,"german",0.498316498316498,0,"typical","a.yes",3,"singlescreen","a.looking_time","a.tape recording","behavior",14.1075085324232,1,16,"within_two","laboratory","unfamiliar mother",1,0,1,"b.naturalistic","test_only","nonnative",NA,NA,NA,NA,"a.no",FALSE,TRUE,13.4451442529874,0.383464597781507,0.12665121604122,0.355880901484218,0.281253279112513,FALSE
"18",18,"MB","babylabpotsdam","ManyBabies Consortium (2020)",306.996632996633,"9-12 mo",45,1.94,0.0812338554980169,"german",0.498316498316498,0,"typical","a.yes",4,"singlescreen","a.looking_time","a.tape recording","eye-tracking",14.1075085324232,1,16,"within_two","laboratory","unfamiliar mother",1,0,1,"b.naturalistic","test_only","nonnative",NA,NA,NA,NA,"a.no",FALSE,TRUE,13.4451442529874,1.94,0.0812338554980169,0.285015535538007,9.99000882018208e-12,TRUE
"19",19,"MB","babylabprinceton","ManyBabies Consortium (2020)",414.016949152542,"12-15 mo",14,0.566876383705669,0.20144,"english",0.457627118644068,1,"non-typical","a.yes",1,"b.hpp","a.looking_time","a.tape recording","behavior",16.9237288135593,1,16,"within_two","laboratory","unfamiliar mother",1,0,1,"b.naturalistic","test_only","a.native",NA,NA,NA,NA,"a.no",FALSE,TRUE,22.3635039326465,0.566876383705669,0.20144,0.448820676885546,0.206576473535518,FALSE
"20",20,"MB","babylabshimane","ManyBabies Consortium (2020)",145.877551020408,"3-6 mo",13,0.059622926745294,0.0653142442896865,"japanese",0.510204081632653,0,"typical","a.yes",1,"eyetracking","a.looking_time","a.tape recording","eye-tracking",15.2142857142857,1,16,"within_two","laboratory","unfamiliar mother",1,0,1,"b.naturalistic","test_only","nonnative",NA,NA,NA,NA,"a.no",FALSE,TRUE,0.0185540883019737,0.059622926745294,0.0653142442896865,0.25556651637037,0.815530711507988,FALSE
"21",21,"MB","babylabshimane","ManyBabies Consortium (2020)",230.358974358974,"6-9 mo",13,2.27,0.0927424056718229,"japanese",0.525641025641026,0,"typical","a.yes",2,"eyetracking","a.looking_time","a.tape recording","eye-tracking",14.9679487179487,1,16,"within_two","laboratory","unfamiliar mother",1,0,1,"b.naturalistic","test_only","nonnative",NA,NA,NA,NA,"a.no",FALSE,TRUE,7.05867269984914,2.27,0.0927424056718229,0.30453637824047,9.05941988094128e-14,TRUE
"22",22,"MB","babylabuclajohnson","ManyBabies Consortium (2020)",405.17094017094,"12-15 mo",22,0.508800297860568,0.135374750464306,"english",0.615384615384615,1,"typical","a.yes",1,"eyetracking","a.looking_time","a.tape recording","eye-tracking",17.0982905982906,1,16,"within_two","laboratory","unfamiliar mother",1,0,1,"b.naturalistic","test_only","a.native",NA,NA,NA,NA,"a.no",FALSE,TRUE,21.626336517513,0.508800297860568,0.135374750464306,0.367933078785132,0.166707496774507,FALSE
"23",23,"MB","babylabutrecht","ManyBabies Consortium (2020)",224.755208333333,"6-9 mo",30,0.566876383705669,0.168550316606786,"dutch",0.40625,0,"typical","a.yes",1,"b.hpp","a.looking_time","a.tape recording","behavior",15.6666666666667,1,16,"within_two","laboratory","unfamiliar mother",1,0,1,"b.naturalistic","test_only","nonnative",NA,NA,NA,NA,"a.no",FALSE,TRUE,6.59169219771239,0.566876383705669,0.168550316606786,0.410548799300139,0.167347504278409,FALSE
"24",24,"MB","babylabutrecht","ManyBabies Consortium (2020)",325.650793650794,"9-12 mo",31,0.491598589581393,0.169741413427607,"dutch",0.523809523809524,0,"typical","a.yes",2,"b.hpp","a.looking_time","a.tape recording","behavior",15.5978835978836,1,16,"within_two","laboratory","unfamiliar mother",1,0,1,"b.naturalistic","test_only","nonnative",NA,NA,NA,NA,"a.no",FALSE,TRUE,14.9996576408341,0.491598589581393,0.169741413427607,0.411996860943875,0.232787314935847,FALSE
"25",25,"MB","babylabvuw","ManyBabies Consortium (2020)",227.021978021978,"6-9 mo",13,0.17460611782741,0.0715176752601525,"english",0.461538461538462,0,"typical","a.yes",1,"singlescreen","a.looking_time","a.tape recording","eye-tracking",15.7764705882353,1,16,"within_two","laboratory","unfamiliar mother",1,0,1,"b.naturalistic","test_only","nonnative",NA,NA,NA,NA,"a.no",FALSE,TRUE,6.78058967176614,0.17460611782741,0.0715176752601525,0.267427887962629,0.513814842968157,FALSE
"26",26,"MB","babylabyork","ManyBabies Consortium (2020)",218.90756302521,"6-9 mo",16,0.0466829153351577,0.203363572758799,"english",0.53781512605042,0,"typical","a.yes",1,"singlescreen","a.looking_time","a.tape recording","eye-tracking",16.7478991596639,1,16,"within_two","laboratory","unfamiliar mother",1,0,1,"b.naturalistic","test_only","nonnative",NA,NA,NA,NA,"a.no",FALSE,TRUE,6.10438842203548,0.0466829153351577,0.203363572758799,0.450958504475522,0.91755082094287,FALSE
"27",27,"MB","babylabyork","ManyBabies Consortium (2020)",313.851485148515,"9-12 mo",16,0.812014922883943,0.0588274822151007,"english",0.554455445544555,0,"typical","a.yes",2,"singlescreen","a.looking_time","a.tape recording","eye-tracking",16.7871287128713,1,16,"within_two","laboratory","unfamiliar mother",1,0,1,"b.naturalistic","test_only","nonnative",NA,NA,NA,NA,"a.no",FALSE,TRUE,14.0163819323109,0.812014922883943,0.0588274822151007,0.242543773812276,0.000814232102251733,TRUE
"28",28,"MB","babylingoslo","ManyBabies Consortium (2020)",234.610169491525,"6-9 mo",18,0.266733762613958,0.0462297157466845,"norwegian",0.406779661016949,0,"typical","a.yes",1,"eyetracking","a.looking_time","a.tape recording","eye-tracking",16.7966101694915,0,16,"within_two","laboratory","unfamiliar mother",1,0,1,"b.naturalistic","test_only","nonnative",NA,NA,NA,NA,"a.no",FALSE,TRUE,7.41293896089506,0.266733762613958,0.0462297157466845,0.215010966573067,0.214768752452019,FALSE
"29",29,"MB","baldwinlabuoregon","ManyBabies Consortium (2020)",322.295918367347,"9-12 mo",16,0.522670334442159,0.0438671875,"english",0.489795918367347,1,"typical","a.yes",1,"singlescreen","a.looking_time","a.tape recording","eye-tracking",16.9347826086957,0,16,"within_two","laboratory","unfamiliar mother",1,0,1,"b.naturalistic","test_only","a.native",NA,NA,NA,NA,"a.no",FALSE,TRUE,14.7200847005469,0.522670334442159,0.0438671875,0.20944495100145,0.0125778977944291,TRUE
"30",30,"MB","bchdosu","ManyBabies Consortium (2020)",405.736263736264,"12-15 mo",15,-0.04,0.0651847922144579,"english",0.428571428571429,1,"typical","a.yes",1,"singlescreen","a.looking_time","a.tape recording","eye-tracking",15.2203296703297,1,16,"within_two","laboratory","unfamiliar mother",1,0,1,"b.naturalistic","test_only","a.native",NA,NA,NA,NA,"a.no",FALSE,TRUE,21.6734468146233,-0.04,0.0651847922144579,0.255313125817021,0.875504645800836,FALSE
"31",31,"MB","bchdosu","ManyBabies Consortium (2020)",141.274809160305,"3-6 mo",20,0.56,0.100009461951532,"english",0.473282442748092,1,"typical","a.yes",2,"singlescreen","a.looking_time","a.tape recording","eye-tracking",15.9198473282443,1,16,"within_two","laboratory","unfamiliar mother",1,0,1,"b.naturalistic","test_only","a.native",NA,NA,NA,NA,"a.no",FALSE,TRUE,-0.365007733373275,0.56,0.100009461951532,0.316242726321938,0.0765953440192202,FALSE
"32",32,"MB","bchdosu","ManyBabies Consortium (2020)",241.038834951456,"6-9 mo",15,0.574899581408515,0.1,"english",0.504854368932039,1,"non-typical","a.yes",3,"singlescreen","a.looking_time","a.tape recording","eye-tracking",16.7233009708738,1,16,"within_two","laboratory","unfamiliar mother",1,0,1,"b.naturalistic","test_only","a.native",NA,NA,NA,NA,"a.no",FALSE,TRUE,7.94866108255597,0.574899581408515,0.1,0.316227766016838,0.0690653397581555,FALSE
"33",33,"MB","bchdosu","ManyBabies Consortium (2020)",322.785714285714,"9-12 mo",16,-0.28,0.0703005053567439,"english",0.673469387755102,1,"typical","a.yes",4,"singlescreen","a.looking_time","a.tape recording","eye-tracking",15.0255102040816,1,16,"within_two","laboratory","unfamiliar mother",1,0,1,"b.naturalistic","test_only","a.native",NA,NA,NA,NA,"a.no",FALSE,TRUE,14.7609010270775,-0.28,0.0703005053567439,0.265142424664074,0.290951674123171,FALSE
"34",34,"MB","bcrlunlv","ManyBabies Consortium (2020)",409.418032786885,"12-15 mo",27,1.29920825046645,0.0913408300820264,"english",0.39344262295082,1,"typical","a.yes",1,"singlescreen","a.looking_time","a.tape recording","eye-tracking",15.2417338149486,1,16,"within_two","laboratory","unfamiliar mother",1,0,1,"b.naturalistic","test_only","a.native",NA,NA,NA,NA,"a.no",FALSE,TRUE,21.9802609021751,1.29920825046645,0.0913408300820264,0.302226454967176,1.71732608980069e-05,TRUE
"35",35,"MB","bllumanitoba","ManyBabies Consortium (2020)",410.622448979592,"12-15 mo",16,0.592761021262913,0.144031075559441,"english",0.612244897959184,1,"typical","a.yes",1,"b.hpp","a.looking_time","a.tape recording","behavior",15.7526077097506,1,16,"within_two","laboratory","unfamiliar mother",1,0,1,"b.naturalistic","test_only","a.native",NA,NA,NA,NA,"a.no",FALSE,TRUE,22.080628918234,0.592761021262913,0.144031075559441,0.37951426265615,0.118312979881064,FALSE
"36",36,"MB","bllumanitoba","ManyBabies Consortium (2020)",166.542553191489,"3-6 mo",13,0.661662493784321,0.23844,"english",0.425531914893617,1,"typical","a.yes",2,"b.hpp","a.looking_time","a.tape recording","behavior",16.9627659574468,1,16,"within_two","laboratory","unfamiliar mother",1,0,1,"b.naturalistic","test_only","a.native",NA,NA,NA,NA,"a.no",FALSE,TRUE,1.74063760255872,0.661662493784321,0.23844,0.48830318450733,0.175409937062397,FALSE
"37",37,"MB","bllumanitoba","ManyBabies Consortium (2020)",234.769633507853,"6-9 mo",26,-0.0246617250735111,0.187460075780263,"english",0.287958115183246,1,"typical","a.yes",3,"b.hpp","a.looking_time","a.tape recording","behavior",14.8272251308901,1,16,"within_two","laboratory","unfamiliar mother",1,0,1,"b.naturalistic","test_only","a.native",NA,NA,NA,NA,"a.no",FALSE,TRUE,7.42622762892239,-0.0246617250735111,0.187460075780263,0.432966598919897,0.954577155166703,FALSE
"38",38,"MB","bllumanitoba","ManyBabies Consortium (2020)",313.816993464052,"9-12 mo",23,0.162128517001555,0.160603185160166,"english",0.516339869281046,1,"typical","a.yes",4,"b.hpp","a.looking_time","a.tape recording","behavior",16,1,16,"within_two","laboratory","unfamiliar mother",1,0,1,"b.naturalistic","test_only","a.native",NA,NA,NA,NA,"a.no",FALSE,TRUE,14.0135076252723,0.162128517001555,0.160603185160166,0.400753272176493,0.685801381978223,FALSE
"39",39,"MB","bounbcl","ManyBabies Consortium (2020)",408.931623931624,"12-15 mo",31,0.431109931148335,0.0800299152052627,"turkish",0.512820512820513,0,"typical","a.yes",1,"singlescreen","a.looking_time","a.tape recording","eye-tracking",15.9072463768116,0.931623931623932,16,"within_two","laboratory","unfamiliar mother",1,0,1,"b.naturalistic","test_only","nonnative",NA,NA,NA,NA,"a.no",FALSE,TRUE,21.9397268309033,0.431109931148335,0.0800299152052627,0.282895590643019,0.127528976973715,FALSE
"40",40,"MB","callab","ManyBabies Consortium (2020)",334.369863013699,"9-12 mo",15,0.553036017628602,0.0648011471809238,"english",0.36986301369863,1,"typical","a.yes",1,"eyetracking","a.looking_time","a.tape recording","eye-tracking",16.3219178082192,1,16,"within_two","laboratory","unfamiliar mother",1,0,1,"b.naturalistic","test_only","a.native",NA,NA,NA,NA,"a.no",FALSE,TRUE,15.7262467544096,0.553036017628602,0.0648011471809238,0.254560694493325,0.0298171086829058,TRUE
"41",41,"MB","cdcceu","ManyBabies Consortium (2020)",399.514285714286,"12-15 mo",13,0.566876383705669,0.0766779087451699,"hungarian",0.585714285714286,0,"typical","a.yes",1,"eyetracking","a.looking_time","a.tape recording","eye-tracking",17.2833333333333,1,16,"within_two","laboratory","unfamiliar mother",1,0,1,"b.naturalistic","test_only","nonnative",NA,NA,NA,NA,"a.no",FALSE,TRUE,21.1549486461251,0.566876383705669,0.0766779087451699,0.276907762161283,0.0406417077329655,TRUE
"42",42,"MB","cdcceu","ManyBabies Consortium (2020)",148.483870967742,"3-6 mo",12,0.74,0.0650898943557919,"hungarian",0.838709677419355,0,"typical","a.yes",2,"eyetracking","a.looking_time","a.tape recording","eye-tracking",18.2016129032258,1,16,"within_two","laboratory","unfamiliar mother",1,0,1,"b.naturalistic","test_only","nonnative",NA,NA,NA,NA,"a.no",FALSE,TRUE,0.235747417246476,0.74,0.0650898943557919,0.255127212103672,0.00372551430849666,TRUE
"43",43,"MB","childlabmanchester","ManyBabies Consortium (2020)",242.047619047619,"6-9 mo",11,0.73,0.21369,"english",0.476190476190476,0,"typical","a.yes",1,"eyetracking","a.looking_time","a.tape recording","eye-tracking",NA,0.404761904761905,16,"within_two","laboratory","unfamiliar mother",1,0,1,"b.naturalistic","test_only","nonnative",NA,NA,NA,NA,"a.no",FALSE,TRUE,8.03272642390289,0.73,0.21369,0.462266157099998,0.114295505206198,FALSE
"44",44,"MB","chosunbaby","ManyBabies Consortium (2020)",404.703196347032,"12-15 mo",30,-0.284370128328647,0.1727416667,"korean",0.570776255707763,0,"typical","a.yes",1,"b.hpp","a.looking_time","a.tape recording","behavior",15.6820809248555,1,16,"within_two","laboratory","unfamiliar mother",1,0,1,"b.naturalistic","test_only","nonnative",NA,NA,NA,NA,"a.no",FALSE,TRUE,21.5873578655206,-0.284370128328647,0.1727416667,0.415622023838968,0.493846543424707,FALSE
"45",45,"MB","chosunbaby","ManyBabies Consortium (2020)",224.75845410628,"6-9 mo",28,0.82,0.2378225,"korean",0.458937198067633,0,"typical","a.yes",2,"b.hpp","a.looking_time","a.tape recording","behavior",15.9047619047619,1,16,"within_two","laboratory","unfamiliar mother",1,0,1,"b.naturalistic","test_only","nonnative",NA,NA,NA,NA,"a.no",FALSE,TRUE,6.59196267879131,0.82,0.2378225,0.487670483010813,0.092672967036618,FALSE
"46",46,"MB","chosunbaby","ManyBabies Consortium (2020)",298.550724637681,"9-12 mo",19,0.0766905076728476,0.0650081806121492,"korean",0.376811594202899,0,"typical","a.yes",3,"b.hpp","a.looking_time","a.tape recording","behavior",15.4313725490196,1,16,"within_two","laboratory","unfamiliar mother",1,0,1,"b.naturalistic","test_only","nonnative",NA,NA,NA,NA,"a.no",FALSE,TRUE,12.7413185564081,0.0766905076728476,0.0650081806121492,0.254967018675258,0.763577690719399,FALSE
"47",47,"MB","cogdevlabbyu","ManyBabies Consortium (2020)",134.147058823529,"3-6 mo",18,1.15,0.200509438539141,"english",0.294117647058824,1,"non-typical","a.yes",1,"eyetracking","a.looking_time","a.tape recording","eye-tracking",15.6470588235294,1,16,"within_two","laboratory","unfamiliar mother",1,0,1,"b.naturalistic","test_only","a.native",NA,NA,NA,NA,"a.no",FALSE,TRUE,-0.95898692810461,1.15,0.200509438539141,0.447782802862215,0.0102225385793684,TRUE
"48",48,"MB","cogdevlabbyu","ManyBabies Consortium (2020)",195.916666666667,"6-9 mo",10,-0.0830792034807204,0.154412523462832,"english",0.25,1,"non-typical","a.yes",2,"eyetracking","a.looking_time","a.tape recording","eye-tracking",16,1,16,"within_two","laboratory","unfamiliar mother",1,0,1,"b.naturalistic","test_only","a.native",NA,NA,NA,NA,"a.no",FALSE,TRUE,4.18848039215689,-0.0830792034807204,0.154412523462832,0.392953589451518,0.83255765426377,FALSE
"49",49,"MB","dcnlabtennessee","ManyBabies Consortium (2020)",405.932203389831,"12-15 mo",13,0.636359350332156,0.103414803481323,"english",0.491525423728814,1,"typical","a.yes",1,"eyetracking","a.looking_time","a.tape recording","eye-tracking",16.728813559322,1,16,"within_two","laboratory","unfamiliar mother",1,0,1,"b.naturalistic","test_only","a.native",NA,NA,NA,NA,"a.no",FALSE,TRUE,21.6897751190872,0.636359350332156,0.103414803481323,0.321581721310965,0.0478338212920892,TRUE
"50",50,"MB","earlysocogfm","ManyBabies Consortium (2020)",226.265306122449,"6-9 mo",13,0.813983399153129,0.14189408811506,"english",0.346938775510204,1,"typical","a.yes",1,"eyetracking","a.looking_time","a.tape recording","eye-tracking",NA,1,16,"within_two","laboratory","unfamiliar mother",1,0,1,"b.naturalistic","test_only","a.native",NA,NA,NA,NA,"a.no",FALSE,TRUE,6.71753368013872,0.813983399153129,0.14189408811506,0.376688316934651,0.0307035540912923,TRUE
"51",51,"MB","earlysocogfm","ManyBabies Consortium (2020)",314.8125,"9-12 mo",12,0.257895185369353,0.0437404144515719,"english",0.734375,1,"typical","a.yes",2,"eyetracking","a.looking_time","a.tape recording","eye-tracking",NA,1,16,"within_two","laboratory","unfamiliar mother",1,0,1,"b.naturalistic","test_only","a.native",NA,NA,NA,NA,"a.no",FALSE,TRUE,14.096466503268,0.257895185369353,0.0437404144515719,0.209142091534851,0.217534761174563,FALSE
"52",52,"MB","escompicbsleipzig","ManyBabies Consortium (2020)",155.041095890411,"3-6 mo",13,0.530296279902419,0.0462297157466845,"german",0.616438356164384,0,"typical","a.yes",1,"eyetracking","a.looking_time","a.tape recording","eye-tracking",14.6977871443625,1,16,"within_two","laboratory","unfamiliar mother",1,0,1,"b.naturalistic","test_only","nonnative",NA,NA,NA,NA,"a.no",FALSE,TRUE,0.78218282746889,0.530296279902419,0.0462297157466845,0.215010966573067,0.0136490826501376,TRUE
"53",53,"MB","ethosrennes","ManyBabies Consortium (2020)",145.79704797048,"3-6 mo",46,0.10170560333879,0.1456640625,"french",0.512915129151292,0,"typical","a.yes",1,"eyetracking","a.looking_time","a.tape recording","eye-tracking",14.8487084870849,0,16,"within_two","laboratory","unfamiliar mother",1,0,1,"b.naturalistic","test_only","nonnative",NA,NA,NA,NA,"a.no",FALSE,TRUE,0.0118455008079756,0.10170560333879,0.1456640625,0.381659616019301,0.789867645942435,FALSE
"54",54,"MB","ethosrennes","ManyBabies Consortium (2020)",231.866666666667,"6-9 mo",41,0.62,0.126710637164122,"french",0.502564102564103,0,"typical","a.yes",2,"eyetracking","a.looking_time","a.tape recording","eye-tracking",15.8794871794872,0.98974358974359,16,"within_two","laboratory","unfamiliar mother",1,0,1,"b.naturalistic","test_only","nonnative",NA,NA,NA,NA,"a.no",FALSE,TRUE,7.18431372549022,0.62,0.126710637164122,0.355964376257122,0.0815526675864464,FALSE
"55",55,"MB","icclbc","ManyBabies Consortium (2020)",227.614285714286,"6-9 mo",13,0,0.1502015625,"english",0.185714285714286,1,"typical","a.yes",1,"singlescreen","a.looking_time","a.tape recording","eye-tracking",17.8571428571429,0,16,"within_two","laboratory","unfamiliar mother",1,0,1,"b.naturalistic","test_only","a.native",NA,NA,NA,NA,"a.no",FALSE,TRUE,6.82994864612514,0,0.1502015625,0.387558463331663,1,FALSE
"56",56,"MB","infantcoglablouisville","ManyBabies Consortium (2020)",323.597122302158,"9-12 mo",34,-0.16,0.183938597308103,"english",0.460431654676259,1,"typical","a.yes",1,"singlescreen","a.looking_time","a.tape recording","eye-tracking",16.7301346892411,1,16,"within_two","laboratory","unfamiliar mother",1,0,1,"b.naturalistic","test_only","a.native",NA,NA,NA,NA,"a.no",FALSE,TRUE,14.8285183617811,-0.16,0.183938597308103,0.428880632936605,0.709100680349052,FALSE
"57",57,"MB","infantcogubc","ManyBabies Consortium (2020)",138.040229885057,"3-6 mo",28,0.72,0.145974069044035,"english",0.379310344827586,1,"typical","a.yes",1,"singlescreen","a.looking_time","a.tape recording","eye-tracking",16.0396522800061,1,16,"within_two","laboratory","unfamiliar mother",1,0,1,"b.naturalistic","test_only","a.native",NA,NA,NA,NA,"a.no",FALSE,TRUE,-0.634556006310611,0.72,0.145974069044035,0.382065529777334,0.0594982558409598,FALSE
"58",58,"MB","infantcogubc","ManyBabies Consortium (2020)",223.266666666667,"6-9 mo",10,0.65,0.099306969131673,"english",0.644444444444444,1,"typical","a.yes",2,"eyetracking","a.looking_time","a.tape recording","eye-tracking",16.1333333333333,0,16,"within_two","laboratory","unfamiliar mother",1,0,1,"b.naturalistic","test_only","a.native",NA,NA,NA,NA,"a.no",FALSE,TRUE,6.46764705882356,0.65,0.099306969131673,0.315130082873205,0.0391468184832242,TRUE
"59",59,"MB","infantlanglabutk","ManyBabies Consortium (2020)",415.368421052632,"12-15 mo",33,0.76,0.12955625,"english",0.440191387559809,1,"typical","a.yes",1,"b.hpp","a.looking_time","a.tape recording","behavior",15.3373205741627,1,16,"within_two","laboratory","unfamiliar mother",1,0,1,"b.naturalistic","test_only","a.native",NA,NA,NA,NA,"a.no",FALSE,TRUE,22.4761265909873,0.76,0.12955625,0.35993923098212,0.0347321457292011,TRUE
"60",60,"MB","infantlanglabutk","ManyBabies Consortium (2020)",225.411504424779,"6-9 mo",32,0.0231857985348553,0.0724324980713346,"english",0.5,1,"typical","a.yes",2,"b.hpp","a.looking_time","a.tape recording","behavior",16.353982300885,1,16,"within_two","laboratory","unfamiliar mother",1,0,1,"b.naturalistic","test_only","a.native",NA,NA,NA,NA,"a.no",FALSE,TRUE,6.64638353866622,0.0231857985348553,0.0724324980713346,0.269132863231777,0.931347170089302,FALSE
"61",61,"MB","infantllmadison","ManyBabies Consortium (2020)",410.097222222222,"12-15 mo",28,0.426750478150088,0.0672530193143148,"english",0.569444444444444,1,"typical","a.yes",1,"b.hpp","a.looking_time","a.tape recording","behavior",16.6115107913669,1,16,"within_two","laboratory","unfamiliar mother",1,0,1,"b.naturalistic","test_only","a.native",NA,NA,NA,NA,"a.no",FALSE,TRUE,22.0368600217865,0.426750478150088,0.0672530193143148,0.259331870996056,0.0998509444969038,FALSE
"62",62,"MB","infantllmadison","ManyBabies Consortium (2020)",226.292134831461,"6-9 mo",31,1.15,0.109287484694665,"english",0.606741573033708,1,"typical","a.yes",2,"b.hpp","a.looking_time","a.tape recording","behavior",17.2257522923931,1,16,"within_two","laboratory","unfamiliar mother",1,0,1,"b.naturalistic","test_only","a.native",NA,NA,NA,NA,"a.no",FALSE,TRUE,6.71976940588972,1.15,0.109287484694665,0.330586576700665,0.00050391784371584,TRUE
"63",63,"MB","infantllmadison","ManyBabies Consortium (2020)",315.841807909605,"9-12 mo",31,0.546365295732077,0.145133635620827,"english",0.615819209039548,1,"typical","a.yes",3,"b.hpp","a.looking_time","a.tape recording","behavior",16.9519774011299,1,16,"within_two","laboratory","unfamiliar mother",1,0,1,"b.naturalistic","test_only","a.native",NA,NA,NA,NA,"a.no",FALSE,TRUE,14.1822421624017,0.546365295732077,0.145133635620827,0.380964087048671,0.151525230458154,FALSE
"64",64,"MB","infantstudiesubc","ManyBabies Consortium (2020)",229.036585365854,"6-9 mo",20,0.330878797301657,0.134542453635732,"english",0.353658536585366,1,"typical","a.yes",1,"b.hpp","a.looking_time","a.tape recording","behavior",16.2602739726027,1,16,"within_two","laboratory","unfamiliar mother",1,0,1,"b.naturalistic","test_only","a.native",NA,NA,NA,NA,"a.no",FALSE,TRUE,6.94847361708914,0.330878797301657,0.134542453635732,0.366800291215441,0.367020757687611,FALSE
"65",65,"MB","irlconcordia","ManyBabies Consortium (2020)",395.227272727273,"12-15 mo",16,0.72,0.154302271160169,"english",0.409090909090909,1,"typical","a.yes",1,"eyetracking","a.looking_time","a.tape recording","eye-tracking",15.4545454545455,1,16,"within_two","laboratory","unfamiliar mother",1,0,1,"b.naturalistic","test_only","a.native",NA,NA,NA,NA,"a.no",FALSE,TRUE,20.7976975638741,0.72,0.154302271160169,0.39281327772896,0.0668126943484773,FALSE
"66",66,"MB","irlconcordia","ManyBabies Consortium (2020)",227.633333333333,"6-9 mo",16,-0.269345907976917,0.097109375,"english",0.25,1,"typical","a.yes",2,"eyetracking","a.looking_time","a.tape recording","eye-tracking",15.8333333333333,1,16,"within_two","laboratory","unfamiliar mother",1,0,1,"b.naturalistic","test_only","a.native",NA,NA,NA,NA,"a.no",FALSE,TRUE,6.83153594771239,-0.269345907976917,0.097109375,0.311623771557948,0.387406399211889,FALSE
"67",67,"MB","islnotredame","ManyBabies Consortium (2020)",409.802469135802,"12-15 mo",28,-0.219627546289708,0.1774666667,"english",0.462962962962963,1,"typical","a.yes",1,"b.hpp","a.looking_time","a.tape recording","behavior",15.2808641975309,1,16,"within_two","laboratory","unfamiliar mother",1,0,1,"b.naturalistic","test_only","a.native",NA,NA,NA,NA,"a.no",FALSE,TRUE,22.0122972645848,-0.219627546289708,0.1774666667,0.421267927452352,0.602123782093404,FALSE
"68",68,"MB","isplabmcgill","ManyBabies Consortium (2020)",414.153846153846,"12-15 mo",11,0.542721695861012,0.0462297157466845,"french",0.269230769230769,0,"typical","a.yes",1,"b.hpp","a.looking_time","a.tape recording","behavior",17.9326923076923,1,16,"within_two","laboratory","unfamiliar mother",1,0,1,"b.naturalistic","test_only","nonnative",NA,NA,NA,NA,"a.no",FALSE,TRUE,22.3749120160885,0.542721695861012,0.0462297157466845,0.215010966573067,0.0115975721964752,TRUE
"69",69,"MB","kokuhamburg","ManyBabies Consortium (2020)",221.432432432432,"6-9 mo",13,2.39,0.10253125,"german",0.567567567567568,0,"typical","a.yes",1,"eyetracking","a.looking_time","a.tape recording","eye-tracking",17.1216216216216,1,16,"within_two","laboratory","unfamiliar mother",1,0,1,"b.naturalistic","test_only","nonnative",NA,NA,NA,NA,"a.no",FALSE,TRUE,6.31479420597064,2.39,0.10253125,0.32020501245296,8.39328606616618e-14,TRUE
"70",70,"MB","kyotobabylab","ManyBabies Consortium (2020)",214.26,"6-9 mo",10,0.46,0.0855375,"japanese",0.68,0,"typical","a.yes",1,"eyetracking","a.looking_time","a.tape recording","eye-tracking",NA,1,16,"within_two","laboratory","unfamiliar mother",1,0,1,"b.naturalistic","test_only","nonnative",NA,NA,NA,NA,"a.no",FALSE,TRUE,5.71709150326797,0.46,0.0855375,0.292467946961714,0.11576005688074,FALSE
"71",71,"MB","kyotobabylab","ManyBabies Consortium (2020)",303.486486486487,"9-12 mo",14,-0.210580615931752,0.08393333333,"japanese",0.608108108108108,0,"typical","a.yes",2,"eyetracking","a.looking_time","a.tape recording","eye-tracking",NA,1,16,"within_two","laboratory","unfamiliar mother",1,0,1,"b.naturalistic","test_only","nonnative",NA,NA,NA,NA,"a.no",FALSE,TRUE,13.1526320438086,-0.210580615931752,0.08393333333,0.289712501162791,0.467311326854608,FALSE
"72",72,"MB","labunam","ManyBabies Consortium (2020)",407.038461538462,"12-15 mo",11,0.27,0.10120125,"spanish",0.769230769230769,0,"typical","a.yes",1,"eyetracking","a.looking_time","a.tape recording","eye-tracking",14.4711538461538,1,16,"within_two","laboratory","unfamiliar mother",1,0,1,"b.naturalistic","test_only","nonnative",NA,NA,NA,NA,"a.no",FALSE,TRUE,21.7819632981398,0.27,0.10120125,0.318121439076338,0.396030164994913,FALSE
"73",73,"MB","labunam","ManyBabies Consortium (2020)",225.471698113208,"6-9 mo",14,0.14265281736142,0.200309418163081,"spanish",0.849056603773585,0,"typical","a.yes",2,"eyetracking","a.looking_time","a.tape recording","eye-tracking",15.2135155949172,1,16,"within_two","laboratory","unfamiliar mother",1,0,1,"b.naturalistic","test_only","nonnative",NA,NA,NA,NA,"a.no",FALSE,TRUE,6.65139967936864,0.14265281736142,0.200309418163081,0.447559401826262,0.749927520072655,FALSE
"74",74,"MB","lancaster","ManyBabies Consortium (2020)",412.851351351351,"12-15 mo",20,0.227176945071537,0.0669207274698563,"english",0.540540540540541,0,"typical","a.yes",1,"singlescreen","a.looking_time","a.tape recording","eye-tracking",15.1598426784994,1,16,"within_two","laboratory","unfamiliar mother",1,0,1,"b.naturalistic","test_only","nonnative",NA,NA,NA,NA,"a.no",FALSE,TRUE,22.2663707825472,0.227176945071537,0.0669207274698563,0.258690408538578,0.379845619931222,FALSE
"75",75,"MB","lancaster","ManyBabies Consortium (2020)",222.82905982906,"6-9 mo",19,0.4,0.0625033916808976,"english",0.435897435897436,0,"typical","a.yes",2,"eyetracking","a.looking_time","a.tape recording","eye-tracking",15.2090051986959,1,16,"within_two","laboratory","unfamiliar mother",1,0,1,"b.naturalistic","test_only","nonnative",NA,NA,NA,NA,"a.no",FALSE,TRUE,6.43117982235631,0.4,0.0625033916808976,0.25000678326977,0.10960821426837,FALSE
"76",76,"MB","langlabucla","ManyBabies Consortium (2020)",154.60663507109,"3-6 mo",29,3.15,0.125171667448699,"english",0.606635071090047,1,"typical","a.yes",1,"b.hpp","a.looking_time","a.tape recording","behavior",16.5616113744076,1,16,"within_two","laboratory","unfamiliar mother",1,0,1,"b.naturalistic","test_only","a.native",NA,NA,NA,NA,"a.no",FALSE,TRUE,0.745977759192142,3.15,0.125171667448699,0.353796081731693,0,TRUE
"77",77,"MB","langlabucla","ManyBabies Consortium (2020)",324.20207253886,"9-12 mo",29,0.194733125139256,0.159397872339914,"english",0.290155440414508,1,"typical","a.yes",2,"b.hpp","a.looking_time","a.tape recording","behavior",17.1761658031088,1,16,"within_two","laboratory","unfamiliar mother",1,0,1,"b.naturalistic","test_only","a.native",NA,NA,NA,NA,"a.no",FALSE,TRUE,14.8789308815063,0.194733125139256,0.159397872339914,0.399246630968771,0.625725900463994,FALSE
"78",78,"MB","lcdfsu","ManyBabies Consortium (2020)",312.976744186047,"9-12 mo",13,0.624972870037333,0.126990444862086,"english",0.27906976744186,1,"typical","a.yes",1,"eyetracking","a.looking_time","a.tape recording","eye-tracking",16.6854928017719,1,16,"within_two","laboratory","unfamiliar mother",1,0,1,"b.naturalistic","test_only","a.native",NA,NA,NA,NA,"a.no",FALSE,TRUE,13.9434868521052,0.624972870037333,0.126990444862086,0.356357187190165,0.079467844656006,FALSE
"79",79,"MB","ldlottawa","ManyBabies Consortium (2020)",412.704545454545,"12-15 mo",10,0.931768067846775,0.153864735864157,"english",0.522727272727273,1,"typical","a.yes",1,"singlescreen","a.looking_time","a.tape recording","eye-tracking",21.7407407407407,1,16,"within_two","laboratory","unfamiliar mother",1,0,1,"b.naturalistic","test_only","a.native",NA,NA,NA,NA,"a.no",FALSE,TRUE,22.2541369578134,0.931768067846775,0.153864735864157,0.392255957079248,0.0175295460529863,TRUE
"80",80,"MB","ldlottawa","ManyBabies Consortium (2020)",142.703703703704,"3-6 mo",12,0.250726236886461,0.105942228478579,"english",0.703703703703704,1,"typical","a.yes",2,"singlescreen","a.looking_time","a.tape recording","eye-tracking",19.6904761904762,1,16,"within_two","laboratory","unfamiliar mother",1,0,1,"b.naturalistic","test_only","a.native",NA,NA,NA,NA,"a.no",FALSE,TRUE,-0.245933188090024,0.250726236886461,0.105942228478579,0.325487677921268,0.441116347096633,FALSE
"81",81,"MB","ldlottawa","ManyBabies Consortium (2020)",245.151515151515,"6-9 mo",16,0.325081261591709,0.108,"english",0.621212121212121,1,"typical","a.yes",3,"singlescreen","a.looking_time","a.tape recording","eye-tracking",16.6618918918919,1,16,"within_two","laboratory","unfamiliar mother",1,0,1,"b.naturalistic","test_only","a.native",NA,NA,NA,NA,"a.no",FALSE,TRUE,8.29138443256089,0.325081261591709,0.108,0.3286335345031,0.32256980967367,FALSE
"82",82,"MB","ldlottawa","ManyBabies Consortium (2020)",311.632653061225,"9-12 mo",15,0.818275779793498,0.108242102937328,"english",0.571428571428571,1,"typical","a.yes",4,"singlescreen","a.looking_time","a.tape recording","eye-tracking",17.7390977443609,1,16,"within_two","laboratory","unfamiliar mother",1,0,1,"b.naturalistic","test_only","a.native",NA,NA,NA,NA,"a.no",FALSE,TRUE,13.8314792583701,0.818275779793498,0.108242102937328,0.329001676192277,0.0128771905005163,TRUE
"83",83,"MB","lllliv","ManyBabies Consortium (2020)",397,"12-15 mo",13,-0.11125073718057,0.0793177935331816,"english",0.512820512820513,0,"typical","a.yes",1,"eyetracking","a.looking_time","a.tape recording","eye-tracking",16.7165627165627,0.205128205128205,16,"within_two","laboratory","unfamiliar mother",1,0,1,"b.naturalistic","test_only","nonnative",NA,NA,NA,NA,"a.no",FALSE,TRUE,20.9454248366013,-0.11125073718057,0.0793177935331816,0.28163414837903,0.692829134454056,FALSE
"84",84,"MB","lllliv","ManyBabies Consortium (2020)",230,"6-9 mo",16,0.499049624236799,0.219571177144861,"english",0.471698113207547,0,"typical","a.yes",2,"eyetracking","a.looking_time","a.tape recording","eye-tracking",16.8301886792453,0.0566037735849057,16,"within_two","laboratory","unfamiliar mother",1,0,1,"b.naturalistic","test_only","nonnative",NA,NA,NA,NA,"a.no",FALSE,TRUE,7.02875816993464,0.499049624236799,0.219571177144861,0.468584226308207,0.286868760942169,FALSE
"85",85,"MB","lppparisdescartes2","ManyBabies Consortium (2020)",234.864406779661,"6-9 mo",25,1.27,0.2018225,"french",0.372881355932203,0,"typical","a.yes",1,"b.hpp","a.looking_time","a.tape recording","behavior",NA,1,16,"within_two","laboratory","unfamiliar mother",1,0,1,"b.naturalistic","test_only","nonnative",NA,NA,NA,NA,"a.no",FALSE,TRUE,7.43412540157306,1.27,0.2018225,0.449246591528528,0.0046992897829774,TRUE
"86",86,"MB","lscppsl","ManyBabies Consortium (2020)",410.769230769231,"12-15 mo",11,-0.102030159466746,0.119845,"french",0.384615384615385,0,"typical","a.yes",1,"eyetracking","a.looking_time","a.tape recording","eye-tracking",17.1346153846154,1,16,"within_two","laboratory","unfamiliar mother",1,0,1,"b.naturalistic","test_only","nonnative",NA,NA,NA,NA,"a.no",FALSE,TRUE,22.0928607340372,-0.102030159466746,0.119845,0.34618636599381,0.768203119118666,FALSE
"87",87,"MB","madlabucsd","ManyBabies Consortium (2020)",232.779411764706,"6-9 mo",10,0.661734803794448,0.049015,"english",0.308823529411765,1,"typical","a.yes",1,"singlescreen","a.looking_time","a.tape recording","eye-tracking",16.5352941176471,1,16,"within_two","laboratory","unfamiliar mother",1,0,1,"b.naturalistic","test_only","a.native",NA,NA,NA,NA,"a.no",FALSE,TRUE,7.26037581699348,0.661734803794448,0.049015,0.221393315165567,0.0027993274660354,TRUE
"88",88,"MB","minddevlabbicocca","ManyBabies Consortium (2020)",147.753424657534,"3-6 mo",11,0.0240859467300857,0.200014503320747,"italian",0.945205479452055,0,"typical","a.yes",1,"singlescreen","a.looking_time","a.tape recording","eye-tracking",17.3972602739726,1,16,"within_two","laboratory","unfamiliar mother",1,0,1,"b.naturalistic","test_only","nonnative",NA,NA,NA,NA,"a.no",FALSE,TRUE,0.174876891395808,0.0240859467300857,0.200014503320747,0.447229810411546,0.957050003013745,FALSE
"89",89,"MB","musdevutm","ManyBabies Consortium (2020)",226.497695852535,"6-9 mo",30,0.425332860957199,0.097109375,"english",0.433179723502304,1,"typical","a.yes",1,"b.hpp","a.looking_time","a.tape recording","behavior",16.3543934637904,1,16,"within_two","laboratory","unfamiliar mother",1,0,1,"b.naturalistic","test_only","a.native",NA,NA,NA,NA,"a.no",FALSE,TRUE,6.73689949097922,0.425332860957199,0.097109375,0.311623771557948,0.172286928296101,FALSE
"90",90,"MB","pocdnorthwestern","ManyBabies Consortium (2020)",413.693693693694,"12-15 mo",28,0.487940311030265,0.0808168579111073,"english",0.558558558558559,1,"typical","a.yes",1,"eyetracking","a.looking_time","a.tape recording","eye-tracking",17.5675675675676,1,16,"within_two","laboratory","unfamiliar mother",1,0,1,"b.naturalistic","test_only","a.native",NA,NA,NA,NA,"a.no",FALSE,TRUE,22.3365659777425,0.487940311030265,0.0808168579111073,0.28428305948668,0.0860908718376139,FALSE
"91",91,"MB","purdueinfantspeech","ManyBabies Consortium (2020)",395.77245508982,"12-15 mo",31,0.0275128355961749,0.134763359803415,"english",0.455089820359281,1,"typical","a.yes",1,"b.hpp","a.looking_time","a.tape recording","behavior",16.3785824577261,1,16,"within_two","laboratory","unfamiliar mother",1,0,1,"b.naturalistic","test_only","a.native",NA,NA,NA,NA,"a.no",FALSE,TRUE,20.8431294274196,0.0275128355961749,0.134763359803415,0.367101293655328,0.940257542270861,FALSE
"92",92,"MB","purdueinfantspeech","ManyBabies Consortium (2020)",309,"9-12 mo",26,1.23,0.100808721418122,"english",0.467836257309941,1,"typical","a.yes",2,"b.hpp","a.looking_time","a.tape recording","behavior",15.9480512658893,1,16,"within_two","laboratory","unfamiliar mother",1,0,1,"b.naturalistic","test_only","a.native",NA,NA,NA,NA,"a.no",FALSE,TRUE,13.612091503268,1.23,0.100808721418122,0.317503891973188,0.000107077364654984,TRUE
"93",93,"MB","socialcogumiami","ManyBabies Consortium (2020)",135.775862068966,"3-6 mo",18,1.04794647562645,0.069915929449973,"english",0.396551724137931,1,"typical","a.yes",1,"eyetracking","a.looking_time","a.tape recording","eye-tracking",14.5335753176044,1,16,"within_two","laboratory","unfamiliar mother",1,0,1,"b.naturalistic","test_only","a.native",NA,NA,NA,NA,"a.no",FALSE,TRUE,-0.823253324318191,1.04794647562645,0.069915929449973,0.264416204968555,7.39375131453279e-05,TRUE
"94",94,"MB","trainorlab","ManyBabies Consortium (2020)",242.411392405063,"6-9 mo",24,0.0310848023342501,0.142929980100865,"english",0.341772151898734,1,"typical","a.yes",1,"b.hpp","a.looking_time","a.tape recording","behavior",15.7658227848101,1,16,"within_two","laboratory","unfamiliar mother",1,0,1,"b.naturalistic","test_only","a.native",NA,NA,NA,NA,"a.no",FALSE,TRUE,8.06304087035656,0.0310848023342501,0.142929980100865,0.378060815347035,0.934470419039619,FALSE
"95",95,"MB","udssaarland","ManyBabies Consortium (2020)",407.642201834862,"12-15 mo",17,0.139348104892075,0.119300550987243,"german",0.26605504587156,0,"typical","a.yes",1,"singlescreen","a.looking_time","a.tape recording","eye-tracking",14.2838816139678,1,16,"within_two","laboratory","unfamiliar mother",1,0,1,"b.naturalistic","test_only","nonnative",NA,NA,NA,NA,"a.no",FALSE,TRUE,21.8322749895065,0.139348104892075,0.119300550987243,0.345399118393842,0.686623959609014,FALSE
"96",96,"MB","udssaarland","ManyBabies Consortium (2020)",239.75,"6-9 mo",11,0.34,0.155125190896859,"german",0.3625,0,"typical","a.yes",2,"singlescreen","a.looking_time","a.tape recording","eye-tracking",15.1986301369863,1,16,"within_two","laboratory","unfamiliar mother",1,0,1,"b.naturalistic","test_only","nonnative",NA,NA,NA,NA,"a.no",FALSE,TRUE,7.84125816993464,0.34,0.155125190896859,0.39385935420764,0.387998754846739,FALSE
"97",97,"MB","udssaarland","ManyBabies Consortium (2020)",310.945652173913,"9-12 mo",15,-0.366800913782895,0.0866,"german",0.58695652173913,0,"typical","a.yes",3,"singlescreen","a.looking_time","a.tape recording","eye-tracking",14.8804347826087,1,16,"within_two","laboratory","unfamiliar mother",1,0,1,"b.naturalistic","test_only","nonnative",NA,NA,NA,NA,"a.no",FALSE,TRUE,13.7742291844274,-0.366800913782895,0.0866,0.294278779391243,0.212602814117083,FALSE
"98",98,"MB","unlvmusiclab","ManyBabies Consortium (2020)",138.108527131783,"3-6 mo",20,-0.289571265296287,0.0673407595483686,"english",0.612403100775194,1,"typical","a.yes",1,"singlescreen","a.looking_time","a.tape recording","eye-tracking",15.0901321641886,1,16,"within_two","laboratory","unfamiliar mother",1,0,1,"b.naturalistic","test_only","a.native",NA,NA,NA,NA,"a.no",FALSE,TRUE,-0.628864569083442,-0.289571265296287,0.0673407595483686,0.259500981786907,0.264474642577771,FALSE
"99",99,"MB","weescienceedinburgh","ManyBabies Consortium (2020)",212.095022624434,"6-9 mo",32,0.528291227449768,0.134458456234881,"english",0.461538461538462,0,"typical","a.yes",1,"singlescreen","a.looking_time","a.tape recording","eye-tracking",18.1823204419889,1,16,"within_two","laboratory","unfamiliar mother",1,0,1,"b.naturalistic","test_only","nonnative",NA,NA,NA,NA,"a.no",FALSE,TRUE,5.53667672197081,0.528291227449768,0.134458456234881,0.366685773155819,0.149664033258449,FALSE
"100",100,"MB","weltentdeckerzurich","ManyBabies Consortium (2020)",409.525179856115,"12-15 mo",30,0.335320419881451,0.133392581556561,"swissgerman",0.388489208633094,0,"typical","a.yes",1,"eyetracking","a.looking_time","a.tape recording","eye-tracking",15.794964028777,0,16,"within_two","laboratory","unfamiliar mother",1,0,1,"b.naturalistic","test_only","nonnative",NA,NA,NA,NA,"a.no",FALSE,TRUE,21.9891898246109,0.335320419881451,0.133392581556561,0.365229491630346,0.358561894453757,FALSE
"101",101,"MB","wsigoettingen","ManyBabies Consortium (2020)",407.735632183908,"12-15 mo",15,0.207826269686768,0.10162,"german",0.172413793103448,0,"typical","a.yes",1,"singlescreen","a.looking_time","a.tape recording","eye-tracking",16.8965517241379,0.574712643678161,16,"within_two","laboratory","unfamiliar mother",1,0,1,"b.naturalistic","test_only","nonnative",NA,NA,NA,NA,"a.no",FALSE,TRUE,21.840060851927,0.207826269686768,0.10162,0.318778920256657,0.514436761997396,FALSE
"102",102,"MB","wsigoettingen","ManyBabies Consortium (2020)",147.477777777778,"3-6 mo",12,0.265258963501297,0.0762785717326695,"german",0.477777777777778,0,"typical","a.yes",2,"singlescreen","a.looking_time","a.tape recording","eye-tracking",17.25,1,16,"within_two","laboratory","unfamiliar mother",1,0,1,"b.naturalistic","test_only","nonnative",NA,NA,NA,NA,"a.no",FALSE,TRUE,0.151906318082807,0.265258963501297,0.0762785717326695,0.276185755846802,0.336835424620326,FALSE
"103",103,"MB","wsigoettingen","ManyBabies Consortium (2020)",221.759493670886,"6-9 mo",31,0.314589084237084,0.130565103888084,"german",0.451476793248945,0,"typical","a.yes",3,"singlescreen","a.looking_time","a.tape recording","eye-tracking",15.7380404405721,1,16,"within_two","laboratory","unfamiliar mother",1,0,1,"b.naturalistic","test_only","nonnative",NA,NA,NA,NA,"a.no",FALSE,TRUE,6.34204930917514,0.314589084237084,0.130565103888084,0.361337935855183,0.383960084543334,FALSE
"104",104,"MB","wsigoettingen","ManyBabies Consortium (2020)",312.670103092784,"9-12 mo",30,0.349978610572626,0.168329958921819,"german",0.530927835051546,0,"typical","a.yes",4,"singlescreen","a.looking_time","a.tape recording","eye-tracking",17.0231958762887,0.804123711340206,16,"within_two","laboratory","unfamiliar mother",1,0,1,"b.naturalistic","test_only","nonnative",NA,NA,NA,NA,"a.no",FALSE,TRUE,13.9179334276666,0.349978610572626,0.168329958921819,0.410280341866167,0.393646492186412,FALSE
"105",105,"MA","Cooper1990","Cooper & Aslin (1990)",34,"0-3 mo",12,1.54,0.138208732892925,"english",0.583333333,1,"typical","a.yes",1,"a.cf","a.looking_time","a.tape recording","eye-tracking",NA,NA,NA,"within_two","Laboratory","unfamiliar female",0,0,1,"a.simulated","test_only","a.native","reported_d","a.infant_controlled",0.72,0.1774666667,"a.no",TRUE,FALSE,-9.30457516339869,1.54,0.138208732892925,0.371764351293834,3.43676726839437e-05,TRUE
"106",106,"MA","Cooper1990","Cooper & Aslin (1990)",2,"0-3 mo",16,1.15,0.0705250693328451,"english",0.4375,1,"typical","a.yes",2,"a.cf","a.looking_time","a.tape recording","eye-tracking",NA,NA,NA,"within_two","Hospital room","unfamiliar female",0,0,1,"a.simulated","test_only","a.native","reported_d","a.infant_controlled",0.72,0.1331,"a.no",TRUE,FALSE,-11.9712418300654,1.15,0.0705250693328451,0.265565565035916,1.48851766530456e-05,TRUE
"107",107,"MA","Cooper1994","Cooper & Aslin (1994)",35,"0-3 mo",12,1.039818079937,0.134381060764387,"english",0.666666667,1,"typical","a.yes",1,"a.cf","a.looking_time","a.tape recording","eye-tracking",NA,NA,NA,"within_two","Laboratory","unfamiliar mother",1,0,1,"c.filtered","test_only","a.native","reported_d","a.infant_controlled",-0.04,0.1667,"a.no",TRUE,FALSE,-9.22124183006536,1.039818079937,0.134381060764387,0.366580224186176,0.00456058065474441,TRUE
"108",108,"MA","Cooper1994","Cooper & Aslin (1994)",35,"0-3 mo",10,-0.305447674007374,0.08338846154,"english",0.55,1,"typical","b.no",2,"a.cf","a.looking_time","a.tape recording","eye-tracking",NA,NA,3,"between","Laboratory","unfamiliar mother",1,0,1,"c.filtered","test_only","a.native","reported_d","a.infant_controlled",0.27,0.2018225,"a.no",TRUE,FALSE,-9.22124183006536,-0.305447674007374,0.08338846154,0.288770603663185,0.290168536485456,FALSE
"109",109,"MA","Cooper1994","Cooper & Aslin (1994)",35,"0-3 mo",10,-0.36,0.161465701301335,"english",0.4,1,"typical","a.yes",3,"a.cf","a.looking_time","a.tape recording","eye-tracking",NA,NA,NA,"within_two","Laboratory","unfamiliar female",0,0,1,"c.filtered","test_only","a.native","reported_d","a.infant_controlled",1.24,0.23844,"a.no",TRUE,FALSE,-9.22124183006536,-0.36,0.161465701301335,0.401827949875734,0.37030306410545,FALSE
"110",110,"MA","Cooper1994","Cooper & Aslin (1994)",35,"0-3 mo",10,0.841438136317581,0.166587864886479,"english",0.4,1,"typical","a.yes",3,"a.cf","a.looking_time","a.tape recording","eye-tracking",NA,NA,NA,"within_two","Laboratory","unfamiliar female",0,0,1,"c.filtered","test_only","a.native","reported_d","a.infant_controlled",-0.28,0.20196,"a.no",TRUE,FALSE,-9.22124183006536,0.841438136317581,0.166587864886479,0.408151766977039,0.0392475958295038,TRUE
"111",111,"MA","Cooper1997","Cooper et al. (1997)",38.7,"0-3 mo",20,1.24,0.062867538154397,"english",0.4,1,"typical","a.yes",1,"a.cf","a.looking_time","a.tape recording","eye-tracking",NA,NA,10,"within_two","Laboratory","childs mother",1,1,1,"b.naturalistic","test_only","a.native","reported_d","a.infant_controlled",-0.36,0.10162,"b.yes",TRUE,FALSE,-8.91290849673203,1.24,0.062867538154397,0.250733998800316,7.59564322772022e-07,TRUE
"112",112,"MA","Cooper1997","Cooper et al. (1997)",42.7,"0-3 mo",20,-0.54,0.212520551029626,"english",0.2,1,"typical","a.yes",2,"a.cf","a.looking_time","a.tape recording","eye-tracking",NA,NA,10,"within_two","Laboratory","unfamiliar mother",1,0,1,"b.naturalistic","test_only","a.native","reported_d","a.infant_controlled",0.45,0.10253125,"a.no",TRUE,FALSE,-8.57957516339869,-0.54,0.212520551029626,0.460999513047059,0.24145095672717,FALSE
"113",113,"MA","Cooper1997","Cooper et al. (1997)",126,"3-6 mo",23,0.635103430589402,0.129473691748666,"english",0.47826087,1,"typical","a.yes",3,"a.cf","a.looking_time","a.tape recording","eye-tracking",NA,NA,10,"within_two","Laboratory","childs mother",1,1,1,"b.naturalistic","test_only","a.native","reported_d","a.infant_controlled",0.34,0.08821304348,"b.yes",TRUE,FALSE,-1.63790849673203,0.635103430589402,0.129473691748666,0.359824529109212,0.0775576300789547,FALSE
"114",114,"MA","Fernald1985","Fernald (1985)",123,"3-6 mo",48,0.584624158806781,0.0724071453104198,"english",0.4375,1,"typical","a.yes",1,"d.cht","b.target_selection","a.tape recording","behavior",NA,NA,15,"within_two","Laboratory","unfamiliar mother",1,0,1,"b.naturalistic","conditioning","a.native","reported_d","a.infant_controlled",0.65,0.0438671875,"a.no",TRUE,FALSE,-1.88790849673203,0.584624158806781,0.0724071453104198,0.26908575828241,0.0298080731380854,TRUE
"115",115,"MA","Fernald1987","Fernald & Kuhl (1987)",124,"3-6 mo",20,0.674079035822965,0.36384,"english",0.45,1,"typical","a.yes",1,"d.cht","b.target_selection","a.tape recording","behavior",NA,NA,15,"within_two","Laboratory","unfamiliar mother",1,0,1,"d.synthesized","conditioning","a.native","reported_d","a.infant_controlled",1.54,0.129645,"a.no",TRUE,FALSE,-1.80457516339869,0.674079035822965,0.36384,0.603191511876618,0.263771728955217,FALSE
"116",116,"MA","Fernald1987","Fernald & Kuhl (1987)",122,"3-6 mo",20,0.318379951980141,0.133369654909736,"english",0.5,1,"typical","a.yes",2,"d.cht","b.target_selection","a.tape recording","behavior",NA,NA,15,"within_two","Laboratory","unfamiliar mother",1,0,1,"d.synthesized","conditioning","a.native","reported_d","a.infant_controlled",0,0.1,"a.no",TRUE,FALSE,-1.97124183006536,0.318379951980141,0.133369654909736,0.365198103650246,0.383317128232901,FALSE
"117",117,"MA","Fernald1987","Fernald & Kuhl (1987)",125,"3-6 mo",20,1.12166673732002,0.20196,"english",0.5,1,"typical","a.yes",3,"d.cht","b.target_selection","a.tape recording","behavior",NA,NA,15,"within_two","Laboratory","unfamiliar mother",1,0,1,"d.synthesized","conditioning","a.native","reported_d","a.infant_controlled",0.8,0.108,"a.no",TRUE,FALSE,-1.72124183006536,1.12166673732002,0.20196,0.449399599465776,0.0125629915447554,TRUE
"118",118,"MA","Glenn1983","Glenn & Cunningham (1983)",377,"9-12 mo",10,0.171613577747355,0.0909160022804955,"english",0.5,1,"non-typical","a.yes",2,"c.fc","b.target_selection","a.tape recording","behavior",NA,NA,NA,"within_two","Home","childs mother",1,0,1,"b.naturalistic","conditioning","a.native","reported_d","a.infant_controlled",2.56,0.36384,"b.yes",TRUE,FALSE,19.2787581699346,0.171613577747355,0.0909160022804955,0.301522805572805,0.569250133958975,FALSE
"119",119,"MA","Glenn1983","Glenn & Cunningham (1983)",283,"6-9 mo",10,0.175314893633813,0.086240537718754,"english",0.5,1,"typical","a.yes",1,"c.fc","b.target_selection","a.tape recording","behavior",NA,NA,NA,"within_two","Home","childs mother",1,0,1,"b.naturalistic","conditioning","a.native","reported_d","a.infant_controlled",2.39,0.3428025,"b.yes",TRUE,FALSE,11.4454248366013,0.175314893633813,0.086240537718754,0.293667393012493,0.550517702241234,FALSE
"120",120,"MA","Kaplan1995a","Kaplan et al. (1995a)",124,"3-6 mo",38.5,0.268025809996838,0.12790399644898,"english",NA,1,"typical","a.yes",1,"a.cf","a.looking_time","a.tape recording","eye-tracking",NA,NA,10,"between","Laboratory","unfamiliar mother; unfamiliar female",1,0,1,"a.simulated","test_only","a.native","reported_d","a.infant_controlled",0.76,0.05361,"a.no",TRUE,FALSE,-1.80457516339869,0.268025809996838,0.12790399644898,0.35763668219155,0.453594450443972,FALSE
"121",121,"MA","Kaplan1995a","Kaplan et al. (1995a)",126,"3-6 mo",26,0.356915215665458,0.21296,"english",NA,1,"typical","a.yes",2,"a.cf","a.looking_time","a.tape recording","eye-tracking",NA,NA,NA,"within_two","Laboratory","unfamiliar mother; unfamiliar female",0,0,1,"a.simulated","test_only","a.native","reported_d","a.infant_controlled",0.82,0.08338846154,"a.no",TRUE,FALSE,-1.63790849673203,0.356915215665458,0.21296,0.461475893194867,0.439273177439591,FALSE
"122",122,"MA","Kaplan1995b","Kaplan et al. (1995b)",124,"3-6 mo",15,0.0208359102247266,0.1685416667,"english",0.6,1,"typical","b.no",1,"a.cf","a.looking_time","a.tape recording","eye-tracking",NA,NA,NA,"between","Laboratory","unfamiliar mother",1,0,1,"a.simulated","familiarization","a.native","classic_cohen_d","b.fixed_length",0.44,0.13656,"a.no",TRUE,FALSE,-1.80457516339869,0.0208359102247266,0.1685416667,0.410538264599051,0.959522611618359,FALSE
"123",123,"MA","Kaplan1995b","Kaplan et al. (1995b)",124,"3-6 mo",15,0.537298205539068,0.182259497598568,"english",0.6,1,"typical","b.no",1,"a.cf","a.looking_time","a.tape recording","eye-tracking",NA,NA,NA,"between","Laboratory","unfamiliar mother",1,0,1,"a.simulated","familiarization","a.native","classic_cohen_d","b.fixed_length",0.88,0.14624,"a.no",TRUE,FALSE,-1.80457516339869,0.537298205539068,0.182259497598568,0.42691860769773,0.208193092784639,FALSE
"124",124,"MA","Kaplan1995b","Kaplan et al. (1995b)",121,"3-6 mo",20,0.292919081326069,0.0462297157466845,"english",0.55,1,"typical","b.no",2,"a.cf","a.looking_time","a.tape recording","eye-tracking",NA,NA,NA,"between","Laboratory","unfamiliar female",0,0,1,"a.simulated","familiarization","a.native","classic_cohen_d","b.fixed_length",0.14,0.100245,"a.no",TRUE,FALSE,-2.05457516339869,0.292919081326069,0.0462297157466845,0.215010966573067,0.173089082138861,FALSE
"125",125,"MA","Kaplan1995b","Kaplan et al. (1995b)",121,"3-6 mo",20,-0.0244912959051086,0.0669826749168875,"english",0.55,1,"typical","b.no",2,"a.cf","a.looking_time","a.tape recording","eye-tracking",NA,NA,NA,"between","Laboratory","unfamiliar female",0,0,1,"a.simulated","familiarization","a.native","classic_cohen_d","b.fixed_length",0.36,0.10162,"a.no",TRUE,FALSE,-2.05457516339869,-0.0244912959051086,0.0669826749168875,0.258810113629447,0.924608429087241,FALSE
"126",126,"MA","Pegg1989","Pegg et al. (1989)",49,"0-3 mo",24,0.417789260831291,0.154237496659638,"english",NA,0,"typical","a.yes",1,"a.cf","a.looking_time","a.tape recording","eye-tracking",NA,NA,NA,"within_two","Laboratory","unfamiliar female",0,0,1,"a.simulated","habituation","a.native","reported_d","a.infant_controlled",0.56,0.0866,"a.no",TRUE,FALSE,-8.05457516339869,0.417789260831291,0.154237496659638,0.392730819594844,0.287416755887437,FALSE
"127",127,"MA","Pegg1989","Pegg et al. (1989)",49,"0-3 mo",24,-0.3,0.111718867131891,"english",NA,0,"typical","a.yes",1,"a.cf","a.looking_time","a.tape recording","eye-tracking",NA,NA,NA,"within_two","Laboratory","unfamiliar male",0,0,0,"a.simulated","habituation","a.native","reported_d","a.infant_controlled",1.15,0.097109375,"a.no",TRUE,FALSE,-8.05457516339869,-0.3,0.111718867131891,0.334243724147352,0.369426231034465,FALSE
"128",128,"MA","Pegg1992","Pegg et al. (1992)",49,"0-3 mo",24,0.247010922646159,0.154698926842427,"english",NA,0,"typical","a.yes",1,"a.cf","a.looking_time","a.tape recording","eye-tracking",NA,NA,NA,"within_two","Laboratory","unfamiliar female",0,0,1,"a.simulated","habituation","a.native","reported_d","a.infant_controlled",0.46,0.0855375,"a.no",TRUE,FALSE,-8.05457516339869,0.247010922646159,0.154698926842427,0.393317844551232,0.529991754467277,FALSE
"129",129,"MA","Pegg1992","Pegg et al. (1992)",49,"0-3 mo",24,1.17,0.1667,"english",NA,0,"typical","a.yes",2,"a.cf","a.looking_time","a.tape recording","eye-tracking",NA,NA,NA,"within_two","Laboratory","unfamiliar male",1,0,0,"a.simulated","habituation","a.native","reported_d","a.infant_controlled",1.15,0.097109375,"a.no",TRUE,FALSE,-8.05457516339869,1.17,0.1667,0.408289113251872,0.00416198164905657,TRUE
"130",130,"MA","Schachner2011","Schachner & Hannon (2011)",158.2,"3-6 mo",20,0.72,0.155458683032409,"english",0.5,1,"typical","b.no",1,"c.fc","b.target_selection","b.video recording","behavior",NA,NA,NA,"within_two","Laboratory","unfamiliar females",0,0,1,"a.simulated","familiarization","a.native","reported_d","b.fixed_length",0.31,0.10120125,"a.no",TRUE,FALSE,1.04542483660131,0.72,0.155458683032409,0.394282491409914,0.0678349166411816,FALSE
"131",131,"MA","Schachner2011","Schachner & Hannon (2011)",158.2,"3-6 mo",20,0.40166117452452,0.102528659642647,"english",0.5,1,"typical","b.no",1,"c.fc","b.target_selection","b.video recording","behavior",NA,NA,NA,"within_two","Laboratory","unfamiliar females",0,0,1,"a.simulated","familiarization","a.native","reported_d","b.fixed_length",1.26,0.119845,"a.no",TRUE,FALSE,1.04542483660131,0.40166117452452,0.102528659642647,0.320200967585432,0.209695426336524,FALSE
"132",132,"MA","Singh2002","Singh et al. (2002)",179,"3-6 mo",12,0.181447624447364,0.1672,"english",0.388888889,1,"typical","a.yes",2,"b.hpp","a.looking_time","a.tape recording","behavior",NA,NA,NA,"within_two","Laboratory","unfamiliar mother",1,0,1,"a.simulated","familiarization","a.native","reported_d","a.infant_controlled",-0.16,0.1672,"a.no",TRUE,FALSE,2.77875816993464,0.181447624447364,0.1672,0.408900966005217,0.657227195112186,FALSE
"133",133,"MA","Singh2002","Singh et al. (2002)",179,"3-6 mo",12,0.45,0.2133225,"english",0.388888889,1,"typical","a.yes",2,"b.hpp","a.looking_time","a.tape recording","behavior",NA,NA,NA,"within_two","Laboratory","unfamiliar mother",1,0,1,"a.simulated","familiarization","a.native","reported_d","a.infant_controlled",-0.3,0.1685416667,"a.no",TRUE,FALSE,2.77875816993464,0.45,0.2133225,0.461868487775471,0.329905957819938,FALSE
"134",134,"MA","Singh2002","Singh et al. (2002)",179,"3-6 mo",12,0.566876383705669,0.0717029938565164,"english",0.388888889,1,"typical","a.yes",2,"b.hpp","a.looking_time","a.tape recording","behavior",NA,NA,NA,"within_two","Laboratory","unfamiliar mother",1,0,1,"a.simulated","familiarization","a.native","reported_d","a.infant_controlled",-0.54,0.1727416667,"a.no",TRUE,FALSE,2.77875816993464,0.566876383705669,0.0717029938565164,0.267774147102584,0.0342603186858501,TRUE
"135",135,"MA","Singh2002","Singh et al. (2002)",189,"3-6 mo",24,-0.104817540119644,0.172059952981313,"english",0.541666667,1,"typical","a.yes",2,"b.hpp","a.looking_time","a.tape recording","behavior",NA,NA,NA,"within_two","Laboratory","unfamiliar mother",1,0,1,"a.simulated","familiarization","a.native","reported_d","a.infant_controlled",0.24,0.08393333333,"a.no",TRUE,FALSE,3.61209150326797,-0.104817540119644,0.172059952981313,0.414801100506391,0.800505074462487,FALSE
"136",136,"MA","Singh2002","Singh et al. (2002)",187,"3-6 mo",14,0.242257466660463,0.3428025,"english",0.428571429,1,"typical","b.no",3,"b.hpp","a.looking_time","a.tape recording","behavior",NA,NA,NA,"between","Laboratory","unfamiliar mother",1,0,1,"a.simulated","familiarization","a.native","classic_cohen_d","a.infant_controlled",0.5,0.1473214286,"a.no",TRUE,FALSE,3.44542483660131,0.242257466660463,0.3428025,0.585493381687616,0.679045220979102,FALSE
"137",137,"MA","Singh2002","Singh et al. (2002)",187,"3-6 mo",14,-0.0546947943251293,0.2070225,"english",0.428571429,1,"typical","b.no",3,"b.hpp","a.looking_time","a.tape recording","behavior",NA,NA,NA,"between","Laboratory","unfamiliar mother",1,0,1,"a.simulated","familiarization","a.native","classic_cohen_d","a.infant_controlled",0.61,0.1495017857,"a.no",TRUE,FALSE,3.44542483660131,-0.0546947943251293,0.2070225,0.454997252738959,0.904317537025791,FALSE
"138",138,"MA","Singh2009","Singh et al. (2009)",224,"6-9 mo",16,1.28884901923145,0.105472465696011,"english",0.375,1,"typical","b.no",1,"b.hpp","a.looking_time","a.tape recording","behavior",NA,NA,8,"between","Laboratory","unfamiliar mother",1,0,1,"a.simulated","familiarization","a.native","classic_cohen_d","a.infant_controlled",0.29,0.1263140625,"a.no",TRUE,FALSE,6.52875816993464,1.28884901923145,0.105472465696011,0.324765247057026,7.23095131962559e-05,TRUE
"139",139,"MA","Singh2009","Singh et al. (2009)",224,"6-9 mo",16,0.596796991310606,0.136257836265952,"english",0.375,1,"typical","b.no",1,"b.hpp","a.looking_time","a.tape recording","behavior",NA,NA,8,"between","Laboratory","unfamiliar mother",1,0,1,"a.simulated","familiarization","a.native","classic_cohen_d","a.infant_controlled",0.29,0.1263140625,"a.no",TRUE,FALSE,6.52875816993464,0.596796991310606,0.136257836265952,0.369131191131218,0.105929835471672,FALSE
"140",140,"MA","Trainor1996","Trainor et al. (1996)",179,"3-6 mo",60,0.449769687075273,0.1056797818317,"english",NA,0,"typical","a.yes",1,"b.hpp","a.looking_time","a.tape recording","behavior",NA,NA,NA,"within_two","Laboratory","unfamiliar mother",1,0,1,"b.naturalistic","test_only","a.native","reported_d","a.infant_controlled",2.27,0.05480375,"a.no",TRUE,FALSE,2.77875816993464,0.449769687075273,0.1056797818317,0.325084268816103,0.166496902790556,FALSE
"141",141,"MA","Trainor1996","Trainor et al. (1996)",179,"3-6 mo",60,0.631845595069478,0.183152015458017,"english",NA,0,"typical","a.yes",2,"b.hpp","a.looking_time","a.tape recording","behavior",NA,NA,NA,"within_two","Laboratory","unfamiliar mother",1,0,1,"b.naturalistic","test_only","a.native","reported_d","a.infant_controlled",1.94,0.049015,"a.no",TRUE,FALSE,2.77875816993464,0.631845595069478,0.183152015458017,0.4279626332497,0.139835562646633,FALSE
"142",142,"MA","Werker1989","Werker & McLeod (1989)",154,"3-6 mo",12,-0.209185165573892,0.05361,"english",NA,0,"typical","a.yes",1,"a.cf","a.looking_time","b.video recording","eye-tracking",NA,NA,4,"within_two","Laboratory","unfamiliar female",0,0,NA,"a.simulated","test_only","a.native","reported_d","b.fixed_length",3.15,0.3733854167,"a.no",TRUE,FALSE,0.695424836601308,-0.209185165573892,0.05361,0.231538333759229,0.366282856496585,FALSE
"143",143,"MA","Werker1989","Werker & McLeod (1989)",134,"3-6 mo",16,1.26,0.1331,"english",NA,0,"typical","a.yes",2,"a.cf","a.looking_time","b.video recording","eye-tracking",NA,NA,4,"within_two","Laboratory living room like setting","unfamiliar female",0,0,NA,"a.simulated","test_only","a.native","reported_d","b.fixed_length",0.66,0.13180625,"a.no",TRUE,FALSE,-0.97124183006536,1.26,0.1331,0.364828726939094,0.000553002554128046,TRUE
"144",144,"MA","Werker1989","Werker & McLeod (1989)",134,"3-6 mo",16,-0.38417163420159,0.153978887577904,"english",NA,0,"typical","a.yes",2,"a.cf","c.facial_expression","b.video recording","other",NA,NA,4,"within_two","Laboratory living room like setting","unfamiliar female",0,0,NA,"a.simulated","test_only","a.native","reported_d","b.fixed_length",0.54,0.12955625,"a.no",TRUE,FALSE,-0.97124183006536,-0.38417163420159,0.153978887577904,0.392401436768399,0.327566597651696,FALSE
"145",145,"MA","Werker1989","Werker & McLeod (1989)",253,"6-9 mo",16,0.512735957221624,0.154479293084954,"english",NA,0,"typical","a.yes",3,"a.cf","a.looking_time","b.video recording","eye-tracking",NA,NA,4,"within_two","Laboratory living room like setting","unfamiliar female",0,0,NA,"a.simulated","test_only","a.native","reported_d","b.fixed_length",1.27,0.1502015625,"a.no",TRUE,FALSE,8.94542483660131,0.512735957221624,0.154479293084954,0.393038538930922,0.192048263426168,FALSE
"146",146,"MA","Werker1989","Werker & McLeod (1989)",253,"6-9 mo",16,0.24,0.13180625,"english",NA,0,"typical","a.yes",3,"a.cf","c.facial_expression","b.video recording","other",NA,NA,4,"within_two","Laboratory living room like setting","unfamiliar female",0,0,NA,"a.simulated","test_only","a.native","reported_d","b.fixed_length",1.17,0.1463890625,"a.no",TRUE,FALSE,8.94542483660131,0.24,0.13180625,0.363051304914333,0.50857153210833,FALSE
"147",147,"MA","Werker1989","Werker & McLeod (1989)",139,"3-6 mo",16,0.8,0.138841825478395,"english",NA,0,"typical","a.yes",4,"a.cf","c.facial_expression","a.tape recording","other",NA,NA,4,"within_two","Laboratory","unfamiliar female",0,0,1,"a.simulated","test_only","a.native","reported_d","b.fixed_length",1.15,0.1456640625,"a.no",TRUE,FALSE,-0.554575163398692,0.8,0.138841825478395,0.372614848708952,0.0317941533820423,TRUE
"148",148,"MA","Werker1994","Werker et al. (1994)",131.6,"3-6 mo",10,2.56,0.126122466169132,"english",NA,0,"typical","a.yes",1,"a.cf","a.looking_time","b.video recording","eye-tracking",NA,NA,4,"within_two","Laboratory living room like setting","unfamiliar mother",1,0,1,"b.naturalistic","test_only","a.native","reported_d","b.fixed_length",0.62,0.20961,"a.no",TRUE,FALSE,-1.17124183006536,2.56,0.126122466169132,0.355137249762866,5.6576965334898e-13,TRUE
"149",149,"MA","Werker1994","Werker et al. (1994)",131.6,"3-6 mo",10,0.535085294055628,0.08821304348,"english",NA,0,"typical","a.yes",1,"a.cf","c.facial_expression","b.video recording","other",NA,NA,4,"within_two","Laboratory living room like setting","unfamiliar mother",1,0,1,"b.naturalistic","test_only","a.native","reported_d","b.fixed_length",0.72,0.21296,"a.no",TRUE,FALSE,-1.17124183006536,0.535085294055628,0.08821304348,0.297006807127379,0.0716095114469772,FALSE
"150",150,"MA","Werker1994","Werker et al. (1994)",284.8,"6-9 mo",10,0.418891604066135,0.1463890625,"english",NA,0,"typical","a.yes",2,"a.cf","a.looking_time","b.video recording","eye-tracking",NA,NA,4,"within_two","Laboratory living room like setting","unfamiliar mother",1,0,1,"b.naturalistic","test_only","a.native","reported_d","b.fixed_length",0.73,0.2133225,"a.no",TRUE,FALSE,11.5954248366013,0.418891604066135,0.1463890625,0.382608236320129,0.273590400713634,FALSE
"151",151,"MA","Werker1994","Werker et al. (1994)",284.8,"6-9 mo",10,0.53,0.111476189667016,"english",NA,0,"typical","a.yes",2,"a.cf","c.facial_expression","b.video recording","other",NA,NA,4,"within_two","Laboratory living room like setting","unfamiliar mother",1,0,1,"b.naturalistic","test_only","a.native","reported_d","b.fixed_length",0.53,0.2070225,"a.no",TRUE,FALSE,11.5954248366013,0.53,0.111476189667016,0.33388050207674,0.11242337344824,FALSE
"152",152,"MA","Werker1994","Werker et al. (1994)",131.6,"3-6 mo",10,0.254357452121474,0.0737758764448926,"cantonese",NA,0,"typical","a.yes",3,"a.cf","a.looking_time","b.video recording","eye-tracking",NA,NA,4,"within_two","Laboratory living room like setting","unfamiliar mother",1,0,1,"b.naturalistic","test_only","a.native","reported_d","b.fixed_length",0.24,0.20144,"a.no",TRUE,FALSE,-1.17124183006536,0.254357452121474,0.0737758764448926,0.271617150498441,0.349038566960144,FALSE
"153",153,"MA","Werker1994","Werker et al. (1994)",131.6,"3-6 mo",10,0.707687813364778,0.0770231745523155,"cantonese",NA,0,"typical","a.yes",3,"a.cf","c.facial_expression","b.video recording","other",NA,NA,4,"within_two","Laboratory living room like setting","unfamiliar mother",1,0,1,"b.naturalistic","test_only","a.native","reported_d","b.fixed_length",0.74,0.21369,"a.no",TRUE,FALSE,-1.17124183006536,0.707687813364778,0.0770231745523155,0.277530493013498,0.0107739557837343,TRUE
"154",154,"MA","Werker1994","Werker et al. (1994)",284.8,"6-9 mo",10,0.24,0.181831814172162,"cantonese",NA,0,"typical","a.yes",4,"a.cf","a.looking_time","b.video recording","eye-tracking",NA,NA,4,"within_two","Laboratory living room like setting","unfamiliar mother",1,0,1,"b.naturalistic","test_only","a.native","reported_d","b.fixed_length",0.4,0.204,"a.no",TRUE,FALSE,11.5954248366013,0.24,0.181831814172162,0.426417417763583,0.573551472747826,FALSE
"155",155,"MA","Werker1994","Werker et al. (1994)",284.8,"6-9 mo",10,0.660348879615367,0.3733854167,"cantonese",NA,0,"typical","a.yes",4,"a.cf","c.facial_expression","b.video recording","other",NA,NA,4,"within_two","Laboratory living room like setting","unfamiliar mother",1,0,1,"b.naturalistic","test_only","a.native","reported_d","b.fixed_length",1.23,0.2378225,"a.no",TRUE,FALSE,11.5954248366013,0.660348879615367,0.3733854167,0.611052711883353,0.279842078760079,FALSE
